night,target,session,file,mjd_obs,ut_obs,weather,n_detected,solved,convention,n_matched,x_real,y_real,sep_pix,target_detected
2026-08-06,TRES-1,session_01,TRES-1260806073422.fits,61258.316,2026-08-06T07:34:22.622-0000,0,4,no,,0,,,,no
2026-08-06,TRES-1,session_01,TRES-1260806073617.fits,61258.317,2026-08-06T07:36:17.324-0000,0,2,no,,0,,,,no
2026-08-06,TRES-1,session_01,TRES-1260806073917.fits,61258.319,2026-08-06T07:39:17.185-0000,0,0,no,,0,,,,no
2026-08-06,TRES-1,session_01,TRES-1260806074222.fits,61258.321,2026-08-06T07:42:22.170-0000,0,2,no,,0,,,,no
2026-08-06,TRES-1,session_01,TRES-1260806074515.fits,61258.323,2026-08-06T07:45:15.981-0000,0,2,no,,0,,,,no
2026-08-06,TRES-1,session_01,TRES-1260806074834.fits,61258.325,2026-08-06T07:48:34.961-0000,0,1,no,,0,,,,no
2026-08-06,TRES-1,session_01,TRES-1260806075116.fits,61258.327,2026-08-06T07:51:16.069-0000,0,4,no,,0,,,,no
2026-08-06,TRES-1,session_01,TRES-1260806075417.fits,61258.329,2026-08-06T07:54:17.795-0000,0,1,no,,0,,,,no
2026-08-06,TRES-1,session_01,TRES-1260806075727.fits,61258.332,2026-08-06T07:57:27.502-0000,0,1,no,,0,,,,no
2026-08-06,TRES-1,session_01,TRES-1260806080016.fits,61258.334,2026-08-06T08:00:16.336-0000,0,0,no,,0,,,,no
2026-08-06,TRES-1,session_01,TRES-1260806080337.fits,61258.336,2026-08-06T08:03:37.595-0000,0,3,no,,0,,,,no
2026-08-06,TRES-1,session_01,TRES-1260806080615.fits,61258.338,2026-08-06T08:06:15.223-0000,0,0,no,,0,,,,no
2026-08-06,TRES-1,session_01,TRES-1260806080916.fits,61258.34,2026-08-06T08:09:16.570-0000,0,3,no,,0,,,,no
2026-08-06,TRES-1,session_01,TRES-1260806081236.fits,61258.342,2026-08-06T08:12:36.832-0000,0,0,no,,0,,,,no
2026-08-06,TRES-1,session_01,TRES-1260806081516.fits,61258.344,2026-08-06T08:15:16.827-0000,0,4,no,,0,,,,no
2026-08-06,TRES-1,session_01,TRES-1260806081815.fits,61258.346,2026-08-06T08:18:15.822-0000,0,2,no,,0,,,,no
2026-08-06,TRES-1,session_01,TRES-1260806082127.fits,61258.348,2026-08-06T08:21:27.062-0000,0,2,no,,0,,,,no
2026-08-06,TRES-1,session_01,TRES-1260806082415.fits,61258.35,2026-08-06T08:24:15.942-0000,0,1,no,,0,,,,no
2026-08-06,TRES-1,session_01,TRES-1260806082715.fits,61258.352,2026-08-06T08:27:15.425-0000,0,3,no,,0,,,,no
2026-08-06,TRES-1,session_01,TRES-1260806083024.fits,61258.354,2026-08-06T08:30:24.327-0000,0,3,no,,0,,,,no
2026-08-06,TRES-1,session_01,TRES-1260806083316.fits,61258.356,2026-08-06T08:33:16.725-0000,0,1,no,,0,,,,no
2026-08-06,TRES-1,session_01,TRES-1260806083633.fits,61258.359,2026-08-06T08:36:33.587-0000,0,1,no,,0,,,,no
2026-08-06,TRES-1,session_01,TRES-1260806083915.fits,61258.361,2026-08-06T08:39:15.453-0000,0,3,no,,0,,,,no
2026-08-06,TRES-1,session_01,TRES-1260806084216.fits,61258.363,2026-08-06T08:42:16.054-0000,0,1,no,,0,,,,no
2026-08-06,TRES-1,session_01,TRES-1260806084527.fits,61258.365,2026-08-06T08:45:27.961-0000,0,0,no,,0,,,,no
2026-08-06,TRES-1,session_01,TRES-1260806084815.fits,61258.367,2026-08-06T08:48:15.583-0000,0,0,no,,0,,,,no
2026-08-06,TRES-1,session_01,TRES-1260806085115.fits,61258.369,2026-08-06T08:51:15.452-0000,0,2,no,,0,,,,no
2026-08-06,TRES-1,session_01,TRES-1260806085422.fits,61258.371,2026-08-06T08:54:23.015-0000,0,0,no,,0,,,,no
2026-08-06,TRES-1,session_01,TRES-1260806085715.fits,61258.373,2026-08-06T08:57:15.213-0000,0,5,no,,0,,,,no
2026-08-06,TRES-1,session_01,TRES-1260806090033.fits,61258.375,2026-08-06T09:00:33.239-0000,0,2,no,,0,,,,no
2026-08-06,TRES-1,session_01,TRES-1260806090316.fits,61258.377,2026-08-06T09:03:16.845-0000,0,2,no,,0,,,,no
2026-08-06,TRES-1,session_01,TRES-1260806090615.fits,61258.379,2026-08-06T09:06:15.398-0000,0,0,no,,0,,,,no
2026-08-06,TRES-1,session_01,TRES-1260806090928.fits,61258.382,2026-08-06T09:09:28.304-0000,0,0,no,,0,,,,no
2026-08-06,TRES-1,session_01,TRES-1260806091215.fits,61258.384,2026-08-06T09:12:15.556-0000,0,3,no,,0,,,,no
2026-08-06,TRES-1,session_01,TRES-1260806091516.fits,61258.386,2026-08-06T09:15:16.378-0000,0,5,no,,0,,,,no
2026-08-06,TRES-1,session_01,TRES-1260806091823.fits,61258.388,2026-08-06T09:18:23.719-0000,0,2,no,,0,,,,no
2026-08-06,TRES-1,session_01,TRES-1260806092116.fits,61258.39,2026-08-06T09:21:16.018-0000,0,0,no,,0,,,,no
2026-08-06,TRES-1,session_01,TRES-1260806092434.fits,61258.392,2026-08-06T09:24:34.395-0000,0,2,no,,0,,,,no
2026-08-06,TRES-1,session_01,TRES-1260806092716.fits,61258.394,2026-08-06T09:27:16.247-0000,0,3,no,,0,,,,no
2026-08-06,TRES-1,session_01,TRES-1260806093016.fits,61258.396,2026-08-06T09:30:16.226-0000,0,2,no,,0,,,,no
2026-08-06,TRES-1,session_01,TRES-1260806093333.fits,61258.398,2026-08-06T09:33:33.026-0000,0,2,no,,0,,,,no
2026-08-06,TRES-1,session_01,TRES-1260806093615.fits,61258.4,2026-08-06T09:36:15.675-0000,0,3,no,,0,,,,no
2026-08-06,TRES-1,session_01,TRES-1260806093915.fits,61258.402,2026-08-06T09:39:15.399-0000,0,2,no,,0,,,,no
2026-08-06,TRES-1,session_01,TRES-1260806094228.fits,61258.404,2026-08-06T09:42:28.181-0000,0,0,no,,0,,,,no
2026-08-06,TRES-1,session_01,TRES-1260806094515.fits,61258.406,2026-08-06T09:45:15.419-0000,0,2,no,,0,,,,no
2026-08-06,TRES-1,session_01,TRES-1260806094815.fits,61258.409,2026-08-06T09:48:15.483-0000,0,1,no,,0,,,,no
2026-08-06,TRES-1,session_01,TRES-1260806095128.fits,61258.411,2026-08-06T09:51:28.405-0000,0,0,no,,0,,,,no
2026-08-06,TRES-1,session_01,TRES-1260806095415.fits,61258.413,2026-08-06T09:54:15.168-0000,0,2,no,,0,,,,no
2026-08-06,TRES-1,session_01,TRES-1260806095736.fits,61258.415,2026-08-06T09:57:36.652-0000,0,1,no,,0,,,,no
2026-08-06,TRES-1,session_01,TRES-1260806100015.fits,61258.417,2026-08-06T10:00:15.373-0000,0,1,no,,0,,,,no
2026-08-06,TRES-1,session_01,TRES-1260806100315.fits,61258.419,2026-08-06T10:03:15.617-0000,0,0,no,,0,,,,no
2026-08-06,TRES-1,session_01,TRES-1260806100634.fits,61258.421,2026-08-06T10:06:34.613-0000,0,2,no,,0,,,,no
2026-08-06,TRES-1,session_01,TRES-1260806100915.fits,61258.423,2026-08-06T10:09:15.755-0000,0,0,no,,0,,,,no
2026-08-06,TRES-1,session_01,TRES-1260806101215.fits,61258.425,2026-08-06T10:12:15.995-0000,0,0,no,,0,,,,no
2026-08-06,TRES-1,session_01,TRES-1260806101528.fits,61258.427,2026-08-06T10:15:28.198-0000,0,1,no,,0,,,,no
2026-08-06,TRES-1,session_01,TRES-1260806101815.fits,61258.429,2026-08-06T10:18:15.952-0000,0,2,no,,0,,,,no
2026-08-06,TRES-1,session_01,TRES-1260806102115.fits,61258.431,2026-08-06T10:21:15.812-0000,0,1,no,,0,,,,no
2026-08-06,TRES-1,session_01,TRES-1260806102425.fits,61258.434,2026-08-06T10:24:25.998-0000,0,0,no,,0,,,,no
2026-08-06,TRES-1,session_01,TRES-1260806102715.fits,61258.436,2026-08-06T10:27:15.668-0000,0,2,no,,0,,,,no
2026-08-06,TRES-1,session_01,TRES-1260806103315.fits,61258.44,2026-08-06T10:33:15.855-0000,0,0,no,,0,,,,no
2026-08-06,TRES-1,session_01,TRES-1260806103616.fits,61258.442,2026-08-06T10:36:16.687-0000,0,0,no,,0,,,,no
2026-08-06,TRES-1,session_01,TRES-1260806103933.fits,61258.444,2026-08-06T10:39:33.565-0000,0,0,no,,0,,,,no
2026-08-06,TRES-1,session_01,TRES-1260806104216.fits,61258.446,2026-08-06T10:42:16.271-0000,0,1,no,,0,,,,no
2026-08-06,TRES-1,session_01,TRES-1260806104516.fits,61258.448,2026-08-06T10:45:16.498-0000,0,0,no,,0,,,,no
2026-08-06,TRES-1,session_01,TRES-1260806104830.fits,61258.45,2026-08-06T10:48:30.339-0000,0,0,no,,0,,,,no
2026-08-06,TRES-1,session_01,TRES-1260806105116.fits,61258.452,2026-08-06T10:51:16.765-0000,0,1,no,,0,,,,no
2026-08-06,TRES-1,session_01,TRES-1260806105416.fits,61258.454,2026-08-06T10:54:16.686-0000,0,1,no,,0,,,,no
2026-08-06,TRES-1,session_01,TRES-1260806105727.fits,61258.457,2026-08-06T10:57:27.619-0000,0,1,no,,0,,,,no
2026-08-06,TRES-1,session_01,TRES-1260806110016.fits,61258.459,2026-08-06T11:00:16.270-0000,0,1,no,,0,,,,no
2026-08-06,TRES-1,session_01,TRES-1260806110315.fits,61258.461,2026-08-06T11:03:15.383-0000,0,3,no,,0,,,,no
2026-08-06,TRES-1,session_01,TRES-1260806110626.fits,61258.463,2026-08-06T11:06:26.707-0000,0,2,no,,0,,,,no
2026-08-06,TRES-1,session_01,TRES-1260806110916.fits,61258.465,2026-08-06T11:09:16.311-0000,0,1,no,,0,,,,no
2026-08-06,TRES-1,session_01,TRES-1260806111236.fits,61258.467,2026-08-06T11:12:36.405-0000,0,1,no,,0,,,,no
2026-08-06,TRES-1,session_01,TRES-1260806111515.fits,61258.469,2026-08-06T11:15:15.950-0000,0,2,no,,0,,,,no
2026-08-06,TRES-1,session_01,TRES-1260806111816.fits,61258.471,2026-08-06T11:18:16.895-0000,0,0,no,,0,,,,no
2026-08-06,TRES-1,session_01,TRES-1260806112133.fits,61258.473,2026-08-06T11:21:33.977-0000,0,0,no,,0,,,,no
2026-08-06,TRES-1,session_01,TRES-1260806112416.fits,61258.475,2026-08-06T11:24:16.699-0000,0,0,no,,0,,,,no
2026-08-06,TRES-1,session_01,TRES-1260806112717.fits,61258.477,2026-08-06T11:27:17.655-0000,0,0,no,,0,,,,no
2026-08-06,TRES-1,session_01,TRES-1260806113030.fits,61258.48,2026-08-06T11:30:30.680-0000,0,1,no,,0,,,,no
2026-08-06,TRES-1,session_01,TRES-1260806113317.fits,61258.481,2026-08-06T11:33:17.222-0000,0,3,no,,0,,,,no
2026-08-06,TRES-1,session_01,TRES-1260806113615.fits,61258.484,2026-08-06T11:36:15.978-0000,0,0,no,,0,,,,no
2026-08-06,TRES-1,session_01,TRES-1260806113928.fits,61258.486,2026-08-06T11:39:28.538-0000,0,0,no,,0,,,,no
2026-08-06,TRES-1,session_01,TRES-1260806114215.fits,61258.488,2026-08-06T11:42:15.487-0000,0,0,no,,0,,,,no
2026-08-06,TRES-1,session_01,TRES-1260806114517.fits,61258.49,2026-08-06T11:45:17.511-0000,0,0,no,,0,,,,no
2026-08-06,TRES-1,session_01,TRES-1260806115238.fits,61258.495,2026-08-06T11:52:38.452-0000,0,0,no,,0,,,,no
2026-08-06,TRES-1,session_01,TRES-1260806120015.fits,61258.5,2026-08-06T12:00:15.690-0000,0,0,no,,0,,,,no
2026-08-06,TRES-1,session_01,TRES-1260806120750.fits,61258.505,2026-08-06T12:07:50.844-0000,0,0,no,,0,,,,no
2026-08-06,TRES-1,session_01,TRES-1260806121528.fits,61258.511,2026-08-06T12:15:28.065-0000,0,0,no,,0,,,,no
2026-08-06,TRES-1,session_01,TRES-1260806122303.fits,61258.516,2026-08-06T12:23:03.212-0000,0,0,no,,0,,,,no
2026-08-06,TRES-1,session_01,TRES-1260806123040.fits,61258.521,2026-08-06T12:30:40.120-0000,0,0,no,,0,,,,no
2026-08-06,TRES-1,session_01,TRES-1260806123815.fits,61258.527,2026-08-06T12:38:15.923-0000,0,0,no,,0,,,,no
2026-08-08,WASP-10,session_01,WASP-10260808054017.fits,61260.236,2026-08-08T05:40:17.063-0000,15,5,no,,0,,,,no
2026-08-08,WASP-10,session_01,WASP-10260808054215.fits,61260.238,2026-08-08T05:42:15.507-0000,15,8,no,,0,,,,no
2026-08-08,WASP-10,session_01,WASP-10260808054517.fits,61260.24,2026-08-08T05:45:17.004-0000,15,4,no,,0,,,,no
2026-08-08,WASP-10,session_01,WASP-10260808054815.fits,61260.242,2026-08-08T05:48:15.493-0000,15,8,no,,0,,,,no
2026-08-08,WASP-10,session_01,WASP-10260808055116.fits,61260.244,2026-08-08T05:51:16.114-0000,15,5,no,,0,,,,no
2026-08-08,WASP-10,session_01,WASP-10260808055415.fits,61260.246,2026-08-08T05:54:15.517-0000,15,9,no,,0,,,,no
2026-08-08,WASP-10,session_01,WASP-10260808055715.fits,61260.248,2026-08-08T05:57:15.940-0000,15,6,no,,0,,,,no
2026-08-08,WASP-10,session_01,WASP-10260808060016.fits,61260.25,2026-08-08T06:00:16.790-0000,15,5,no,,0,,,,no
2026-08-08,WASP-10,session_01,WASP-10260808060316.fits,61260.252,2026-08-08T06:03:16.216-0000,0,5,no,,0,,,,no
2026-08-08,WASP-10,session_01,WASP-10260808060616.fits,61260.254,2026-08-08T06:06:16.851-0000,0,3,no,,0,,,,no
2026-08-08,WASP-10,session_01,WASP-10260808060915.fits,61260.256,2026-08-08T06:09:15.347-0000,0,5,no,,0,,,,no
2026-08-08,WASP-10,session_01,WASP-10260808061216.fits,61260.259,2026-08-08T06:12:16.808-0000,0,7,no,,0,,,,no
2026-08-08,WASP-10,session_01,WASP-10260808061516.fits,61260.261,2026-08-08T06:15:16.397-0000,0,1,no,,0,,,,no
2026-08-08,WASP-10,session_01,WASP-10260808061816.fits,61260.263,2026-08-08T06:18:16.800-0000,0,5,no,,0,,,,no
2026-08-08,WASP-10,session_01,WASP-10260808062115.fits,61260.265,2026-08-08T06:21:15.331-0000,0,4,no,,0,,,,no
2026-08-08,WASP-10,session_01,WASP-10260808062415.fits,61260.267,2026-08-08T06:24:15.851-0000,0,3,no,,0,,,,no
2026-08-08,WASP-10,session_01,WASP-10260808062715.fits,61260.269,2026-08-08T06:27:15.341-0000,0,5,no,,0,,,,no
2026-08-08,WASP-10,session_01,WASP-10260808063015.fits,61260.271,2026-08-08T06:30:15.833-0000,0,4,no,,0,,,,no
2026-08-08,WASP-10,session_01,WASP-10260808063315.fits,61260.273,2026-08-08T06:33:15.370-0000,0,6,no,,0,,,,no
2026-08-08,WASP-10,session_01,WASP-10260808063615.fits,61260.275,2026-08-08T06:36:15.881-0000,0,6,no,,0,,,,no
2026-08-08,WASP-10,session_01,WASP-10260808063915.fits,61260.277,2026-08-08T06:39:15.360-0000,0,1,no,,0,,,,no
2026-08-08,WASP-10,session_01,WASP-10260808064216.fits,61260.279,2026-08-08T06:42:16.052-0000,0,4,no,,0,,,,no
2026-08-08,WASP-10,session_01,WASP-10260808064516.fits,61260.281,2026-08-08T06:45:16.580-0000,0,4,no,,0,,,,no
2026-08-08,WASP-10,session_01,WASP-10260808064816.fits,61260.284,2026-08-08T06:48:16.217-0000,0,2,no,,0,,,,no
2026-08-08,WASP-10,session_01,WASP-10260808065115.fits,61260.286,2026-08-08T06:51:15.697-0000,0,10,no,,0,,,,no
2026-08-08,WASP-10,session_01,WASP-10260808065415.fits,61260.288,2026-08-08T06:54:15.181-0000,0,2,no,,0,,,,no
2026-08-08,WASP-10,session_01,WASP-10260808065715.fits,61260.29,2026-08-08T06:57:15.702-0000,0,4,no,,0,,,,no
2026-08-08,WASP-10,session_01,WASP-10260808070016.fits,61260.292,2026-08-08T07:00:16.184-0000,0,3,no,,0,,,,no
2026-08-08,WASP-10,session_01,WASP-10260808070315.fits,61260.294,2026-08-08T07:03:15.689-0000,7,8,no,,0,,,,no
2026-08-08,WASP-10,session_01,WASP-10260808070615.fits,61260.296,2026-08-08T07:06:15.449-0000,7,12,no,,0,,,,no
2026-08-08,WASP-10,session_01,WASP-10260808070915.fits,61260.298,2026-08-08T07:09:15.940-0000,7,9,no,,0,,,,no
2026-08-08,WASP-10,session_01,WASP-10260808071216.fits,61260.3,2026-08-08T07:12:16.599-0000,7,12,no,,0,,,,no
2026-08-08,WASP-10,session_01,WASP-10260808071516.fits,61260.302,2026-08-08T07:15:16.115-0000,7,4,no,,0,,,,no
2026-08-08,WASP-10,session_01,WASP-10260808071815.fits,61260.304,2026-08-08T07:18:15.520-0000,7,9,no,,0,,,,no
2026-08-08,WASP-10,session_01,WASP-10260808072116.fits,61260.306,2026-08-08T07:21:16.023-0000,7,5,no,,0,,,,no
2026-08-08,WASP-10,session_01,WASP-10260808072416.fits,61260.309,2026-08-08T07:24:16.446-0000,7,5,no,,0,,,,no
2026-08-08,WASP-10,session_01,WASP-10260808072715.fits,61260.311,2026-08-08T07:27:15.204-0000,7,7,no,,0,,,,no
2026-08-08,WASP-10,session_01,WASP-10260808073016.fits,61260.313,2026-08-08T07:30:16.635-0000,7,9,no,,0,,,,no
2026-08-08,WASP-10,session_01,WASP-10260808073317.fits,61260.315,2026-08-08T07:33:17.124-0000,4,6,no,,0,,,,no
2026-08-08,WASP-10,session_01,WASP-10260808073615.fits,61260.317,2026-08-08T07:36:15.676-0000,4,6,no,,0,,,,no
2026-08-08,WASP-10,session_01,WASP-10260808073915.fits,61260.319,2026-08-08T07:39:15.184-0000,4,4,no,,0,,,,no
2026-08-08,WASP-10,session_01,WASP-10260808074215.fits,61260.321,2026-08-08T07:42:15.772-0000,4,3,no,,0,,,,no
2026-08-08,WASP-10,session_01,WASP-10260808074516.fits,61260.323,2026-08-08T07:45:16.411-0000,4,4,no,,0,,,,no
2026-08-08,WASP-10,session_01,WASP-10260808074815.fits,61260.325,2026-08-08T07:48:15.928-0000,4,8,no,,0,,,,no
2026-08-08,WASP-10,session_01,WASP-10260808075115.fits,61260.327,2026-08-08T07:51:15.682-0000,4,4,no,,0,,,,no
2026-08-08,WASP-10,session_01,WASP-10260808075416.fits,61260.329,2026-08-08T07:54:16.203-0000,4,8,no,,0,,,,no
2026-08-08,WASP-10,session_01,WASP-10260808075716.fits,61260.331,2026-08-08T07:57:16.935-0000,4,5,no,,0,,,,no
2026-08-08,WASP-10,session_01,WASP-10260808080015.fits,61260.334,2026-08-08T08:00:15.381-0000,4,4,no,,0,,,,no
2026-08-08,WASP-10,session_01,WASP-10260808080315.fits,61260.336,2026-08-08T08:03:15.962-0000,9,3,no,,0,,,,no
2026-08-08,WASP-10,session_01,WASP-10260808080616.fits,61260.338,2026-08-08T08:06:16.501-0000,9,38,no,,0,,,,no
2026-08-08,WASP-10,session_01,WASP-10260808080916.fits,61260.34,2026-08-08T08:09:16.943-0000,9,31,no,,0,,,,no
2026-08-08,WASP-10,session_01,WASP-10260808081215.fits,61260.342,2026-08-08T08:12:15.693-0000,9,45,no,,0,,,,no
2026-08-08,WASP-10,session_01,WASP-10260808081516.fits,61260.344,2026-08-08T08:15:16.352-0000,9,45,no,,0,,,,no
2026-08-08,WASP-10,session_01,WASP-10260808081816.fits,61260.346,2026-08-08T08:18:16.084-0000,9,3,no,,0,,,,no
2026-08-08,WASP-10,session_01,WASP-10260808082115.fits,61260.348,2026-08-08T08:21:15.625-0000,9,2,no,,0,,,,no
2026-08-08,WASP-10,session_01,WASP-10260808082415.fits,61260.35,2026-08-08T08:24:15.257-0000,9,22,no,,0,,,,no
2026-08-08,WASP-10,session_01,WASP-10260808082715.fits,61260.352,2026-08-08T08:27:15.719-0000,9,45,no,,0,,,,no
2026-08-08,WASP-10,session_01,WASP-10260808083015.fits,61260.354,2026-08-08T08:30:15.355-0000,9,45,no,,0,,,,no
2026-08-08,WASP-10,session_01,WASP-10260808083316.fits,61260.356,2026-08-08T08:33:16.974-0000,45,45,no,,0,,,,no
2026-08-08,WASP-10,session_01,WASP-10260808083615.fits,61260.359,2026-08-08T08:36:15.459-0000,45,45,no,,0,,,,no
2026-08-08,WASP-10,session_01,WASP-10260808083916.fits,61260.361,2026-08-08T08:39:16.791-0000,45,45,no,,0,,,,no
2026-08-08,WASP-10,session_01,WASP-10260808084215.fits,61260.363,2026-08-08T08:42:15.334-0000,45,45,no,,0,,,,no
2026-08-08,WASP-10,session_01,WASP-10260808084516.fits,61260.365,2026-08-08T08:45:16.822-0000,45,45,no,,0,,,,no
2026-08-08,WASP-10,session_01,WASP-10260808084815.fits,61260.367,2026-08-08T08:48:15.324-0000,45,45,no,,0,,,,no
2026-08-08,WASP-10,session_01,WASP-10260808085115.fits,61260.369,2026-08-08T08:51:15.743-0000,45,45,no,,0,,,,no
2026-08-08,WASP-10,session_01,WASP-10260808085415.fits,61260.371,2026-08-08T08:54:15.225-0000,45,45,no,,0,,,,no
2026-08-08,WASP-10,session_01,WASP-10260808085715.fits,61260.373,2026-08-08T08:57:15.698-0000,45,45,no,,0,,,,no
2026-08-08,WASP-10,session_01,WASP-10260808090016.fits,61260.375,2026-08-08T09:00:16.391-0000,45,45,no,,0,,,,no
2026-08-08,WASP-10,session_01,WASP-10260808090316.fits,61260.377,2026-08-08T09:03:16.912-0000,68,45,no,,0,,,,no
2026-08-08,WASP-10,session_01,WASP-10260808090615.fits,61260.379,2026-08-08T09:06:15.484-0000,68,45,no,,0,,,,no
2026-08-08,WASP-10,session_01,WASP-10260808090917.fits,61260.381,2026-08-08T09:09:17.016-0000,68,45,yes,flip-x_flip-y,5,202.51,495.25,,no
2026-08-08,WASP-10,session_01,WASP-10260808091215.fits,61260.384,2026-08-08T09:12:15.580-0000,68,45,no,,0,,,,no
2026-08-08,WASP-10,session_01,WASP-10260808091516.fits,61260.386,2026-08-08T09:15:16.154-0000,68,45,no,,0,,,,no
2026-08-08,WASP-10,session_01,WASP-10260808091816.fits,61260.388,2026-08-08T09:18:16.810-0000,68,45,no,,0,,,,no
2026-08-08,WASP-10,session_01,WASP-10260808092116.fits,61260.39,2026-08-08T09:21:16.302-0000,68,45,no,,0,,,,no
2026-08-08,WASP-10,session_01,WASP-10260808092415.fits,61260.392,2026-08-08T09:24:15.830-0000,68,45,yes,flip-x_flip-y,5,201.31,493.84,,no
2026-08-08,WASP-10,session_01,WASP-10260808092716.fits,61260.394,2026-08-08T09:27:16.572-0000,68,45,yes,flip-x_flip-y,5,198.65,493.58,,no
2026-08-08,WASP-10,session_01,WASP-10260808093016.fits,61260.396,2026-08-08T09:30:16.115-0000,68,45,no,,0,,,,no
2026-08-08,WASP-10,session_01,WASP-10260808093315.fits,61260.398,2026-08-08T09:33:15.896-0000,34,45,yes,flip-x_flip-y,5,199.73,491.95,,no
2026-08-08,WASP-10,session_01,WASP-10260808093615.fits,61260.4,2026-08-08T09:36:15.339-0000,34,6,no,,0,,,,no
2026-08-08,WASP-10,session_01,WASP-10260808093916.fits,61260.402,2026-08-08T09:39:16.106-0000,34,25,no,,0,,,,no
2026-08-08,WASP-10,session_01,WASP-10260808094215.fits,61260.404,2026-08-08T09:42:15.590-0000,34,45,yes,flip-x_flip-y,5,205.67,490.3,,no
2026-08-08,WASP-10,session_01,WASP-10260808094517.fits,61260.406,2026-08-08T09:45:17.091-0000,34,45,yes,flip-x_flip-y,5,206.23,488.38,,no
2026-08-08,WASP-10,session_01,WASP-10260808094816.fits,61260.409,2026-08-08T09:48:16.637-0000,34,45,yes,flip-x_flip-y,5,203.77,493.93,,no
2026-08-08,WASP-10,session_01,WASP-10260808095117.fits,61260.411,2026-08-08T09:51:17.160-0000,34,5,no,,0,,,,no
2026-08-08,WASP-10,session_01,WASP-10260808095415.fits,61260.413,2026-08-08T09:54:15.573-0000,34,3,no,,0,,,,no
2026-08-09,CoRoT-2,session_01,CoRoT-2260809051853.fits,61261.221,2026-08-09T05:18:53.898-0000,100,45,no,,0,,,,no
2026-08-09,CoRoT-2,session_01,CoRoT-2260809052256.fits,61261.224,2026-08-09T05:22:56.649-0000,100,45,no,,0,,,,no
2026-08-09,CoRoT-2,session_01,CoRoT-2260809052658.fits,61261.227,2026-08-09T05:26:58.583-0000,100,45,no,,0,,,,no
2026-08-09,CoRoT-2,session_01,CoRoT-2260809052844.fits,61261.228,2026-08-09T05:28:44.793-0000,100,45,no,,0,,,,no
2026-08-09,CoRoT-2,session_01,CoRoT-2260809053031.fits,61261.23,2026-08-09T05:30:31.115-0000,100,45,no,,0,,,,no
2026-08-09,CoRoT-2,session_01,CoRoT-2260809053315.fits,61261.231,2026-08-09T05:33:15.944-0000,100,45,no,,0,,,,no
2026-08-09,CoRoT-2,session_01,CoRoT-2260809053616.fits,61261.234,2026-08-09T05:36:16.472-0000,100,45,no,,0,,,,no
2026-08-09,CoRoT-2,session_01,CoRoT-2260809053915.fits,61261.236,2026-08-09T05:39:15.174-0000,100,45,no,,0,,,,no
2026-08-09,CoRoT-2,session_01,CoRoT-2260809054215.fits,61261.238,2026-08-09T05:42:15.728-0000,100,45,no,,0,,,,no
2026-08-09,CoRoT-2,session_01,CoRoT-2260809054516.fits,61261.24,2026-08-09T05:45:16.056-0000,100,45,no,,0,,,,no
2026-08-09,CoRoT-2,session_01,CoRoT-2260809054815.fits,61261.242,2026-08-09T05:48:15.794-0000,100,45,no,,0,,,,no
2026-08-09,CoRoT-2,session_01,CoRoT-2260809055115.fits,61261.244,2026-08-09T05:51:15.404-0000,100,45,yes,flip-x_flip-y,5,16.46,144.91,,no
2026-08-09,CoRoT-2,session_01,CoRoT-2260809055417.fits,61261.246,2026-08-09T05:54:17.035-0000,100,45,no,,0,,,,no
2026-08-09,CoRoT-2,session_01,CoRoT-2260809055716.fits,61261.248,2026-08-09T05:57:16.611-0000,100,45,no,,0,,,,no
2026-08-09,CoRoT-2,session_01,CoRoT-2260809060015.fits,61261.25,2026-08-09T06:00:15.288-0000,100,45,no,,0,,,,no
2026-08-09,CoRoT-2,session_01,CoRoT-2260809060316.fits,61261.252,2026-08-09T06:03:16.965-0000,100,45,no,,0,,,,no
2026-08-09,CoRoT-2,session_01,CoRoT-2260809060615.fits,61261.254,2026-08-09T06:06:15.478-0000,100,45,no,,0,,,,no
2026-08-09,CoRoT-2,session_01,CoRoT-2260809060916.fits,61261.256,2026-08-09T06:09:16.052-0000,100,45,no,,0,,,,no
2026-08-09,CoRoT-2,session_01,CoRoT-2260809061215.fits,61261.259,2026-08-09T06:12:15.646-0000,100,45,no,,0,,,,no
2026-08-09,CoRoT-2,session_01,CoRoT-2260809061515.fits,61261.261,2026-08-09T06:15:15.175-0000,100,45,no,,0,,,,no
2026-08-09,CoRoT-2,session_01,CoRoT-2260809061815.fits,61261.263,2026-08-09T06:18:15.828-0000,100,45,no,,0,,,,no
2026-08-09,CoRoT-2,session_01,CoRoT-2260809062115.fits,61261.265,2026-08-09T06:21:15.416-0000,100,45,no,,0,,,,no
2026-08-09,CoRoT-2,session_01,CoRoT-2260809062415.fits,61261.267,2026-08-09T06:24:15.222-0000,100,45,no,,0,,,,no
2026-08-09,CoRoT-2,session_01,CoRoT-2260809062715.fits,61261.269,2026-08-09T06:27:15.847-0000,100,45,no,,0,,,,no
2026-08-09,CoRoT-2,session_01,CoRoT-2260809063016.fits,61261.271,2026-08-09T06:30:16.413-0000,100,45,no,,0,,,,no
2026-08-09,CoRoT-2,session_01,CoRoT-2260809063316.fits,61261.273,2026-08-09T06:33:16.067-0000,100,45,no,,0,,,,no
2026-08-09,CoRoT-2,session_01,CoRoT-2260809063615.fits,61261.275,2026-08-09T06:36:15.647-0000,100,45,no,,0,,,,no
2026-08-09,CoRoT-2,session_01,CoRoT-2260809063915.fits,61261.277,2026-08-09T06:39:15.309-0000,100,45,no,,0,,,,no
2026-08-09,CoRoT-2,session_01,CoRoT-2260809064216.fits,61261.279,2026-08-09T06:42:16.827-0000,100,45,no,,0,,,,no
2026-08-09,CoRoT-2,session_01,CoRoT-2260809064515.fits,61261.281,2026-08-09T06:45:15.449-0000,100,45,no,,0,,,,no
2026-08-09,CoRoT-2,session_01,CoRoT-2260809064815.fits,61261.284,2026-08-09T06:48:15.947-0000,100,45,no,,0,,,,no
2026-08-09,CoRoT-2,session_01,CoRoT-2260809065116.fits,61261.286,2026-08-09T06:51:16.668-0000,100,45,no,,0,,,,no
2026-08-09,CoRoT-2,session_01,CoRoT-2260809065416.fits,61261.288,2026-08-09T06:54:16.435-0000,100,45,no,,0,,,,no
2026-08-09,CoRoT-2,session_01,CoRoT-2260809065716.fits,61261.29,2026-08-09T06:57:16.086-0000,100,45,no,,0,,,,no
2026-08-09,CoRoT-2,session_01,CoRoT-2260809070015.fits,61261.292,2026-08-09T07:00:15.500-0000,100,45,no,,0,,,,no
2026-08-09,CoRoT-2,session_01,CoRoT-2260809070315.fits,61261.294,2026-08-09T07:03:15.907-0000,100,45,no,,0,,,,no
2026-08-09,CoRoT-2,session_01,CoRoT-2260809070616.fits,61261.296,2026-08-09T07:06:16.481-0000,100,45,no,,0,,,,no
2026-08-09,CoRoT-2,session_01,CoRoT-2260809070916.fits,61261.298,2026-08-09T07:09:16.062-0000,100,45,no,,0,,,,no
2026-08-09,CoRoT-2,session_01,CoRoT-2260809071215.fits,61261.3,2026-08-09T07:12:15.723-0000,100,45,no,,0,,,,no
2026-08-09,CoRoT-2,session_01,CoRoT-2260809071516.fits,61261.302,2026-08-09T07:15:16.340-0000,100,45,no,,0,,,,no
2026-08-09,CoRoT-2,session_01,CoRoT-2260809071816.fits,61261.304,2026-08-09T07:18:17.017-0000,100,45,no,,0,,,,no
2026-08-09,CoRoT-2,session_01,CoRoT-2260809072115.fits,61261.306,2026-08-09T07:21:15.544-0000,100,45,no,,0,,,,no
2026-08-09,CoRoT-2,session_01,CoRoT-2260809072417.fits,61261.309,2026-08-09T07:24:17.105-0000,100,45,no,,0,,,,no
2026-08-09,CoRoT-2,session_01,CoRoT-2260809072715.fits,61261.311,2026-08-09T07:27:15.858-0000,100,45,no,,0,,,,no
2026-08-09,CoRoT-2,session_01,CoRoT-2260809073016.fits,61261.313,2026-08-09T07:30:16.412-0000,100,45,no,,0,,,,no
2026-08-09,CoRoT-2,session_01,CoRoT-2260809073316.fits,61261.315,2026-08-09T07:33:16.870-0000,100,45,no,,0,,,,no
2026-08-09,CoRoT-2,session_01,CoRoT-2260809073616.fits,61261.317,2026-08-09T07:36:16.378-0000,100,45,no,,0,,,,no
2026-08-09,CoRoT-2,session_01,CoRoT-2260809073916.fits,61261.319,2026-08-09T07:39:16.063-0000,100,45,no,,0,,,,no
2026-08-09,CoRoT-2,session_01,CoRoT-2260809074215.fits,61261.321,2026-08-09T07:42:15.677-0000,100,45,no,,0,,,,no
2026-08-09,CoRoT-2,session_01,CoRoT-2260809074515.fits,61261.323,2026-08-09T07:45:15.398-0000,100,45,no,,0,,,,no
2026-08-09,CoRoT-2,session_01,CoRoT-2260809074817.fits,61261.325,2026-08-09T07:48:17.139-0000,100,45,no,,0,,,,no
2026-08-09,CoRoT-2,session_01,CoRoT-2260809075115.fits,61261.327,2026-08-09T07:51:15.728-0000,100,45,no,,0,,,,no
2026-08-09,CoRoT-2,session_01,CoRoT-2260809075415.fits,61261.329,2026-08-09T07:54:15.413-0000,100,45,no,,0,,,,no
2026-08-09,CoRoT-2,session_01,CoRoT-2260809075716.fits,61261.331,2026-08-09T07:57:16.997-0000,100,45,no,,0,,,,no
2026-08-09,CoRoT-2,session_01,CoRoT-2260809080015.fits,61261.334,2026-08-09T08:00:15.527-0000,100,45,no,,0,,,,no
2026-08-09,CoRoT-2,session_01,CoRoT-2260809080316.fits,61261.336,2026-08-09T08:03:16.131-0000,100,45,no,,0,,,,no
2026-08-09,CoRoT-2,session_01,CoRoT-2260809080616.fits,61261.338,2026-08-09T08:06:16.686-0000,100,45,no,,0,,,,no
2026-08-09,CoRoT-2,session_01,CoRoT-2260809080916.fits,61261.34,2026-08-09T08:09:16.262-0000,100,45,no,,0,,,,no
2026-08-09,CoRoT-2,session_01,CoRoT-2260809081215.fits,61261.342,2026-08-09T08:12:15.775-0000,100,45,no,,0,,,,no
2026-08-09,CoRoT-2,session_01,CoRoT-2260809081515.fits,61261.344,2026-08-09T08:15:15.203-0000,100,45,no,,0,,,,no
2026-08-09,CoRoT-2,session_01,CoRoT-2260809081815.fits,61261.346,2026-08-09T08:18:15.809-0000,100,45,no,,0,,,,no
2026-08-09,CoRoT-2,session_01,CoRoT-2260809082115.fits,61261.348,2026-08-09T08:21:15.345-0000,100,45,no,,0,,,,no
2026-08-09,CoRoT-2,session_01,CoRoT-2260809082416.fits,61261.35,2026-08-09T08:24:16.967-0000,100,45,no,,0,,,,no
2026-08-09,CoRoT-2,session_01,CoRoT-2260809082715.fits,61261.352,2026-08-09T08:27:15.473-0000,100,45,no,,0,,,,no
2026-08-09,CoRoT-2,session_01,CoRoT-2260809083016.fits,61261.354,2026-08-09T08:30:16.104-0000,100,45,no,,0,,,,no
2026-08-09,CoRoT-2,session_01,CoRoT-2260809083315.fits,61261.356,2026-08-09T08:33:15.670-0000,100,45,no,,0,,,,no
2026-08-09,CoRoT-2,session_01,CoRoT-2260809083617.fits,61261.359,2026-08-09T08:36:17.181-0000,100,45,no,,0,,,,no
2026-08-09,CoRoT-2,session_01,CoRoT-2260809083916.fits,61261.361,2026-08-09T08:39:16.732-0000,100,45,no,,0,,,,no
2026-08-09,CoRoT-2,session_01,CoRoT-2260809084216.fits,61261.363,2026-08-09T08:42:16.571-0000,100,45,no,,0,,,,no
2026-08-09,CoRoT-2,session_01,CoRoT-2260809084516.fits,61261.365,2026-08-09T08:45:16.175-0000,100,45,no,,0,,,,no
2026-08-09,CoRoT-2,session_01,CoRoT-2260809084815.fits,61261.367,2026-08-09T08:48:15.706-0000,100,45,no,,0,,,,no
2026-08-09,CoRoT-2,session_01,CoRoT-2260809085116.fits,61261.369,2026-08-09T08:51:16.434-0000,100,45,no,,0,,,,no
2026-08-09,CoRoT-2,session_01,CoRoT-2260809085417.fits,61261.371,2026-08-09T08:54:17.087-0000,100,45,no,,0,,,,no
2026-08-09,CoRoT-2,session_01,CoRoT-2260809085715.fits,61261.373,2026-08-09T08:57:15.534-0000,100,45,no,,0,,,,no
2026-08-09,CoRoT-2,session_01,CoRoT-2260809090016.fits,61261.375,2026-08-09T09:00:16.098-0000,100,45,no,,0,,,,no
2026-08-09,CoRoT-2,session_01,CoRoT-2260809090315.fits,61261.377,2026-08-09T09:03:15.600-0000,100,45,no,,0,,,,no
2026-08-09,CoRoT-2,session_01,CoRoT-2260809090615.fits,61261.379,2026-08-09T09:06:15.219-0000,100,45,no,,0,,,,no
2026-08-09,CoRoT-2,session_01,CoRoT-2260809090915.fits,61261.381,2026-08-09T09:09:15.827-0000,100,45,no,,0,,,,no
2026-08-09,CoRoT-2,session_01,CoRoT-2260809091216.fits,61261.384,2026-08-09T09:12:16.358-0000,100,45,no,,0,,,,no
2026-08-09,CoRoT-2,session_01,CoRoT-2260809091515.fits,61261.386,2026-08-09T09:15:15.871-0000,100,45,no,,0,,,,no
2026-08-09,CoRoT-2,session_01,CoRoT-2260809091815.fits,61261.388,2026-08-09T09:18:15.489-0000,100,45,no,,0,,,,no
2026-08-09,CoRoT-2,session_01,CoRoT-2260809092116.fits,61261.39,2026-08-09T09:21:16.196-0000,100,45,no,,0,,,,no
2026-08-09,CoRoT-2,session_01,CoRoT-2260809092415.fits,61261.392,2026-08-09T09:24:15.903-0000,100,45,no,,0,,,,no
2026-08-09,CoRoT-2,session_01,CoRoT-2260809092715.fits,61261.394,2026-08-09T09:27:15.451-0000,100,45,no,,0,,,,no
2026-08-09,CoRoT-2,session_01,CoRoT-2260809093016.fits,61261.396,2026-08-09T09:30:16.061-0000,100,45,no,,0,,,,no
2026-08-09,CoRoT-2,session_01,CoRoT-2260809093315.fits,61261.398,2026-08-09T09:33:15.674-0000,100,45,no,,0,,,,no
2026-08-09,CoRoT-2,session_01,CoRoT-2260809093615.fits,61261.4,2026-08-09T09:36:15.210-0000,100,45,no,,0,,,,no
2026-08-10,TRES-3,session_01,TRES-3260810060640.fits,61262.255,2026-08-10T06:06:40.229-0000,0,1,no,,0,,,,no
2026-08-10,TRES-3,session_01,TRES-3260810060916.fits,61262.256,2026-08-10T06:09:16.878-0000,0,3,no,,0,,,,no
2026-08-10,TRES-3,session_01,TRES-3260810061215.fits,61262.259,2026-08-10T06:12:15.648-0000,0,1,no,,0,,,,no
2026-08-10,TRES-3,session_01,TRES-3260810061516.fits,61262.261,2026-08-10T06:15:16.372-0000,0,1,no,,0,,,,no
2026-08-10,TRES-3,session_01,TRES-3260810061816.fits,61262.263,2026-08-10T06:18:16.907-0000,0,2,no,,0,,,,no
2026-08-10,TRES-3,session_01,TRES-3260810062117.fits,61262.265,2026-08-10T06:21:17.566-0000,0,1,no,,0,,,,no
2026-08-10,TRES-3,session_01,TRES-3260810062416.fits,61262.267,2026-08-10T06:24:16.086-0000,0,2,no,,0,,,,no
2026-08-10,TRES-3,session_01,TRES-3260810062715.fits,61262.269,2026-08-10T06:27:15.734-0000,0,4,no,,0,,,,no
2026-08-10,TRES-3,session_01,TRES-3260810063015.fits,61262.271,2026-08-10T06:30:15.532-0000,0,1,no,,0,,,,no
2026-08-10,TRES-3,session_01,TRES-3260810063316.fits,61262.273,2026-08-10T06:33:16.193-0000,14,2,no,,0,,,,no
2026-08-10,TRES-3,session_01,TRES-3260810063616.fits,61262.275,2026-08-10T06:36:16.737-0000,14,3,no,,0,,,,no
2026-08-10,TRES-3,session_01,TRES-3260810063915.fits,61262.277,2026-08-10T06:39:15.222-0000,14,1,no,,0,,,,no
2026-08-10,TRES-3,session_01,TRES-3260810064215.fits,61262.279,2026-08-10T06:42:15.845-0000,14,2,no,,0,,,,no
2026-08-10,TRES-3,session_01,TRES-3260810064516.fits,61262.281,2026-08-10T06:45:16.290-0000,14,1,no,,0,,,,no
2026-08-10,TRES-3,session_01,TRES-3260810064816.fits,61262.284,2026-08-10T06:48:16.755-0000,14,2,no,,0,,,,no
2026-08-10,TRES-3,session_01,TRES-3260810065115.fits,61262.286,2026-08-10T06:51:15.325-0000,14,2,no,,0,,,,no
2026-08-10,TRES-3,session_01,TRES-3260810065415.fits,61262.288,2026-08-10T06:54:15.693-0000,14,1,no,,0,,,,no
2026-08-10,TRES-3,session_01,TRES-3260810065717.fits,61262.29,2026-08-10T06:57:17.092-0000,14,3,no,,0,,,,no
2026-08-10,TRES-3,session_01,TRES-3260810070015.fits,61262.292,2026-08-10T07:00:15.899-0000,14,6,no,,0,,,,no
2026-08-10,TRES-3,session_01,TRES-3260810070316.fits,61262.294,2026-08-10T07:03:16.513-0000,35,10,no,,0,,,,no
2026-08-10,TRES-3,session_01,TRES-3260810070616.fits,61262.296,2026-08-10T07:06:16.012-0000,35,20,no,,0,,,,no
2026-08-10,TRES-3,session_01,TRES-3260810070915.fits,61262.298,2026-08-10T07:09:15.500-0000,35,21,no,,0,,,,no
2026-08-10,TRES-3,session_01,TRES-3260810071217.fits,61262.3,2026-08-10T07:12:17.114-0000,35,45,no,,0,,,,no
2026-08-10,TRES-3,session_01,TRES-3260810071516.fits,61262.302,2026-08-10T07:15:16.629-0000,35,45,no,,0,,,,no
2026-08-10,TRES-3,session_01,TRES-3260810071817.fits,61262.304,2026-08-10T07:18:17.143-0000,35,45,no,,0,,,,no
2026-08-10,TRES-3,session_01,TRES-3260810072115.fits,61262.306,2026-08-10T07:21:15.535-0000,35,45,no,,0,,,,no
2026-08-10,TRES-3,session_01,TRES-3260810072417.fits,61262.309,2026-08-10T07:24:17.094-0000,35,45,no,,0,,,,no
2026-08-10,TRES-3,session_01,TRES-3260810072715.fits,61262.311,2026-08-10T07:27:15.589-0000,35,45,no,,0,,,,no
2026-08-10,TRES-3,session_01,TRES-3260810073016.fits,61262.313,2026-08-10T07:30:16.164-0000,35,45,no,,0,,,,no
2026-08-10,TRES-3,session_01,TRES-3260810073315.fits,61262.315,2026-08-10T07:33:15.736-0000,65,45,no,,0,,,,no
2026-08-10,TRES-3,session_01,TRES-3260810073616.fits,61262.317,2026-08-10T07:36:16.322-0000,65,45,no,,0,,,,no
2026-08-10,TRES-3,session_01,TRES-3260810073915.fits,61262.319,2026-08-10T07:39:15.959-0000,65,45,no,,0,,,,no
2026-08-10,TRES-3,session_01,TRES-3260810074215.fits,61262.321,2026-08-10T07:42:15.553-0000,65,45,no,,0,,,,no
2026-08-10,TRES-3,session_01,TRES-3260810074516.fits,61262.323,2026-08-10T07:45:16.360-0000,65,45,no,,0,,,,no
2026-08-10,TRES-3,session_01,TRES-3260810074815.fits,61262.325,2026-08-10T07:48:15.974-0000,65,45,no,,0,,,,no
2026-08-10,TRES-3,session_01,TRES-3260810075116.fits,61262.327,2026-08-10T07:51:16.512-0000,65,45,no,,0,,,,no
2026-08-10,TRES-3,session_01,TRES-3260810075416.fits,61262.329,2026-08-10T07:54:16.228-0000,65,45,no,,0,,,,no
2026-08-10,TRES-3,session_01,TRES-3260810075716.fits,61262.331,2026-08-10T07:57:16.675-0000,65,45,no,,0,,,,no
2026-08-10,TRES-3,session_01,TRES-3260810080016.fits,61262.334,2026-08-10T08:00:16.242-0000,65,45,no,,0,,,,no
2026-08-10,TRES-3,session_01,TRES-3260810080315.fits,61262.336,2026-08-10T08:03:15.778-0000,85,45,no,,0,,,,no
2026-08-10,TRES-3,session_01,TRES-3260810080615.fits,61262.338,2026-08-10T08:06:15.385-0000,85,45,no,,0,,,,no
2026-08-10,TRES-3,session_01,TRES-3260810080915.fits,61262.34,2026-08-10T08:09:15.895-0000,85,45,no,,0,,,,no
2026-08-10,TRES-3,session_01,TRES-3260810081216.fits,61262.342,2026-08-10T08:12:16.996-0000,85,45,no,,0,,,,no
2026-08-10,TRES-3,session_01,TRES-3260810081515.fits,61262.344,2026-08-10T08:15:15.580-0000,85,45,no,,0,,,,no
2026-08-10,TRES-3,session_01,TRES-3260810081815.fits,61262.346,2026-08-10T08:18:15.985-0000,85,45,no,,0,,,,no
2026-08-10,TRES-3,session_01,TRES-3260810082115.fits,61262.348,2026-08-10T08:21:15.481-0000,85,45,yes,flip-y,11,302.23,191.62,,no
2026-08-10,TRES-3,session_01,TRES-3260810082417.fits,61262.35,2026-08-10T08:24:17.038-0000,85,45,yes,flip-y,11,304.61,188.73,,no
2026-08-10,TRES-3,session_01,TRES-3260810082715.fits,61262.352,2026-08-10T08:27:15.517-0000,85,45,yes,flip-y,15,304.92,190.94,,no
2026-08-10,TRES-3,session_01,TRES-3260810083015.fits,61262.354,2026-08-10T08:30:15.939-0000,85,45,yes,flip-y,9,304.54,190.18,,no
2026-08-10,TRES-3,session_01,TRES-3260810083315.fits,61262.356,2026-08-10T08:33:15.297-0000,95,45,yes,flip-y,13,304.3,192.24,,no
2026-08-10,TRES-3,session_01,TRES-3260810083615.fits,61262.359,2026-08-10T08:36:15.668-0000,95,45,yes,flip-y,14,307.16,186.86,,no
2026-08-10,TRES-3,session_01,TRES-3260810083916.fits,61262.361,2026-08-10T08:39:16.045-0000,95,45,yes,flip-y,13,309.96,189.94,,no
2026-08-10,TRES-3,session_01,TRES-3260810084215.fits,61262.363,2026-08-10T08:42:15.414-0000,95,45,yes,flip-y,13,314.63,194.16,,no
2026-08-10,TRES-3,session_01,TRES-3260810084516.fits,61262.365,2026-08-10T08:45:16.017-0000,95,45,yes,flip-y,14,315.11,194.06,,no
2026-08-10,TRES-3,session_01,TRES-3260810084816.fits,61262.367,2026-08-10T08:48:16.526-0000,95,45,yes,flip-y,11,317.6,191.63,,no
2026-08-10,TRES-3,session_01,TRES-3260810085117.fits,61262.369,2026-08-10T08:51:17.138-0000,95,45,yes,flip-y,14,318.48,195.45,,no
2026-08-10,TRES-3,session_01,TRES-3260810085416.fits,61262.371,2026-08-10T08:54:16.608-0000,95,45,yes,flip-y,14,320.28,194.16,,no
2026-08-10,TRES-3,session_01,TRES-3260810085717.fits,61262.373,2026-08-10T08:57:17.142-0000,95,45,yes,flip-y,12,320.38,192.67,,no
2026-08-10,TRES-3,session_01,TRES-3260810090015.fits,61262.375,2026-08-10T09:00:15.866-0000,95,45,yes,flip-y,15,321.67,197.39,,no
2026-08-10,TRES-3,session_01,TRES-3260810090708.fits,61262.38,2026-08-10T09:07:08.523-0000,100,45,yes,flip-y,13,336.49,221.8,,no
2026-08-10,TRES-3,session_01,TRES-3260810091249.fits,61262.384,2026-08-10T09:12:49.988-0000,100,34,yes,flip-y,11,345.17,225.83,,no
2026-08-10,TRES-3,session_01,TRES-3260810091436.fits,61262.385,2026-08-10T09:14:36.194-0000,100,45,yes,flip-y,16,353.44,199.18,,no
2026-08-10,TRES-3,session_01,TRES-3260810092014.fits,61262.389,2026-08-10T09:20:14.756-0000,100,45,yes,flip-y,13,352.76,226.55,,no
2026-08-10,TRES-3,session_01,TRES-3260810092552.fits,61262.393,2026-08-10T09:25:52.331-0000,100,45,yes,flip-y,15,357.72,223.21,,no
2026-08-10,TRES-3,session_01,TRES-3260810093318.fits,61262.398,2026-08-10T09:33:18.323-0000,100,45,yes,flip-y,16,358.25,219.36,,no
2026-08-10,TRES-3,session_01,TRES-3260810093856.fits,61262.402,2026-08-10T09:38:56.827-0000,100,45,yes,flip-y,17,363.74,223.75,,no
2026-08-10,TRES-3,session_01,TRES-3260810094042.fits,61262.403,2026-08-10T09:40:42.061-0000,100,45,yes,flip-y,17,367.87,201.49,,no
2026-08-10,TRES-3,session_01,TRES-3260810094809.fits,61262.408,2026-08-10T09:48:09.946-0000,100,45,yes,flip-y,16,367.34,222.48,,no
2026-08-10,TRES-3,session_01,TRES-3260810094956.fits,61262.41,2026-08-10T09:49:56.192-0000,100,45,yes,flip-y,17,371.38,205.97,,no
2026-08-10,TRES-3,session_01,TRES-3260810095534.fits,61262.414,2026-08-10T09:55:34.777-0000,100,45,yes,flip-y,18,376.61,225.81,,no
2026-08-11,WASP-2,session_01,WASP-2260811065433.fits,61263.288,2026-08-11T06:54:33.864-0000,82,45,no,,0,,,,no
2026-08-11,WASP-2,session_01,WASP-2260811065834.fits,61263.291,2026-08-11T06:58:34.954-0000,82,45,no,,0,,,,no
2026-08-11,WASP-2,session_01,WASP-2260811070235.fits,61263.293,2026-08-11T07:02:35.872-0000,73,45,no,,0,,,,no
2026-08-11,WASP-2,session_01,WASP-2260811070422.fits,61263.295,2026-08-11T07:04:22.182-0000,73,45,yes,flip-y,5,541.14,278.51,,no
2026-08-11,WASP-2,session_01,WASP-2260811070615.fits,61263.296,2026-08-11T07:06:15.458-0000,73,45,no,,0,,,,no
2026-08-11,WASP-2,session_01,WASP-2260811070915.fits,61263.298,2026-08-11T07:09:15.744-0000,73,45,no,,0,,,,no
2026-08-11,WASP-2,session_01,WASP-2260811071216.fits,61263.3,2026-08-11T07:12:16.011-0000,73,45,no,,0,,,,no
2026-08-11,WASP-2,session_01,WASP-2260811071516.fits,61263.302,2026-08-11T07:15:16.395-0000,73,45,yes,flip-y,5,542.07,281.5,,no
2026-08-11,WASP-2,session_01,WASP-2260811071817.fits,61263.304,2026-08-11T07:18:17.050-0000,73,45,no,,0,,,,no
2026-08-11,WASP-2,session_01,WASP-2260811072116.fits,61263.306,2026-08-11T07:21:16.118-0000,73,45,yes,flip-y,5,537.55,279.97,,no
2026-08-11,WASP-2,session_01,WASP-2260811072417.fits,61263.309,2026-08-11T07:24:17.102-0000,73,45,yes,flip-y,5,535.76,278.44,,no
2026-08-11,WASP-2,session_01,WASP-2260811072716.fits,61263.311,2026-08-11T07:27:16.168-0000,73,45,no,,0,,,,no
2026-08-11,WASP-2,session_01,WASP-2260811073015.fits,61263.313,2026-08-11T07:30:15.978-0000,73,45,yes,flip-y,5,535.91,276.35,,no
2026-08-11,WASP-2,session_01,WASP-2260811073315.fits,61263.315,2026-08-11T07:33:15.360-0000,86,45,yes,flip-y,5,536.44,277.04,,no
2026-08-11,WASP-2,session_01,WASP-2260811073615.fits,61263.317,2026-08-11T07:36:15.728-0000,86,45,yes,flip-y,5,535.76,276.39,,no
2026-08-11,WASP-2,session_01,WASP-2260811073917.fits,61263.319,2026-08-11T07:39:17.170-0000,86,45,yes,flip-y,5,538.27,274.95,,no
2026-08-11,WASP-2,session_01,WASP-2260811074216.fits,61263.321,2026-08-11T07:42:16.285-0000,86,45,no,,0,,,,no
2026-08-11,WASP-2,session_01,WASP-2260811074516.fits,61263.323,2026-08-11T07:45:16.926-0000,86,45,yes,flip-y,5,533.51,272.75,,no
2026-08-11,WASP-2,session_01,WASP-2260811074816.fits,61263.325,2026-08-11T07:48:16.412-0000,86,45,yes,flip-y,5,536.65,274.25,,no
2026-08-11,WASP-2,session_01,WASP-2260811075115.fits,61263.327,2026-08-11T07:51:15.598-0000,86,45,yes,flip-y,5,538.86,271.87,,no
2026-08-11,WASP-2,session_01,WASP-2260811075416.fits,61263.329,2026-08-11T07:54:16.401-0000,86,45,no,,0,,,,no
2026-08-11,WASP-2,session_01,WASP-2260811075716.fits,61263.331,2026-08-11T07:57:16.918-0000,86,45,yes,flip-y,5,532.68,273.95,,no
2026-08-11,WASP-2,session_01,WASP-2260811080016.fits,61263.334,2026-08-11T08:00:16.657-0000,86,45,no,,0,,,,no
2026-08-11,WASP-2,session_01,WASP-2260811080315.fits,61263.336,2026-08-11T08:03:15.535-0000,50,45,yes,flip-y,5,536.72,271.09,,no
2026-08-11,WASP-2,session_01,WASP-2260811080616.fits,61263.338,2026-08-11T08:06:16.543-0000,50,10,no,,0,,,,no
2026-08-11,WASP-2,session_01,WASP-2260811080915.fits,61263.34,2026-08-11T08:09:15.999-0000,50,1,no,,0,,,,no
2026-08-11,WASP-2,session_01,WASP-2260811081216.fits,61263.342,2026-08-11T08:12:16.522-0000,50,19,no,,0,,,,no
2026-08-11,WASP-2,session_01,WASP-2260811081516.fits,61263.344,2026-08-11T08:15:16.034-0000,50,5,no,,0,,,,no
2026-08-11,WASP-2,session_01,WASP-2260811081816.fits,61263.346,2026-08-11T08:18:16.564-0000,50,1,no,,0,,,,no
2026-08-11,WASP-2,session_01,WASP-2260811082117.fits,61263.348,2026-08-11T08:21:17.146-0000,50,2,no,,0,,,,no
2026-08-11,WASP-2,session_01,WASP-2260811082415.fits,61263.35,2026-08-11T08:24:15.869-0000,50,2,no,,0,,,,no
2026-08-11,WASP-2,session_01,WASP-2260811082716.fits,61263.352,2026-08-11T08:27:16.659-0000,50,0,no,,0,,,,no
2026-08-11,WASP-2,session_01,WASP-2260811083015.fits,61263.354,2026-08-11T08:30:15.925-0000,50,0,no,,0,,,,no
2026-08-11,WASP-2,session_01,WASP-2260811083315.fits,61263.356,2026-08-11T08:33:15.492-0000,17,1,no,,0,,,,no
2026-08-11,WASP-2,session_01,WASP-2260811083616.fits,61263.359,2026-08-11T08:36:16.851-0000,17,2,no,,0,,,,no
2026-08-11,WASP-2,session_01,WASP-2260811083917.fits,61263.361,2026-08-11T08:39:17.268-0000,17,2,no,,0,,,,no
2026-08-11,WASP-2,session_01,WASP-2260811084215.fits,61263.363,2026-08-11T08:42:15.739-0000,17,6,no,,0,,,,no
2026-08-11,WASP-2,session_01,WASP-2260811084515.fits,61263.365,2026-08-11T08:45:15.278-0000,17,3,no,,0,,,,no
2026-08-11,WASP-2,session_01,WASP-2260811084815.fits,61263.367,2026-08-11T08:48:15.366-0000,17,0,no,,0,,,,no
2026-08-11,WASP-2,session_01,WASP-2260811085115.fits,61263.369,2026-08-11T08:51:15.672-0000,17,0,no,,0,,,,no
2026-08-11,WASP-2,session_01,WASP-2260811085416.fits,61263.371,2026-08-11T08:54:16.076-0000,17,0,no,,0,,,,no
2026-08-11,WASP-2,session_01,WASP-2260811085716.fits,61263.373,2026-08-11T08:57:16.703-0000,17,0,no,,0,,,,no
2026-08-11,WASP-2,session_01,WASP-2260811090015.fits,61263.375,2026-08-11T09:00:15.518-0000,17,0,no,,0,,,,no
2026-08-11,WASP-2,session_01,WASP-2260811090317.fits,61263.377,2026-08-11T09:03:17.092-0000,17,0,no,,0,,,,no
2026-08-11,WASP-2,session_01,WASP-2260811090618.fits,61263.379,2026-08-11T09:06:18.609-0000,17,0,no,,0,,,,no
2026-08-11,WASP-2,session_01,WASP-2260811090916.fits,61263.381,2026-08-11T09:09:16.321-0000,17,0,no,,0,,,,no
2026-08-11,WASP-2,session_01,WASP-2260811091215.fits,61263.384,2026-08-11T09:12:15.887-0000,17,0,no,,0,,,,no
2026-08-11,WASP-2,session_01,WASP-2260811091516.fits,61263.386,2026-08-11T09:15:16.368-0000,17,0,no,,0,,,,no
2026-08-11,WASP-2,session_01,WASP-2260811091816.fits,61263.388,2026-08-11T09:18:16.023-0000,17,0,no,,0,,,,no
2026-08-11,WASP-2,session_01,WASP-2260811092117.fits,61263.39,2026-08-11T09:21:17.089-0000,17,0,no,,0,,,,no
2026-08-11,WASP-2,session_01,WASP-2260811092416.fits,61263.392,2026-08-11T09:24:16.730-0000,17,0,no,,0,,,,no
2026-08-11,WASP-2,session_01,WASP-2260811092716.fits,61263.394,2026-08-11T09:27:16.810-0000,17,0,no,,0,,,,no
2026-08-11,WASP-2,session_01,WASP-2260811093015.fits,61263.396,2026-08-11T09:30:15.755-0000,17,0,no,,0,,,,no
2026-08-11,WASP-2,session_01,WASP-2260811093315.fits,61263.398,2026-08-11T09:33:15.801-0000,4,0,no,,0,,,,no
2026-08-11,WASP-2,session_01,WASP-2260811093617.fits,61263.4,2026-08-11T09:36:17.555-0000,4,2,no,,0,,,,no
2026-08-11,WASP-2,session_01,WASP-2260811093916.fits,61263.402,2026-08-11T09:39:16.381-0000,4,0,no,,0,,,,no
2026-08-11,WASP-2,session_01,WASP-2260811094217.fits,61263.404,2026-08-11T09:42:17.138-0000,4,0,no,,0,,,,no
2026-08-11,WASP-2,session_01,WASP-2260811094515.fits,61263.406,2026-08-11T09:45:15.879-0000,4,2,no,,0,,,,no
2026-08-11,WASP-2,session_01,WASP-2260811094815.fits,61263.409,2026-08-11T09:48:15.329-0000,4,0,no,,0,,,,no
2026-08-11,WASP-2,session_01,WASP-2260811095117.fits,61263.411,2026-08-11T09:51:17.176-0000,4,1,no,,0,,,,no
2026-08-11,WASP-2,session_01,WASP-2260811095415.fits,61263.413,2026-08-11T09:54:15.343-0000,4,0,no,,0,,,,no
2026-08-11,WASP-2,session_01,WASP-2260811095716.fits,61263.415,2026-08-11T09:57:16.363-0000,4,4,no,,0,,,,no
2026-08-11,WASP-2,session_01,WASP-2260811100016.fits,61263.417,2026-08-11T10:00:16.056-0000,4,1,no,,0,,,,no
2026-08-11,WASP-2,session_01,WASP-2260811100316.fits,61263.419,2026-08-11T10:03:16.708-0000,2,0,no,,0,,,,no
2026-08-11,WASP-2,session_01,WASP-2260811100616.fits,61263.421,2026-08-11T10:06:16.302-0000,2,1,no,,0,,,,no
2026-08-11,WASP-2,session_01,WASP-2260811100916.fits,61263.423,2026-08-11T10:09:16.808-0000,2,1,no,,0,,,,no
2026-08-11,WASP-2,session_01,WASP-2260811101216.fits,61263.425,2026-08-11T10:12:16.502-0000,2,0,no,,0,,,,no
2026-08-11,WASP-2,session_01,WASP-2260811101516.fits,61263.427,2026-08-11T10:15:16.112-0000,2,2,no,,0,,,,no
2026-08-11,WASP-2,session_01,WASP-2260811101815.fits,61263.429,2026-08-11T10:18:15.688-0000,2,1,no,,0,,,,no
2026-08-11,WASP-2,session_01,WASP-2260811102117.fits,61263.431,2026-08-11T10:21:17.382-0000,2,1,no,,0,,,,no
2026-08-11,WASP-2,session_01,WASP-2260811102416.fits,61263.434,2026-08-11T10:24:16.399-0000,2,1,no,,0,,,,no
2026-08-11,WASP-2,session_01,WASP-2260811102716.fits,61263.436,2026-08-11T10:27:16.899-0000,2,1,no,,0,,,,no
2026-08-11,WASP-2,session_01,WASP-2260811103015.fits,61263.438,2026-08-11T10:30:15.556-0000,2,0,no,,0,,,,no
2026-08-11,WASP-2,session_01,WASP-2260811103315.fits,61263.44,2026-08-11T10:33:15.943-0000,0,1,no,,0,,,,no
2026-08-11,WASP-2,session_01,WASP-2260811103617.fits,61263.442,2026-08-11T10:36:17.149-0000,0,0,no,,0,,,,no
2026-08-11,WASP-2,session_01,WASP-2260811103915.fits,61263.444,2026-08-11T10:39:15.819-0000,0,0,no,,0,,,,no
2026-08-11,WASP-2,session_01,WASP-2260811104216.fits,61263.446,2026-08-11T10:42:16.675-0000,0,1,no,,0,,,,no
2026-08-11,WASP-2,session_01,WASP-2260811104516.fits,61263.448,2026-08-11T10:45:16.331-0000,0,2,no,,0,,,,no
2026-08-14,TRES-3,session_01,TRES-3260814040928.fits,61266.173,2026-08-14T04:09:28.759-0000,11,45,no,,0,,,,no
2026-08-14,TRES-3,session_01,TRES-3260814041319.fits,61266.176,2026-08-14T04:13:19.572-0000,11,45,no,,0,,,,no
2026-08-14,TRES-3,session_01,TRES-3260814041712.fits,61266.179,2026-08-14T04:17:12.331-0000,11,45,no,,0,,,,no
2026-08-14,TRES-3,session_01,TRES-3260814041858.fits,61266.18,2026-08-14T04:18:58.704-0000,11,45,no,,0,,,,no
2026-08-14,TRES-3,session_01,TRES-3260814042116.fits,61266.181,2026-08-14T04:21:16.578-0000,11,45,no,,0,,,,no
2026-08-14,TRES-3,session_01,TRES-3260814042416.fits,61266.184,2026-08-14T04:24:16.888-0000,11,45,no,,0,,,,no
2026-08-14,TRES-3,session_01,TRES-3260814042716.fits,61266.186,2026-08-14T04:27:16.306-0000,11,45,no,,0,,,,no
2026-08-14,TRES-3,session_01,TRES-3260814043015.fits,61266.188,2026-08-14T04:30:15.613-0000,11,45,no,,0,,,,no
2026-08-14,TRES-3,session_01,TRES-3260814043317.fits,61266.19,2026-08-14T04:33:17.109-0000,19,45,no,,0,,,,no
2026-08-14,TRES-3,session_01,TRES-3260814043615.fits,61266.192,2026-08-14T04:36:15.871-0000,19,45,no,,0,,,,no
2026-08-14,TRES-3,session_01,TRES-3260814043917.fits,61266.194,2026-08-14T04:39:17.187-0000,19,45,no,,0,,,,no
2026-08-14,TRES-3,session_01,TRES-3260814044216.fits,61266.196,2026-08-14T04:42:16.238-0000,19,45,no,,0,,,,no
2026-08-14,TRES-3,session_01,TRES-3260814044517.fits,61266.198,2026-08-14T04:45:17.169-0000,19,45,no,,0,,,,no
2026-08-14,TRES-3,session_01,TRES-3260814044816.fits,61266.2,2026-08-14T04:48:16.416-0000,19,45,no,,0,,,,no
2026-08-14,TRES-3,session_01,TRES-3260814045116.fits,61266.202,2026-08-14T04:51:16.376-0000,19,45,no,,0,,,,no
2026-08-14,TRES-3,session_01,TRES-3260814045417.fits,61266.204,2026-08-14T04:54:17.330-0000,19,45,no,,0,,,,no
2026-08-14,TRES-3,session_01,TRES-3260814045716.fits,61266.206,2026-08-14T04:57:16.238-0000,19,45,no,,0,,,,no
2026-08-14,TRES-3,session_01,TRES-3260814050017.fits,61266.209,2026-08-14T05:00:17.184-0000,19,45,no,,0,,,,no
2026-08-14,TRES-3,session_01,TRES-3260814050315.fits,61266.211,2026-08-14T05:03:15.807-0000,45,45,no,,0,,,,no
2026-08-14,TRES-3,session_01,TRES-3260814050616.fits,61266.213,2026-08-14T05:06:16.081-0000,45,45,no,,0,,,,no
2026-08-14,TRES-3,session_01,TRES-3260814050916.fits,61266.215,2026-08-14T05:09:16.965-0000,45,45,no,,0,,,,no
2026-08-14,TRES-3,session_01,TRES-3260814051216.fits,61266.217,2026-08-14T05:12:16.911-0000,45,45,no,,0,,,,no
2026-08-14,TRES-3,session_01,TRES-3260814051517.fits,61266.219,2026-08-14T05:15:17.111-0000,45,45,no,,0,,,,no
2026-08-14,TRES-3,session_01,TRES-3260814051817.fits,61266.221,2026-08-14T05:18:17.561-0000,45,45,no,,0,,,,no
2026-08-14,TRES-3,session_01,TRES-3260814052116.fits,61266.223,2026-08-14T05:21:16.561-0000,45,45,no,,0,,,,no
2026-08-14,TRES-3,session_01,TRES-3260814052416.fits,61266.225,2026-08-14T05:24:16.775-0000,45,45,no,,0,,,,no
2026-08-14,TRES-3,session_01,TRES-3260814052717.fits,61266.227,2026-08-14T05:27:17.124-0000,45,45,no,,0,,,,no
2026-08-14,TRES-3,session_01,TRES-3260814053017.fits,61266.229,2026-08-14T05:30:17.926-0000,45,45,no,,0,,,,no
2026-08-14,TRES-3,session_01,TRES-3260814053317.fits,61266.231,2026-08-14T05:33:17.183-0000,68,45,no,,0,,,,no
2026-08-14,TRES-3,session_01,TRES-3260814053616.fits,61266.234,2026-08-14T05:36:16.217-0000,68,45,no,,0,,,,no
2026-08-14,TRES-3,session_01,TRES-3260814053916.fits,61266.236,2026-08-14T05:39:16.231-0000,68,45,no,,0,,,,no
2026-08-14,TRES-3,session_01,TRES-3260814054217.fits,61266.238,2026-08-14T05:42:17.171-0000,68,45,no,,0,,,,no
2026-08-14,TRES-3,session_01,TRES-3260814054517.fits,61266.24,2026-08-14T05:45:17.181-0000,68,45,no,,0,,,,no
2026-08-14,TRES-3,session_01,TRES-3260814054816.fits,61266.242,2026-08-14T05:48:16.195-0000,68,45,no,,0,,,,no
2026-08-14,TRES-3,session_01,TRES-3260814055117.fits,61266.244,2026-08-14T05:51:17.030-0000,68,45,no,,0,,,,no
2026-08-14,TRES-3,session_01,TRES-3260814055417.fits,61266.246,2026-08-14T05:54:17.031-0000,68,45,no,,0,,,,no
2026-08-14,TRES-3,session_01,TRES-3260814055716.fits,61266.248,2026-08-14T05:57:16.324-0000,68,45,no,,0,,,,no
2026-08-14,TRES-3,session_01,TRES-3260814060017.fits,61266.25,2026-08-14T06:00:17.420-0000,68,45,no,,0,,,,no
2026-08-14,TRES-3,session_01,TRES-3260814060316.fits,61266.252,2026-08-14T06:03:16.846-0000,82,45,no,,0,,,,no
2026-08-14,TRES-3,session_01,TRES-3260814060616.fits,61266.254,2026-08-14T06:06:16.900-0000,82,25,no,,0,,,,no
2026-08-14,TRES-3,session_01,TRES-3260814060916.fits,61266.256,2026-08-14T06:09:16.187-0000,82,13,no,,0,,,,no
2026-08-14,TRES-3,session_01,TRES-3260814061216.fits,61266.259,2026-08-14T06:12:16.648-0000,82,16,no,,0,,,,no
2026-08-14,TRES-3,session_01,TRES-3260814061516.fits,61266.261,2026-08-14T06:15:16.468-0000,82,45,no,,0,,,,no
2026-08-14,TRES-3,session_01,TRES-3260814061816.fits,61266.263,2026-08-14T06:18:16.449-0000,82,41,no,,0,,,,no
2026-08-14,TRES-3,session_01,TRES-3260814062116.fits,61266.265,2026-08-14T06:21:16.337-0000,82,32,no,,0,,,,no
2026-08-14,TRES-3,session_01,TRES-3260814062416.fits,61266.267,2026-08-14T06:24:16.721-0000,82,0,no,,0,,,,no
2026-08-14,TRES-3,session_01,TRES-3260814062715.fits,61266.269,2026-08-14T06:27:15.648-0000,82,1,no,,0,,,,no
2026-08-14,TRES-3,session_01,TRES-3260814063016.fits,61266.271,2026-08-14T06:30:16.591-0000,82,45,no,,0,,,,no
2026-08-14,TRES-3,session_01,TRES-3260814063316.fits,61266.273,2026-08-14T06:33:16.557-0000,81,40,no,,0,,,,no
2026-08-14,TRES-3,session_01,TRES-3260814063616.fits,61266.275,2026-08-14T06:36:16.678-0000,81,45,no,,0,,,,no
2026-08-14,TRES-3,session_01,TRES-3260814063916.fits,61266.277,2026-08-14T06:39:16.613-0000,81,45,no,,0,,,,no
2026-08-16,CoRoT-2,session_01,CoRoT-2260816044002.fits,61268.194,2026-08-16T04:40:02.011-0000,86,45,no,,0,,,,no
2026-08-16,CoRoT-2,session_01,CoRoT-2260816044215.fits,61268.196,2026-08-16T04:42:15.468-0000,86,45,no,,0,,,,no
2026-08-16,CoRoT-2,session_01,CoRoT-2260816044515.fits,61268.198,2026-08-16T04:45:15.775-0000,86,45,no,,0,,,,no
2026-08-16,CoRoT-2,session_01,CoRoT-2260816044815.fits,61268.2,2026-08-16T04:48:15.283-0000,86,45,no,,0,,,,no
2026-08-16,CoRoT-2,session_01,CoRoT-2260816045115.fits,61268.202,2026-08-16T04:51:15.688-0000,86,45,no,,0,,,,no
2026-08-16,CoRoT-2,session_01,CoRoT-2260816045416.fits,61268.204,2026-08-16T04:54:16.108-0000,86,45,no,,0,,,,no
2026-08-16,CoRoT-2,session_01,CoRoT-2260816045716.fits,61268.206,2026-08-16T04:57:16.545-0000,86,45,no,,0,,,,no
2026-08-16,CoRoT-2,session_01,CoRoT-2260816050015.fits,61268.209,2026-08-16T05:00:15.986-0000,86,45,no,,0,,,,no
2026-08-16,CoRoT-2,session_01,CoRoT-2260816050315.fits,61268.211,2026-08-16T05:03:15.395-0000,96,45,no,,0,,,,no
2026-08-16,CoRoT-2,session_01,CoRoT-2260816050615.fits,61268.213,2026-08-16T05:06:15.900-0000,96,45,no,,0,,,,no
2026-08-16,CoRoT-2,session_01,CoRoT-2260816050915.fits,61268.215,2026-08-16T05:09:15.402-0000,96,45,no,,0,,,,no
2026-08-16,CoRoT-2,session_01,CoRoT-2260816051215.fits,61268.217,2026-08-16T05:12:15.864-0000,96,45,no,,0,,,,no
2026-08-16,CoRoT-2,session_01,CoRoT-2260816051515.fits,61268.219,2026-08-16T05:15:15.254-0000,96,45,no,,0,,,,no
2026-08-16,CoRoT-2,session_01,CoRoT-2260816051815.fits,61268.221,2026-08-16T05:18:15.812-0000,96,45,no,,0,,,,no
2026-08-16,CoRoT-2,session_01,CoRoT-2260816052115.fits,61268.223,2026-08-16T05:21:15.229-0000,96,45,no,,0,,,,no
2026-08-16,CoRoT-2,session_01,CoRoT-2260816052415.fits,61268.225,2026-08-16T05:24:15.686-0000,96,45,no,,0,,,,no
2026-08-16,CoRoT-2,session_01,CoRoT-2260816053015.fits,61268.229,2026-08-16T05:30:15.673-0000,96,45,no,,0,,,,no
2026-08-16,CoRoT-2,session_01,CoRoT-2260816053316.fits,61268.231,2026-08-16T05:33:16.090-0000,97,45,no,,0,,,,no
2026-08-16,CoRoT-2,session_01,CoRoT-2260816053616.fits,61268.234,2026-08-16T05:36:16.577-0000,97,45,no,,0,,,,no
2026-08-16,CoRoT-2,session_01,CoRoT-2260816053916.fits,61268.236,2026-08-16T05:39:16.083-0000,97,45,no,,0,,,,no
2026-08-16,CoRoT-2,session_01,CoRoT-2260816054215.fits,61268.238,2026-08-16T05:42:15.501-0000,97,45,no,,0,,,,no
2026-08-16,CoRoT-2,session_01,CoRoT-2260816054515.fits,61268.24,2026-08-16T05:45:15.974-0000,97,45,no,,0,,,,no
2026-08-16,CoRoT-2,session_01,CoRoT-2260816054815.fits,61268.242,2026-08-16T05:48:15.419-0000,97,45,no,,0,,,,no
2026-08-16,CoRoT-2,session_01,CoRoT-2260816055115.fits,61268.244,2026-08-16T05:51:15.915-0000,97,45,no,,0,,,,no
2026-08-16,CoRoT-2,session_01,CoRoT-2260816055415.fits,61268.246,2026-08-16T05:54:15.383-0000,97,45,no,,0,,,,no
2026-08-16,CoRoT-2,session_01,CoRoT-2260816055715.fits,61268.248,2026-08-16T05:57:15.987-0000,97,45,no,,0,,,,no
2026-08-16,CoRoT-2,session_01,CoRoT-2260816060015.fits,61268.25,2026-08-16T06:00:15.422-0000,97,45,no,,0,,,,no
2026-08-16,CoRoT-2,session_01,CoRoT-2260816060315.fits,61268.252,2026-08-16T06:03:15.815-0000,98,45,no,,0,,,,no
2026-08-16,CoRoT-2,session_01,CoRoT-2260816060616.fits,61268.254,2026-08-16T06:06:16.120-0000,98,45,no,,0,,,,no
2026-08-16,CoRoT-2,session_01,CoRoT-2260816060915.fits,61268.256,2026-08-16T06:09:15.524-0000,98,45,no,,0,,,,no
2026-08-16,CoRoT-2,session_01,CoRoT-2260816061215.fits,61268.259,2026-08-16T06:12:15.893-0000,98,45,no,,0,,,,no
2026-08-16,CoRoT-2,session_01,CoRoT-2260816061515.fits,61268.261,2026-08-16T06:15:15.326-0000,98,45,no,,0,,,,no
2026-08-16,CoRoT-2,session_01,CoRoT-2260816061815.fits,61268.263,2026-08-16T06:18:15.764-0000,98,45,no,,0,,,,no
2026-08-16,CoRoT-2,session_01,CoRoT-2260816062116.fits,61268.265,2026-08-16T06:21:16.107-0000,98,45,no,,0,,,,no
2026-08-16,CoRoT-2,session_01,CoRoT-2260816062415.fits,61268.267,2026-08-16T06:24:15.532-0000,98,45,no,,0,,,,no
2026-08-16,CoRoT-2,session_01,CoRoT-2260816062715.fits,61268.269,2026-08-16T06:27:15.956-0000,98,45,no,,0,,,,no
2026-08-16,CoRoT-2,session_01,CoRoT-2260816063015.fits,61268.271,2026-08-16T06:30:15.330-0000,98,45,no,,0,,,,no
2026-08-16,CoRoT-2,session_01,CoRoT-2260816063315.fits,61268.273,2026-08-16T06:33:15.659-0000,94,45,no,,0,,,,no
2026-08-16,CoRoT-2,session_01,CoRoT-2260816063616.fits,61268.275,2026-08-16T06:36:16.066-0000,94,45,no,,0,,,,no
2026-08-16,CoRoT-2,session_01,CoRoT-2260816063915.fits,61268.277,2026-08-16T06:39:15.623-0000,94,45,no,,0,,,,no
2026-08-16,CoRoT-2,session_01,CoRoT-2260816064216.fits,61268.279,2026-08-16T06:42:16.067-0000,94,45,no,,0,,,,no
2026-08-16,CoRoT-2,session_01,CoRoT-2260816064515.fits,61268.281,2026-08-16T06:45:15.449-0000,94,45,no,,0,,,,no
2026-08-16,CoRoT-2,session_01,CoRoT-2260816064815.fits,61268.284,2026-08-16T06:48:15.770-0000,94,45,no,,0,,,,no
2026-08-16,CoRoT-2,session_01,CoRoT-2260816065115.fits,61268.286,2026-08-16T06:51:15.163-0000,94,45,no,,0,,,,no
2026-08-16,CoRoT-2,session_01,CoRoT-2260816065415.fits,61268.288,2026-08-16T06:54:15.511-0000,94,45,no,,0,,,,no
2026-08-16,CoRoT-2,session_01,CoRoT-2260816065716.fits,61268.29,2026-08-16T06:57:16.031-0000,94,45,no,,0,,,,no
2026-08-16,CoRoT-2,session_01,CoRoT-2260816070015.fits,61268.292,2026-08-16T07:00:15.371-0000,94,45,no,,0,,,,no
2026-08-16,CoRoT-2,session_01,CoRoT-2260816070315.fits,61268.294,2026-08-16T07:03:15.757-0000,100,45,no,,0,,,,no
2026-08-16,CoRoT-2,session_01,CoRoT-2260816070615.fits,61268.296,2026-08-16T07:06:15.150-0000,100,45,no,,0,,,,no
2026-08-16,CoRoT-2,session_01,CoRoT-2260816070916.fits,61268.298,2026-08-16T07:09:16.628-0000,100,45,no,,0,,,,no
2026-08-16,CoRoT-2,session_01,CoRoT-2260816071216.fits,61268.3,2026-08-16T07:12:16.056-0000,100,45,no,,0,,,,no
2026-08-16,CoRoT-2,session_01,CoRoT-2260816071515.fits,61268.302,2026-08-16T07:15:15.401-0000,100,45,no,,0,,,,no
2026-08-16,CoRoT-2,session_01,CoRoT-2260816071815.fits,61268.304,2026-08-16T07:18:15.816-0000,100,45,no,,0,,,,no
2026-08-16,CoRoT-2,session_01,CoRoT-2260816072115.fits,61268.306,2026-08-16T07:21:15.147-0000,100,45,no,,0,,,,no
2026-08-16,CoRoT-2,session_01,CoRoT-2260816072416.fits,61268.309,2026-08-16T07:24:16.605-0000,100,45,no,,0,,,,no
2026-08-16,CoRoT-2,session_01,CoRoT-2260816072715.fits,61268.311,2026-08-16T07:27:15.282-0000,100,45,no,,0,,,,no
2026-08-16,CoRoT-2,session_01,CoRoT-2260816073015.fits,61268.313,2026-08-16T07:30:15.826-0000,100,45,no,,0,,,,no
2026-08-16,CoRoT-2,session_01,CoRoT-2260816073316.fits,61268.315,2026-08-16T07:33:16.349-0000,100,45,no,,0,,,,no
2026-08-16,CoRoT-2,session_01,CoRoT-2260816073615.fits,61268.317,2026-08-16T07:36:15.829-0000,100,45,no,,0,,,,no
2026-08-16,CoRoT-2,session_01,CoRoT-2260816073915.fits,61268.319,2026-08-16T07:39:15.257-0000,100,45,no,,0,,,,no
2026-08-16,CoRoT-2,session_01,CoRoT-2260816074215.fits,61268.321,2026-08-16T07:42:15.656-0000,100,45,no,,0,,,,no
2026-08-16,CoRoT-2,session_01,CoRoT-2260816074516.fits,61268.323,2026-08-16T07:45:16.046-0000,100,45,no,,0,,,,no
2026-08-16,CoRoT-2,session_01,CoRoT-2260816074816.fits,61268.325,2026-08-16T07:48:16.542-0000,100,45,no,,0,,,,no
2026-08-16,CoRoT-2,session_01,CoRoT-2260816075115.fits,61268.327,2026-08-16T07:51:15.944-0000,100,45,no,,0,,,,no
2026-08-16,CoRoT-2,session_01,CoRoT-2260816075415.fits,61268.329,2026-08-16T07:54:15.477-0000,100,45,no,,0,,,,no
2026-08-16,CoRoT-2,session_01,CoRoT-2260816075715.fits,61268.331,2026-08-16T07:57:15.914-0000,100,45,no,,0,,,,no
2026-08-16,CoRoT-2,session_01,CoRoT-2260816080015.fits,61268.334,2026-08-16T08:00:15.413-0000,100,45,no,,0,,,,no
2026-08-16,CoRoT-2,session_01,CoRoT-2260816080316.fits,61268.336,2026-08-16T08:03:16.824-0000,100,45,no,,0,,,,no
2026-08-16,CoRoT-2,session_01,CoRoT-2260816080615.fits,61268.338,2026-08-16T08:06:15.168-0000,100,45,no,,0,,,,no
2026-08-16,CoRoT-2,session_01,CoRoT-2260816080915.fits,61268.34,2026-08-16T08:09:15.561-0000,100,45,no,,0,,,,no
2026-08-16,CoRoT-2,session_01,CoRoT-2260816081216.fits,61268.342,2026-08-16T08:12:16.062-0000,100,45,no,,0,,,,no
2026-08-16,CoRoT-2,session_01,CoRoT-2260816081515.fits,61268.344,2026-08-16T08:15:15.404-0000,100,45,no,,0,,,,no
2026-08-16,CoRoT-2,session_01,CoRoT-2260816081815.fits,61268.346,2026-08-16T08:18:15.993-0000,100,45,no,,0,,,,no
2026-08-16,CoRoT-2,session_01,CoRoT-2260816082115.fits,61268.348,2026-08-16T08:21:15.442-0000,100,45,no,,0,,,,no
2026-08-16,CoRoT-2,session_01,CoRoT-2260816082415.fits,61268.35,2026-08-16T08:24:15.996-0000,100,45,no,,0,,,,no
2026-08-16,CoRoT-2,session_01,CoRoT-2260816082715.fits,61268.352,2026-08-16T08:27:15.438-0000,100,45,no,,0,,,,no
2026-08-16,CoRoT-2,session_01,CoRoT-2260816083015.fits,61268.354,2026-08-16T08:30:15.910-0000,100,45,no,,0,,,,no
2026-08-16,CoRoT-2,session_01,CoRoT-2260816083316.fits,61268.356,2026-08-16T08:33:16.350-0000,100,45,no,,0,,,,no
2026-08-16,CoRoT-2,session_01,CoRoT-2260816083615.fits,61268.359,2026-08-16T08:36:15.745-0000,100,45,no,,0,,,,no
2026-08-16,CoRoT-2,session_01,CoRoT-2260816083915.fits,61268.361,2026-08-16T08:39:15.255-0000,100,45,no,,0,,,,no
2026-08-16,CoRoT-2,session_01,CoRoT-2260816084215.fits,61268.363,2026-08-16T08:42:15.763-0000,100,45,no,,0,,,,no
2026-08-16,CoRoT-2,session_01,CoRoT-2260816084517.fits,61268.365,2026-08-16T08:45:17.089-0000,100,45,no,,0,,,,no
2026-08-16,CoRoT-2,session_01,CoRoT-2260816084816.fits,61268.367,2026-08-16T08:48:16.621-0000,100,45,no,,0,,,,no
2026-08-16,CoRoT-2,session_01,CoRoT-2260816085116.fits,61268.369,2026-08-16T08:51:16.079-0000,100,45,no,,0,,,,no
2026-08-16,CoRoT-2,session_01,CoRoT-2260816085415.fits,61268.371,2026-08-16T08:54:15.442-0000,100,45,no,,0,,,,no
2026-08-16,CoRoT-2,session_01,CoRoT-2260816085715.fits,61268.373,2026-08-16T08:57:15.925-0000,100,45,no,,0,,,,no
2026-08-17,TRES-5,session_01,TRES-5260817091750.fits,61269.387,2026-08-17T09:17:50.399-0000,100,45,yes,flip-y,14,300.94,202.51,,no
2026-08-17,TRES-5,session_01,TRES-5260817092423.fits,61269.392,2026-08-17T09:24:23.429-0000,100,45,yes,flip-y,14,303.75,267.2,,no
2026-08-17,TRES-5,session_01,TRES-5260817092606.fits,61269.393,2026-08-17T09:26:06.717-0000,100,45,yes,flip-y,14,306.69,202.61,,no
2026-08-17,TRES-5,session_01,TRES-5260817093238.fits,61269.398,2026-08-17T09:32:38.686-0000,100,45,yes,flip-y,13,306.53,262.46,,no
2026-08-17,TRES-5,session_01,TRES-5260817093730.fits,61269.401,2026-08-17T09:37:30.855-0000,100,45,yes,flip-y,13,311.39,224.54,,no
2026-08-17,TRES-5,session_01,TRES-5260817093914.fits,61269.402,2026-08-17T09:39:14.112-0000,100,45,yes,flip-y,14,313.17,206.13,,no
2026-08-17,TRES-5,session_01,TRES-5260817094059.fits,61269.403,2026-08-17T09:40:59.288-0000,100,45,yes,flip-y,14,314.39,204.93,,no
2026-08-17,TRES-5,session_01,TRES-5260817094242.fits,61269.405,2026-08-17T09:42:42.458-0000,100,45,yes,flip-y,14,316.23,205.5,,no
2026-08-17,TRES-5,session_01,TRES-5260817094427.fits,61269.406,2026-08-17T09:44:27.649-0000,100,45,yes,flip-y,13,317.47,201.35,,no
2026-08-17,TRES-5,session_01,TRES-5260817094610.fits,61269.407,2026-08-17T09:46:10.829-0000,100,45,yes,flip-y,14,317.32,201.19,,no
2026-08-17,TRES-5,session_01,TRES-5260817094753.fits,61269.408,2026-08-17T09:47:53.996-0000,100,45,yes,flip-y,14,319.13,206.2,,no
2026-08-17,TRES-5,session_01,TRES-5260817094938.fits,61269.409,2026-08-17T09:49:38.113-0000,100,45,yes,flip-y,14,320.55,207.17,,no
2026-08-17,TRES-5,session_01,TRES-5260817095122.fits,61269.411,2026-08-17T09:51:22.291-0000,100,45,yes,flip-y,13,319.91,206.79,,no
2026-08-17,TRES-5,session_01,TRES-5260817095415.fits,61269.413,2026-08-17T09:54:15.561-0000,100,45,yes,flip-y,14,321.18,204.25,,no
2026-08-17,TRES-5,session_01,TRES-5260817095716.fits,61269.415,2026-08-17T09:57:16.047-0000,100,45,yes,flip-y,13,322.42,203.22,,no
2026-08-17,TRES-5,session_01,TRES-5260817100015.fits,61269.417,2026-08-17T10:00:15.435-0000,100,45,yes,flip-y,13,324.06,211.91,,no
2026-08-17,TRES-5,session_01,TRES-5260817100315.fits,61269.419,2026-08-17T10:03:15.829-0000,100,45,yes,flip-y,13,325.6,208.78,,no
2026-08-17,TRES-5,session_01,TRES-5260817100616.fits,61269.421,2026-08-17T10:06:16.073-0000,100,45,yes,flip-y,14,324.77,207.61,,no
2026-08-17,TRES-5,session_01,TRES-5260817100915.fits,61269.423,2026-08-17T10:09:15.603-0000,100,45,yes,flip-y,14,327.95,205.42,,no
2026-08-17,TRES-5,session_01,TRES-5260817101216.fits,61269.425,2026-08-17T10:12:16.977-0000,100,45,yes,flip-y,14,330.81,210.31,,no
2026-08-17,TRES-5,session_01,TRES-5260817101515.fits,61269.427,2026-08-17T10:15:15.269-0000,100,45,yes,flip-y,14,331.56,206.31,,no
2026-08-17,TRES-5,session_01,TRES-5260817101815.fits,61269.429,2026-08-17T10:18:15.662-0000,100,45,yes,flip-y,14,333.89,205.25,,no
2026-08-17,TRES-5,session_01,TRES-5260817102116.fits,61269.431,2026-08-17T10:21:16.069-0000,100,45,yes,flip-y,14,334.08,203.31,,no
2026-08-17,TRES-5,session_01,TRES-5260817102415.fits,61269.434,2026-08-17T10:24:15.511-0000,100,45,yes,flip-y,14,337.12,210.11,,no
2026-08-17,TRES-5,session_01,TRES-5260817102715.fits,61269.436,2026-08-17T10:27:15.746-0000,100,45,yes,flip-y,14,340.39,207.7,,no
2026-08-17,TRES-5,session_01,TRES-5260817103015.fits,61269.438,2026-08-17T10:30:15.192-0000,100,45,yes,flip-y,14,340.07,208.63,,no
2026-08-17,TRES-5,session_01,TRES-5260817103316.fits,61269.44,2026-08-17T10:33:16.611-0000,100,45,yes,flip-y,14,340.92,213.15,,no
2026-08-17,TRES-5,session_01,TRES-5260817103616.fits,61269.442,2026-08-17T10:36:16.255-0000,100,45,yes,flip-y,14,343.9,209.41,,no
2026-08-17,TRES-5,session_01,TRES-5260817103915.fits,61269.444,2026-08-17T10:39:15.707-0000,100,45,yes,flip-y,14,345.29,209.84,,no
2026-08-17,TRES-5,session_01,TRES-5260817104216.fits,61269.446,2026-08-17T10:42:16.150-0000,100,45,yes,flip-y,14,344.88,205.89,,no
2026-08-17,TRES-5,session_01,TRES-5260817104515.fits,61269.448,2026-08-17T10:45:15.653-0000,100,45,yes,flip-y,13,347.71,209.48,,no
2026-08-17,TRES-5,session_01,TRES-5260817104815.fits,61269.45,2026-08-17T10:48:15.985-0000,100,45,yes,flip-y,14,348.02,210.64,,no
2026-08-17,TRES-5,session_01,TRES-5260817105115.fits,61269.452,2026-08-17T10:51:15.347-0000,100,45,yes,flip-y,14,350.93,208.94,,no
2026-08-17,TRES-5,session_01,TRES-5260817105415.fits,61269.454,2026-08-17T10:54:15.761-0000,100,45,yes,flip-y,13,351.76,216.7,,no
2026-08-17,TRES-5,session_01,TRES-5260817105715.fits,61269.456,2026-08-17T10:57:15.255-0000,100,45,yes,flip-y,13,352.07,211.97,,no
2026-08-17,TRES-5,session_01,TRES-5260817110015.fits,61269.459,2026-08-17T11:00:15.837-0000,100,45,yes,flip-y,13,355.94,209.49,,no
2026-08-17,TRES-5,session_01,TRES-5260817110315.fits,61269.461,2026-08-17T11:03:15.195-0000,100,45,yes,flip-y,13,355.6,206.04,,no
2026-08-17,TRES-5,session_01,TRES-5260817110616.fits,61269.463,2026-08-17T11:06:16.522-0000,100,45,yes,flip-y,15,361.11,218.9,,no
2026-08-17,TRES-5,session_01,TRES-5260817110915.fits,61269.465,2026-08-17T11:09:15.850-0000,100,45,yes,flip-y,12,359.04,213.44,,no
2026-08-17,TRES-5,session_01,TRES-5260817111215.fits,61269.467,2026-08-17T11:12:15.211-0000,100,45,yes,flip-y,14,359.59,211.41,,no
2026-08-17,TRES-5,session_01,TRES-5260817111515.fits,61269.469,2026-08-17T11:15:15.713-0000,100,45,yes,flip-y,12,364.13,217.42,,no
2026-08-17,TRES-5,session_01,TRES-5260817111815.fits,61269.471,2026-08-17T11:18:15.268-0000,100,45,yes,flip-y,12,362.69,214.3,,no
2026-08-17,TRES-5,session_01,TRES-5260817112115.fits,61269.473,2026-08-17T11:21:15.600-0000,100,45,yes,flip-y,12,365.03,212.71,,no
2026-08-17,TRES-5,session_01,TRES-5260817112416.fits,61269.475,2026-08-17T11:24:16.967-0000,100,45,yes,flip-y,12,366.58,216.94,,no
2026-08-17,TRES-5,session_01,TRES-5260817112715.fits,61269.477,2026-08-17T11:27:15.257-0000,100,45,yes,flip-y,12,368.01,217.51,,no
2026-08-17,TRES-5,session_01,TRES-5260817113015.fits,61269.479,2026-08-17T11:30:15.588-0000,100,45,yes,flip-y,12,368.17,214.71,,no
2026-08-17,TRES-5,session_01,TRES-5260817113315.fits,61269.481,2026-08-17T11:33:15.936-0000,100,45,yes,flip-y,12,369.43,218.96,,no
2026-08-17,TRES-5,session_01,TRES-5260817113615.fits,61269.484,2026-08-17T11:36:15.345-0000,100,45,yes,flip-y,12,369.12,218.96,,no
2026-08-17,TRES-5,session_01,TRES-5260817113915.fits,61269.486,2026-08-17T11:39:15.697-0000,100,45,yes,flip-y,12,371.05,220.59,,no
2026-08-17,TRES-5,session_01,TRES-5260817114216.fits,61269.488,2026-08-17T11:42:16.076-0000,100,45,yes,flip-y,13,369.41,220.11,,no
2026-08-17,TRES-5,session_01,TRES-5260817114516.fits,61269.49,2026-08-17T11:45:16.424-0000,100,45,yes,flip-y,13,373.34,216.46,,no
2026-08-17,TRES-5,session_01,TRES-5260817114815.fits,61269.492,2026-08-17T11:48:15.753-0000,100,45,yes,flip-y,16,377.93,225.34,,no
2026-08-17,TRES-5,session_01,TRES-5260817115116.fits,61269.494,2026-08-17T11:51:16.048-0000,100,45,yes,flip-y,12,373.33,220.57,,no
2026-08-17,TRES-5,session_01,TRES-5260817115416.fits,61269.496,2026-08-17T11:54:16.357-0000,100,45,yes,flip-y,12,376.04,218.22,,no
2026-08-17,TRES-5,session_01,TRES-5260817120203.fits,61269.501,2026-08-17T12:02:03.628-0000,100,45,yes,flip-y,12,377.24,283.1,,no
2026-08-17,TRES-5,session_01,TRES-5260817120952.fits,61269.507,2026-08-17T12:09:52.861-0000,100,43,yes,flip-y,14,385.52,284.78,,no
2026-08-17,TRES-5,session_01,TRES-5260817121746.fits,61269.512,2026-08-17T12:17:46.115-0000,100,0,no,,0,,,,no
2026-08-17,TRES-5,session_01,TRES-5260817122550.fits,61269.518,2026-08-17T12:25:50.578-0000,100,0,no,,0,,,,no
2026-08-17,TRES-5,session_01,TRES-5260817123344.fits,61269.523,2026-08-17T12:33:44.687-0000,100,0,no,,0,,,,no
2026-08-17,TRES-5,session_01,TRES-5260817124139.fits,61269.529,2026-08-17T12:41:39.936-0000,100,0,no,,0,,,,no
2026-08-17,TRES-5,session_01,TRES-5260817124936.fits,61269.534,2026-08-17T12:49:36.210-0000,100,0,no,,0,,,,no
2026-08-17,TRES-5,session_01,TRES-5260817125735.fits,61269.54,2026-08-17T12:57:35.450-0000,100,0,no,,0,,,,no
2026-08-17,TRES-5,session_01,TRES-5260817130536.fits,61269.546,2026-08-17T13:05:36.720-0000,100,0,no,,0,,,,no
2026-08-17,TRES-5,session_01,TRES-5260817131349.fits,61269.551,2026-08-17T13:13:49.133-0000,100,0,no,,0,,,,no
2026-08-17,TRES-5,session_01,TRES-5260817132155.fits,61269.557,2026-08-17T13:21:55.480-0000,100,0,no,,0,,,,no
2026-08-17,TRES-5,session_01,TRES-5260817133002.fits,61269.563,2026-08-17T13:30:02.844-0000,100,0,no,,0,,,,no
2026-08-17,TRES-5,session_01,TRES-5260817133809.fits,61269.568,2026-08-17T13:38:09.219-0000,100,0,no,,0,,,,no
2026-08-17,TRES-5,session_01,TRES-5260817134616.fits,61269.574,2026-08-17T13:46:16.600-0000,100,0,no,,0,,,,no
2026-08-17,TRES-5,session_01,TRES-5260817135425.fits,61269.579,2026-08-17T13:54:25.968-0000,100,0,no,,0,,,,no
2026-08-17,TRES-5,session_01,TRES-5260817140233.fits,61269.585,2026-08-17T14:02:33.347-0000,100,0,no,,0,,,,no
2026-08-17,TRES-5,session_01,TRES-5260817140932.fits,61269.59,2026-08-17T14:09:32.823-0000,100,0,no,,0,,,,no
2026-08-17,TRES-5,session_01,TRES-5260817141136.fits,61269.591,2026-08-17T14:11:36.339-0000,100,0,no,,0,,,,no
2026-08-17,TRES-5,session_01,TRES-5260817141952.fits,61269.597,2026-08-17T14:19:52.723-0000,100,0,no,,0,,,,no
2026-08-17,TRES-5,session_01,TRES-5260817142801.fits,61269.603,2026-08-17T14:28:01.998-0000,100,0,no,,0,,,,no
2026-08-18,Qatar-1,session_01,Qatar-1260818082449.fits,61270.351,2026-08-18T08:24:49.906-0000,100,45,yes,flip-y,11,319.88,156.7,,no
2026-08-18,Qatar-1,session_01,Qatar-1260818082715.fits,61270.352,2026-08-18T08:27:15.461-0000,100,45,yes,flip-y,13,333.2,148.91,,no
2026-08-18,Qatar-1,session_01,Qatar-1260818083016.fits,61270.354,2026-08-18T08:30:16.788-0000,100,45,yes,flip-y,13,335.14,152.22,,no
2026-08-18,Qatar-1,session_01,Qatar-1260818083316.fits,61270.356,2026-08-18T08:33:16.158-0000,100,45,yes,flip-y,12,336.26,155.33,,no
2026-08-18,Qatar-1,session_01,Qatar-1260818083615.fits,61270.359,2026-08-18T08:36:15.528-0000,100,45,yes,flip-y,13,339.66,154.14,,no
2026-08-18,Qatar-1,session_01,Qatar-1260818083916.fits,61270.361,2026-08-18T08:39:16.942-0000,100,45,yes,flip-y,13,341.43,153.65,,no
2026-08-18,Qatar-1,session_01,Qatar-1260818084215.fits,61270.363,2026-08-18T08:42:15.374-0000,100,45,yes,flip-y,13,341.58,153.3,,no
2026-08-18,Qatar-1,session_01,Qatar-1260818084515.fits,61270.365,2026-08-18T08:45:15.732-0000,100,45,yes,flip-y,11,344.56,151.14,,no
2026-08-18,Qatar-1,session_01,Qatar-1260818084815.fits,61270.367,2026-08-18T08:48:15.174-0000,100,45,yes,flip-y,14,345.01,148.64,,no
2026-08-18,Qatar-1,session_01,Qatar-1260818085115.fits,61270.369,2026-08-18T08:51:15.476-0000,100,45,yes,flip-y,10,346.72,153.58,,no
2026-08-18,Qatar-1,session_01,Qatar-1260818085415.fits,61270.371,2026-08-18T08:54:15.830-0000,100,45,yes,flip-y,12,348.07,153.22,,no
2026-08-18,Qatar-1,session_01,Qatar-1260818085716.fits,61270.373,2026-08-18T08:57:16.249-0000,100,45,yes,flip-y,13,348.49,151.53,,no
2026-08-18,Qatar-1,session_01,Qatar-1260818090016.fits,61270.375,2026-08-18T09:00:16.671-0000,100,45,yes,flip-y,12,350.92,152.82,,no
2026-08-18,Qatar-1,session_01,Qatar-1260818090316.fits,61270.377,2026-08-18T09:03:16.918-0000,100,45,yes,flip-y,12,352.54,151.9,,no
2026-08-18,Qatar-1,session_01,Qatar-1260818090615.fits,61270.379,2026-08-18T09:06:15.169-0000,100,45,yes,flip-y,13,352.61,148.91,,no
2026-08-18,Qatar-1,session_01,Qatar-1260818090915.fits,61270.381,2026-08-18T09:09:15.591-0000,100,45,yes,flip-y,11,340.21,151.83,,no
2026-08-18,Qatar-1,session_01,Qatar-1260818091215.fits,61270.384,2026-08-18T09:12:15.971-0000,100,45,yes,flip-y,12,355.75,154.15,,no
2026-08-18,Qatar-1,session_01,Qatar-1260818091515.fits,61270.386,2026-08-18T09:15:15.198-0000,100,45,yes,flip-y,12,356.72,152.85,,no
2026-08-18,Qatar-1,session_01,Qatar-1260818091816.fits,61270.388,2026-08-18T09:18:16.537-0000,100,45,yes,flip-y,12,358.96,150.68,,no
2026-08-18,Qatar-1,session_01,Qatar-1260818092117.fits,61270.39,2026-08-18T09:21:17.011-0000,100,45,yes,flip-y,13,359.13,148.66,,no
2026-08-18,Qatar-1,session_01,Qatar-1260818092415.fits,61270.392,2026-08-18T09:24:15.300-0000,100,45,yes,flip-y,12,359.66,154.09,,no
2026-08-18,Qatar-1,session_01,Qatar-1260818092715.fits,61270.394,2026-08-18T09:27:15.667-0000,100,45,yes,flip-y,12,363.57,152.2,,no
2026-08-18,Qatar-1,session_01,Qatar-1260818093015.fits,61270.396,2026-08-18T09:30:15.977-0000,100,45,yes,flip-y,12,363.62,150.94,,no
2026-08-18,Qatar-1,session_01,Qatar-1260818093316.fits,61270.398,2026-08-18T09:33:16.341-0000,100,45,yes,flip-y,12,362.05,149.75,,no
2026-08-18,Qatar-1,session_01,Qatar-1260818093615.fits,61270.4,2026-08-18T09:36:15.845-0000,100,45,yes,flip-y,13,364.47,149.41,,no
2026-08-18,Qatar-1,session_01,Qatar-1260818093916.fits,61270.402,2026-08-18T09:39:16.175-0000,100,45,yes,flip-y,12,367.07,153.01,,no
2026-08-18,Qatar-1,session_01,Qatar-1260818094216.fits,61270.404,2026-08-18T09:42:16.561-0000,100,45,yes,flip-y,12,367.89,152.17,,no
2026-08-18,Qatar-1,session_01,Qatar-1260818094516.fits,61270.406,2026-08-18T09:45:16.032-0000,100,45,yes,flip-y,12,367.24,155.01,,no
2026-08-18,Qatar-1,session_01,Qatar-1260818094815.fits,61270.409,2026-08-18T09:48:15.299-0000,100,45,yes,flip-y,12,368.12,150.93,,no
2026-08-18,Qatar-1,session_01,Qatar-1260818095116.fits,61270.411,2026-08-18T09:51:16.638-0000,100,45,yes,flip-y,13,372.14,155.28,,no
2026-08-18,Qatar-1,session_01,Qatar-1260818095416.fits,61270.413,2026-08-18T09:54:16.034-0000,100,45,yes,flip-y,11,372.87,158.89,,no
2026-08-18,Qatar-1,session_01,Qatar-1260818095715.fits,61270.415,2026-08-18T09:57:15.381-0000,100,45,yes,flip-y,12,373.17,157.91,,no
2026-08-18,Qatar-1,session_01,Qatar-1260818100015.fits,61270.417,2026-08-18T10:00:15.797-0000,100,45,yes,flip-y,13,376.51,158.55,,no
2026-08-18,Qatar-1,session_01,Qatar-1260818100315.fits,61270.419,2026-08-18T10:03:15.243-0000,100,45,yes,flip-y,13,377.03,157.67,,no
2026-08-18,Qatar-1,session_01,Qatar-1260818100616.fits,61270.421,2026-08-18T10:06:16.554-0000,100,45,yes,flip-y,13,379.37,153.97,,no
2026-08-18,Qatar-1,session_01,Qatar-1260818100915.fits,61270.423,2026-08-18T10:09:15.930-0000,100,45,yes,flip-y,13,379.49,156.17,,no
2026-08-18,Qatar-1,session_01,Qatar-1260818101215.fits,61270.425,2026-08-18T10:12:15.259-0000,100,45,yes,flip-y,14,381.83,162.35,,no
2026-08-18,Qatar-1,session_01,Qatar-1260818101515.fits,61270.427,2026-08-18T10:15:15.654-0000,100,45,yes,flip-y,13,385.98,159.41,,no
2026-08-18,Qatar-1,session_01,Qatar-1260818101817.fits,61270.429,2026-08-18T10:18:17.049-0000,100,45,yes,flip-y,13,386.85,157.06,,no
2026-08-18,Qatar-1,session_01,Qatar-1260818102115.fits,61270.431,2026-08-18T10:21:15.414-0000,100,45,yes,flip-y,13,387.01,156.74,,no
2026-08-18,Qatar-1,session_01,Qatar-1260818102415.fits,61270.434,2026-08-18T10:24:15.801-0000,100,45,yes,flip-y,14,389.21,160.31,,no
2026-08-18,Qatar-1,session_01,Qatar-1260818102716.fits,61270.436,2026-08-18T10:27:16.223-0000,100,45,yes,flip-y,12,390.96,159.56,,no
2026-08-18,Qatar-1,session_01,Qatar-1260818103015.fits,61270.438,2026-08-18T10:30:15.814-0000,100,45,yes,flip-y,13,392.09,158.04,,no
2026-08-18,Qatar-1,session_01,Qatar-1260818103315.fits,61270.44,2026-08-18T10:33:15.292-0000,100,45,yes,flip-y,11,392.7,164.92,,no
2026-08-18,Qatar-1,session_01,Qatar-1260818103615.fits,61270.442,2026-08-18T10:36:15.674-0000,100,45,yes,flip-y,13,394.37,162.25,,no
2026-08-18,Qatar-1,session_01,Qatar-1260818103916.fits,61270.444,2026-08-18T10:39:16.084-0000,100,45,yes,flip-y,14,396.53,160.96,,no
2026-08-18,Qatar-1,session_01,Qatar-1260818104216.fits,61270.446,2026-08-18T10:42:16.433-0000,100,45,yes,flip-y,13,398.15,158.28,,no
2026-08-18,Qatar-1,session_01,Qatar-1260818104515.fits,61270.448,2026-08-18T10:45:15.777-0000,100,45,yes,flip-y,12,398.77,164.65,,no
2026-08-18,Qatar-1,session_01,Qatar-1260818104815.fits,61270.45,2026-08-18T10:48:15.250-0000,100,45,yes,flip-y,12,399.25,165.07,,no
2026-08-18,Qatar-1,session_01,Qatar-1260818105115.fits,61270.452,2026-08-18T10:51:15.620-0000,100,45,yes,flip-y,12,400.61,158.81,,no
2026-08-18,Qatar-1,session_01,Qatar-1260818105415.fits,61270.454,2026-08-18T10:54:15.852-0000,100,45,yes,flip-y,12,403.12,166.83,,no
2026-08-18,Qatar-1,session_01,Qatar-1260818105715.fits,61270.456,2026-08-18T10:57:15.254-0000,100,45,yes,flip-y,13,402.89,165.68,,no
2026-08-18,Qatar-1,session_01,Qatar-1260818110015.fits,61270.459,2026-08-18T11:00:15.648-0000,100,45,yes,flip-y,12,404.8,164.18,,no
2026-08-18,Qatar-1,session_01,Qatar-1260818110316.fits,61270.461,2026-08-18T11:03:16.063-0000,100,45,yes,flip-y,13,407.06,167.69,,no
2026-08-18,Qatar-1,session_01,Qatar-1260818110615.fits,61270.463,2026-08-18T11:06:15.572-0000,100,45,yes,flip-y,13,409.02,165.79,,no
2026-08-18,Qatar-1,session_01,Qatar-1260818110917.fits,61270.465,2026-08-18T11:09:17.023-0000,100,45,yes,flip-y,13,409.56,165.68,,no
2026-08-18,Qatar-1,session_01,Qatar-1260818111215.fits,61270.467,2026-08-18T11:12:15.445-0000,100,45,yes,flip-y,12,411.97,169.74,,no
2026-08-18,Qatar-1,session_01,Qatar-1260818111516.fits,61270.469,2026-08-18T11:15:16.800-0000,100,45,yes,flip-y,13,413.49,167.73,,no
2026-08-18,Qatar-1,session_01,Qatar-1260818111816.fits,61270.471,2026-08-18T11:18:16.265-0000,100,45,yes,flip-y,13,413.54,166.31,,no
2026-08-18,Qatar-1,session_01,Qatar-1260818112115.fits,61270.473,2026-08-18T11:21:15.755-0000,100,45,yes,flip-y,11,413.89,172.94,,no
2026-08-18,Qatar-1,session_01,Qatar-1260818112415.fits,61270.475,2026-08-18T11:24:15.210-0000,100,45,yes,flip-y,12,414.64,178.1,,no
2026-08-18,Qatar-1,session_01,Qatar-1260818112715.fits,61270.477,2026-08-18T11:27:15.441-0000,100,45,yes,flip-y,12,417.53,176.68,,no
2026-08-18,Qatar-1,session_01,Qatar-1260818113015.fits,61270.479,2026-08-18T11:30:15.918-0000,100,45,yes,flip-y,11,417.28,178.65,,no
2026-08-18,Qatar-1,session_01,Qatar-1260818113315.fits,61270.481,2026-08-18T11:33:15.255-0000,100,45,yes,flip-y,10,418.76,177.16,,no
2026-08-18,Qatar-1,session_01,Qatar-1260818113615.fits,61270.484,2026-08-18T11:36:15.666-0000,100,45,yes,flip-y,10,420.47,175.36,,no
2026-08-18,Qatar-1,session_01,Qatar-1260818113916.fits,61270.486,2026-08-18T11:39:16.126-0000,100,45,yes,flip-y,13,420.97,177.08,,no
2026-08-18,Qatar-1,session_01,Qatar-1260818114215.fits,61270.488,2026-08-18T11:42:15.504-0000,100,45,yes,flip-y,11,422.25,176.7,,no
2026-08-18,Qatar-1,session_01,Qatar-1260818114516.fits,61270.49,2026-08-18T11:45:16.900-0000,100,45,yes,flip-y,11,421.16,185.67,,no
2026-08-18,Qatar-1,session_01,Qatar-1260818114815.fits,61270.492,2026-08-18T11:48:15.188-0000,100,45,yes,flip-y,11,423.6,182.14,,no
2026-08-18,Qatar-1,session_01,Qatar-1260818115115.fits,61270.494,2026-08-18T11:51:15.609-0000,100,45,yes,flip-y,12,425.94,179.9,,no
2026-08-18,Qatar-1,session_01,Qatar-1260818115415.fits,61270.496,2026-08-18T11:54:15.992-0000,100,45,yes,flip-y,12,426.16,184.1,,no
2026-08-18,Qatar-1,session_01,Qatar-1260818120204.fits,61270.501,2026-08-18T12:02:04.180-0000,100,45,yes,flip-y,13,426.84,261.68,,no
2026-08-18,Qatar-1,session_01,Qatar-1260818120955.fits,61270.507,2026-08-18T12:09:55.376-0000,100,13,yes,flip-y,5,428.37,264.0,,no
2026-08-18,Qatar-1,session_01,Qatar-1260818121750.fits,61270.512,2026-08-18T12:17:50.523-0000,100,0,no,,0,,,,no
2026-08-18,Qatar-1,session_01,Qatar-1260818122545.fits,61270.518,2026-08-18T12:25:45.780-0000,100,0,no,,0,,,,no
2026-08-20,TRES-5,session_01,TRES-5260820082456.fits,61272.351,2026-08-20T08:24:56.775-0000,0,2,no,,0,,,,no
2026-08-20,TRES-5,session_01,TRES-5260820082716.fits,61272.352,2026-08-20T08:27:16.123-0000,0,4,no,,0,,,,no
2026-08-20,TRES-5,session_01,TRES-5260820083016.fits,61272.354,2026-08-20T08:30:16.545-0000,0,1,no,,0,,,,no
2026-08-20,TRES-5,session_01,TRES-5260820083615.fits,61272.359,2026-08-20T08:36:15.197-0000,2,45,yes,flip-y,15,305.81,181.52,,no
2026-08-20,TRES-5,session_01,TRES-5260820083915.fits,61272.361,2026-08-20T08:39:15.485-0000,2,45,yes,flip-y,14,307.92,182.26,,no
2026-08-20,TRES-5,session_01,TRES-5260820084216.fits,61272.363,2026-08-20T08:42:16.014-0000,2,45,yes,flip-y,15,309.0,181.93,,no
2026-08-20,TRES-5,session_01,TRES-5260820084515.fits,61272.365,2026-08-20T08:45:15.422-0000,2,45,yes,flip-y,14,310.05,180.38,,no
2026-08-20,TRES-5,session_01,TRES-5260820084815.fits,61272.367,2026-08-20T08:48:15.761-0000,2,45,yes,flip-y,15,312.19,186.85,,no
2026-08-20,TRES-5,session_01,TRES-5260820085115.fits,61272.369,2026-08-20T08:51:15.172-0000,2,45,yes,flip-y,14,313.69,186.77,,no
2026-08-20,TRES-5,session_01,TRES-5260820085416.fits,61272.371,2026-08-20T08:54:16.558-0000,2,45,yes,flip-y,14,315.93,183.67,,no
2026-08-20,TRES-5,session_01,TRES-5260820085716.fits,61272.373,2026-08-20T08:57:16.034-0000,2,45,yes,flip-y,14,315.16,183.47,,no
2026-08-20,TRES-5,session_01,TRES-5260820090015.fits,61272.375,2026-08-20T09:00:15.389-0000,2,45,yes,flip-y,13,315.55,183.83,,no
2026-08-20,TRES-5,session_01,TRES-5260820090315.fits,61272.377,2026-08-20T09:03:15.680-0000,4,45,yes,flip-y,14,317.42,184.86,,no
2026-08-20,TRES-5,session_01,TRES-5260820090617.fits,61272.379,2026-08-20T09:06:17.072-0000,4,45,yes,flip-y,14,315.81,189.59,,no
2026-08-20,TRES-5,session_01,TRES-5260820090915.fits,61272.381,2026-08-20T09:09:15.416-0000,4,45,yes,flip-y,15,318.34,188.51,,no
2026-08-20,TRES-5,session_01,TRES-5260820091215.fits,61272.384,2026-08-20T09:12:15.826-0000,4,45,yes,flip-y,14,319.05,186.99,,no
2026-08-20,TRES-5,session_01,TRES-5260820091515.fits,61272.386,2026-08-20T09:15:15.235-0000,4,45,yes,flip-y,15,322.27,185.72,,no
2026-08-20,TRES-5,session_01,TRES-5260820091815.fits,61272.388,2026-08-20T09:18:15.730-0000,4,45,yes,flip-y,14,324.61,183.79,,no
2026-08-20,TRES-5,session_01,TRES-5260820092116.fits,61272.39,2026-08-20T09:21:16.030-0000,4,45,yes,flip-y,14,323.15,189.75,,no
2026-08-20,TRES-5,session_01,TRES-5260820092415.fits,61272.392,2026-08-20T09:24:15.448-0000,4,45,yes,flip-y,14,325.25,188.1,,no
2026-08-20,TRES-5,session_01,TRES-5260820092716.fits,61272.394,2026-08-20T09:27:16.763-0000,4,45,yes,flip-y,14,327.21,187.0,,no
2026-08-20,TRES-5,session_01,TRES-5260820093016.fits,61272.396,2026-08-20T09:30:16.109-0000,4,45,yes,flip-y,14,326.22,183.95,,no
2026-08-20,TRES-5,session_01,TRES-5260820093315.fits,61272.398,2026-08-20T09:33:15.478-0000,15,45,yes,flip-y,14,328.44,186.25,,no
2026-08-20,TRES-5,session_01,TRES-5260820093615.fits,61272.4,2026-08-20T09:36:15.859-0000,15,45,yes,flip-y,15,330.16,190.44,,no
2026-08-20,TRES-5,session_01,TRES-5260820093915.fits,61272.402,2026-08-20T09:39:15.155-0000,15,45,yes,flip-y,15,330.67,188.79,,no
2026-08-20,TRES-5,session_01,TRES-5260820094215.fits,61272.404,2026-08-20T09:42:15.678-0000,15,45,yes,flip-y,15,334.13,188.45,,no
2026-08-20,TRES-5,session_01,TRES-5260820094516.fits,61272.406,2026-08-20T09:45:16.036-0000,15,15,yes,flip-y,7,333.0,186.59,,no
2026-08-20,TRES-5,session_01,TRES-5260820094815.fits,61272.409,2026-08-20T09:48:15.493-0000,15,7,no,,0,,,,no
2026-08-20,TRES-5,session_01,TRES-5260820095115.fits,61272.411,2026-08-20T09:51:15.810-0000,15,22,yes,flip-y,10,337.69,190.49,,no
2026-08-20,TRES-5,session_01,TRES-5260820095415.fits,61272.413,2026-08-20T09:54:15.201-0000,15,15,yes,flip-y,8,337.47,189.63,,no
2026-08-20,TRES-5,session_01,TRES-5260820095715.fits,61272.415,2026-08-20T09:57:15.611-0000,15,8,yes,flip-y,5,338.89,187.5,,no
2026-08-20,TRES-5,session_01,TRES-5260820100015.fits,61272.417,2026-08-20T10:00:15.895-0000,15,8,no,,0,,,,no
2026-08-20,TRES-5,session_01,TRES-5260820100315.fits,61272.419,2026-08-20T10:03:15.179-0000,22,3,no,,0,,,,no
2026-08-20,TRES-5,session_01,TRES-5260820100616.fits,61272.421,2026-08-20T10:06:16.488-0000,22,21,yes,flip-y,11,347.29,186.5,,no
2026-08-20,TRES-5,session_01,TRES-5260820100915.fits,61272.423,2026-08-20T10:09:15.851-0000,22,20,yes,flip-y,7,343.0,189.94,,no
2026-08-20,TRES-5,session_01,TRES-5260820101215.fits,61272.425,2026-08-20T10:12:15.171-0000,22,10,yes,flip-y,5,349.26,193.25,,no
2026-08-20,TRES-5,session_01,TRES-5260820101515.fits,61272.427,2026-08-20T10:15:15.610-0000,22,45,yes,flip-y,17,348.47,187.79,,no
2026-08-20,TRES-5,session_01,TRES-5260820101816.fits,61272.429,2026-08-20T10:18:16.045-0000,22,45,yes,flip-y,17,348.79,185.18,,no
2026-08-20,TRES-5,session_01,TRES-5260820102115.fits,61272.431,2026-08-20T10:21:15.325-0000,22,45,yes,flip-y,17,348.56,192.34,,no
2026-08-20,TRES-5,session_01,TRES-5260820102415.fits,61272.434,2026-08-20T10:24:15.651-0000,22,21,yes,flip-y,11,355.29,191.58,,no
2026-08-20,TRES-5,session_01,TRES-5260820102715.fits,61272.436,2026-08-20T10:27:15.952-0000,22,42,yes,flip-y,15,352.42,192.16,,no
2026-08-20,TRES-5,session_01,TRES-5260820103015.fits,61272.438,2026-08-20T10:30:15.242-0000,22,45,yes,flip-y,15,355.21,183.23,,no
2026-08-20,TRES-5,session_01,TRES-5260820103315.fits,61272.44,2026-08-20T10:33:15.637-0000,36,45,yes,flip-y,15,356.01,191.9,,no
2026-08-20,TRES-5,session_01,TRES-5260820103616.fits,61272.442,2026-08-20T10:36:16.033-0000,36,15,yes,flip-y,12,359.95,195.93,,no
2026-08-20,TRES-5,session_01,TRES-5260820103915.fits,61272.444,2026-08-20T10:39:15.422-0000,36,45,yes,flip-y,12,363.98,194.16,,no
2026-08-20,TRES-5,session_01,TRES-5260820104215.fits,61272.446,2026-08-20T10:42:15.828-0000,36,45,yes,flip-y,15,359.5,193.72,,no
2026-08-20,TRES-5,session_01,TRES-5260820104516.fits,61272.448,2026-08-20T10:45:16.243-0000,36,45,yes,flip-y,14,360.8,190.53,,no
2026-08-20,TRES-5,session_01,TRES-5260820104815.fits,61272.45,2026-08-20T10:48:15.529-0000,36,45,yes,flip-y,14,361.6,185.52,,no
2026-08-20,TRES-5,session_01,TRES-5260820105115.fits,61272.452,2026-08-20T10:51:15.859-0000,36,43,yes,flip-y,15,361.9,191.8,,no
2026-08-20,TRES-5,session_01,TRES-5260820105415.fits,61272.454,2026-08-20T10:54:15.228-0000,36,45,yes,flip-y,14,365.95,193.9,,no
2026-08-20,TRES-5,session_01,TRES-5260820105715.fits,61272.456,2026-08-20T10:57:15.645-0000,36,17,yes,flip-y,6,366.99,193.55,,no
2026-08-20,TRES-5,session_01,TRES-5260820110016.fits,61272.459,2026-08-20T11:00:16.932-0000,36,42,yes,flip-y,15,370.94,200.16,,no
2026-08-20,TRES-5,session_01,TRES-5260820110315.fits,61272.461,2026-08-20T11:03:15.371-0000,78,45,yes,flip-y,13,375.4,199.51,,no
2026-08-20,TRES-5,session_01,TRES-5260820110615.fits,61272.463,2026-08-20T11:06:15.666-0000,78,45,yes,flip-y,15,375.67,193.8,,no
2026-08-20,TRES-5,session_01,TRES-5260820110916.fits,61272.465,2026-08-20T11:09:16.123-0000,78,45,yes,flip-y,14,372.42,192.25,,no
2026-08-20,TRES-5,session_01,TRES-5260820111216.fits,61272.467,2026-08-20T11:12:16.421-0000,78,45,yes,flip-y,15,377.62,199.37,,no
2026-08-20,TRES-5,session_01,TRES-5260820111516.fits,61272.469,2026-08-20T11:15:16.990-0000,78,45,yes,flip-y,15,381.03,201.1,,no
2026-08-20,TRES-5,session_01,TRES-5260820111815.fits,61272.471,2026-08-20T11:18:15.410-0000,78,45,yes,flip-y,13,378.0,196.13,,no
2026-08-20,TRES-5,session_01,TRES-5260820112115.fits,61272.473,2026-08-20T11:21:15.746-0000,78,45,yes,flip-y,12,378.25,200.66,,no
2026-08-20,TRES-5,session_01,TRES-5260820112416.fits,61272.475,2026-08-20T11:24:16.108-0000,78,45,yes,flip-y,12,377.62,199.66,,no
2026-08-20,TRES-5,session_01,TRES-5260820112716.fits,61272.477,2026-08-20T11:27:16.465-0000,78,45,yes,flip-y,15,383.6,203.83,,no
2026-08-20,TRES-5,session_01,TRES-5260820113015.fits,61272.479,2026-08-20T11:30:15.883-0000,78,45,yes,flip-y,13,380.97,200.24,,no
2026-08-20,TRES-5,session_01,TRES-5260820113316.fits,61272.481,2026-08-20T11:33:16.141-0000,94,45,yes,flip-y,15,383.93,199.65,,no
2026-08-20,TRES-5,session_01,TRES-5260820113615.fits,61272.484,2026-08-20T11:36:15.570-0000,94,45,yes,flip-y,15,387.66,205.35,,no
2026-08-20,TRES-5,session_01,TRES-5260820113915.fits,61272.486,2026-08-20T11:39:15.889-0000,94,45,yes,flip-y,15,388.21,204.74,,no
2026-08-20,TRES-5,session_01,TRES-5260820114216.fits,61272.488,2026-08-20T11:42:16.266-0000,94,45,yes,flip-y,13,389.9,204.36,,no
2026-08-20,TRES-5,session_01,TRES-5260820114515.fits,61272.49,2026-08-20T11:45:15.673-0000,94,45,yes,flip-y,13,391.07,208.02,,no
2026-08-20,TRES-5,session_01,TRES-5260820114817.fits,61272.492,2026-08-20T11:48:17.145-0000,94,45,yes,flip-y,13,391.25,204.08,,no
2026-08-20,TRES-5,session_01,TRES-5260820115115.fits,61272.494,2026-08-20T11:51:15.525-0000,94,45,yes,flip-y,16,392.94,204.07,,no
2026-08-20,TRES-5,session_01,TRES-5260820115415.fits,61272.496,2026-08-20T11:54:15.870-0000,94,45,yes,flip-y,13,388.87,206.27,,no
2026-08-20,TRES-5,session_01,TRES-5260820115716.fits,61272.498,2026-08-20T11:57:16.276-0000,94,45,yes,flip-y,13,393.97,207.61,,no
2026-08-20,TRES-5,session_01,TRES-5260820120508.fits,61272.504,2026-08-20T12:05:08.479-0000,94,45,yes,flip-y,13,386.15,280.64,,no
2026-08-20,TRES-5,session_01,TRES-5260820121301.fits,61272.509,2026-08-20T12:13:01.883-0000,99,22,yes,flip-y,8,395.27,294.03,,no
2026-08-20,TRES-5,session_01,TRES-5260820122059.fits,61272.515,2026-08-20T12:20:59.071-0000,99,0,no,,0,,,,no
2026-08-21,Qatar-1,session_01,Qatar-1260821043741.fits,61273.193,2026-08-21T04:37:41.530-0000,100,45,yes,flip-y,12,267.04,281.56,,no
2026-08-21,Qatar-1,session_01,Qatar-1260821043927.fits,61273.194,2026-08-21T04:39:27.733-0000,100,45,yes,flip-y,10,261.14,217.42,,no
2026-08-21,Qatar-1,session_01,Qatar-1260821044219.fits,61273.196,2026-08-21T04:42:19.066-0000,100,45,yes,flip-y,10,262.27,226.71,,no
2026-08-21,Qatar-1,session_01,Qatar-1260821044515.fits,61273.198,2026-08-21T04:45:15.463-0000,100,45,yes,flip-y,10,258.5,217.31,,no
2026-08-21,Qatar-1,session_01,Qatar-1260821044816.fits,61273.2,2026-08-21T04:48:16.847-0000,100,45,yes,flip-y,10,261.17,228.49,,no
2026-08-21,Qatar-1,session_01,Qatar-1260821045116.fits,61273.202,2026-08-21T04:51:16.189-0000,100,45,yes,flip-y,10,258.68,227.93,,no
2026-08-21,Qatar-1,session_01,Qatar-1260821045415.fits,61273.204,2026-08-21T04:54:15.602-0000,100,45,yes,flip-y,10,254.58,221.72,,no
2026-08-21,Qatar-1,session_01,Qatar-1260821045715.fits,61273.206,2026-08-21T04:57:15.895-0000,100,45,yes,flip-y,10,254.13,211.68,,no
2026-08-21,Qatar-1,session_01,Qatar-1260821050015.fits,61273.209,2026-08-21T05:00:15.306-0000,100,45,yes,flip-y,9,255.97,208.89,,no
2026-08-21,Qatar-1,session_01,Qatar-1260821050315.fits,61273.211,2026-08-21T05:03:15.579-0000,100,45,yes,flip-y,10,255.47,217.41,,no
2026-08-21,Qatar-1,session_01,Qatar-1260821050615.fits,61273.213,2026-08-21T05:06:15.933-0000,100,45,yes,flip-y,10,256.56,216.4,,no
2026-08-21,Qatar-1,session_01,Qatar-1260821050915.fits,61273.215,2026-08-21T05:09:15.234-0000,100,45,yes,flip-y,10,254.31,228.33,,no
2026-08-21,Qatar-1,session_01,Qatar-1260821051216.fits,61273.217,2026-08-21T05:12:16.638-0000,100,45,yes,flip-y,9,253.16,226.67,,no
2026-08-21,Qatar-1,session_01,Qatar-1260821051516.fits,61273.219,2026-08-21T05:15:16.077-0000,100,45,yes,flip-y,9,253.07,220.81,,no
2026-08-21,Qatar-1,session_01,Qatar-1260821051815.fits,61273.221,2026-08-21T05:18:15.424-0000,100,45,yes,flip-y,10,252.76,206.84,,no
2026-08-21,Qatar-1,session_01,Qatar-1260821052116.fits,61273.223,2026-08-21T05:21:16.649-0000,100,45,yes,flip-y,10,253.92,205.09,,no
2026-08-21,Qatar-1,session_01,Qatar-1260821052416.fits,61273.225,2026-08-21T05:24:16.983-0000,100,45,yes,flip-y,10,253.04,205.88,,no
2026-08-21,Qatar-1,session_01,Qatar-1260821052715.fits,61273.227,2026-08-21T05:27:15.287-0000,100,45,yes,flip-y,10,254.52,210.76,,no
2026-08-21,Qatar-1,session_01,Qatar-1260821053015.fits,61273.229,2026-08-21T05:30:15.874-0000,100,45,yes,flip-y,10,254.15,209.2,,no
2026-08-21,Qatar-1,session_01,Qatar-1260821053315.fits,61273.231,2026-08-21T05:33:15.288-0000,100,45,yes,flip-y,9,254.22,221.17,,no
2026-08-21,Qatar-1,session_01,Qatar-1260821053616.fits,61273.234,2026-08-21T05:36:16.718-0000,100,45,yes,flip-y,10,254.2,211.8,,no
2026-08-21,Qatar-1,session_01,Qatar-1260821053916.fits,61273.236,2026-08-21T05:39:16.949-0000,100,45,yes,flip-y,10,256.28,205.73,,no
2026-08-21,Qatar-1,session_01,Qatar-1260821054215.fits,61273.238,2026-08-21T05:42:15.366-0000,100,45,yes,flip-y,10,256.97,206.77,,no
2026-08-21,Qatar-1,session_01,Qatar-1260821054515.fits,61273.24,2026-08-21T05:45:15.790-0000,100,45,yes,flip-y,10,258.02,200.8,,no
2026-08-21,Qatar-1,session_01,Qatar-1260821054815.fits,61273.242,2026-08-21T05:48:15.156-0000,100,45,yes,flip-y,10,257.43,205.01,,no
2026-08-21,Qatar-1,session_01,Qatar-1260821055115.fits,61273.244,2026-08-21T05:51:15.486-0000,100,45,yes,flip-y,10,259.78,203.01,,no
2026-08-21,Qatar-1,session_01,Qatar-1260821055415.fits,61273.246,2026-08-21T05:54:15.858-0000,100,45,yes,flip-y,9,261.41,200.88,,no
2026-08-21,Qatar-1,session_01,Qatar-1260821055715.fits,61273.248,2026-08-21T05:57:15.228-0000,100,45,yes,flip-y,10,260.09,202.81,,no
2026-08-21,Qatar-1,session_01,Qatar-1260821060016.fits,61273.25,2026-08-21T06:00:16.582-0000,100,45,yes,flip-y,9,261.53,203.25,,no
2026-08-21,Qatar-1,session_01,Qatar-1260821060316.fits,61273.252,2026-08-21T06:03:16.966-0000,100,45,yes,flip-y,10,261.37,203.79,,no
2026-08-21,Qatar-1,session_01,Qatar-1260821060615.fits,61273.254,2026-08-21T06:06:15.335-0000,100,45,yes,flip-y,10,263.53,202.98,,no
2026-08-21,Qatar-1,session_01,Qatar-1260821060915.fits,61273.256,2026-08-21T06:09:15.711-0000,100,45,yes,flip-y,9,264.57,202.77,,no
2026-08-21,Qatar-1,session_01,Qatar-1260821061216.fits,61273.259,2026-08-21T06:12:16.144-0000,100,45,yes,flip-y,9,263.0,201.32,,no
2026-08-21,Qatar-1,session_01,Qatar-1260821061516.fits,61273.261,2026-08-21T06:15:16.607-0000,100,45,yes,flip-y,10,264.39,202.48,,no
2026-08-21,Qatar-1,session_01,Qatar-1260821061816.fits,61273.263,2026-08-21T06:18:16.040-0000,100,45,yes,flip-y,9,265.08,203.29,,no
2026-08-21,Qatar-1,session_01,Qatar-1260821062115.fits,61273.265,2026-08-21T06:21:15.427-0000,100,45,yes,flip-y,10,266.17,203.53,,no
2026-08-21,Qatar-1,session_01,Qatar-1260821062415.fits,61273.267,2026-08-21T06:24:15.982-0000,100,45,yes,flip-y,10,264.79,204.07,,no
2026-08-21,Qatar-1,session_01,Qatar-1260821062715.fits,61273.269,2026-08-21T06:27:15.420-0000,100,45,yes,flip-y,10,265.04,203.95,,no
2026-08-21,Qatar-1,session_01,Qatar-1260821063015.fits,61273.271,2026-08-21T06:30:15.871-0000,100,45,yes,flip-y,10,266.6,203.17,,no
2026-08-21,Qatar-1,session_01,Qatar-1260821063315.fits,61273.273,2026-08-21T06:33:15.360-0000,100,45,yes,flip-y,9,267.23,202.22,,no
2026-08-21,Qatar-1,session_01,Qatar-1260821063615.fits,61273.275,2026-08-21T06:36:15.843-0000,100,45,yes,flip-y,10,267.95,196.75,,no
2026-08-21,Qatar-1,session_01,Qatar-1260821063915.fits,61273.277,2026-08-21T06:39:15.176-0000,100,45,yes,flip-y,10,268.49,194.53,,no
2026-08-21,Qatar-1,session_01,Qatar-1260821064215.fits,61273.279,2026-08-21T06:42:15.503-0000,100,45,yes,flip-y,9,270.4,196.48,,no
2026-08-21,Qatar-1,session_01,Qatar-1260821064515.fits,61273.281,2026-08-21T06:45:15.874-0000,100,45,yes,flip-y,9,272.4,195.12,,no
2026-08-21,Qatar-1,session_01,Qatar-1260821064815.fits,61273.284,2026-08-21T06:48:15.170-0000,100,45,yes,flip-y,9,271.78,194.7,,no
2026-08-21,Qatar-1,session_01,Qatar-1260821065115.fits,61273.286,2026-08-21T06:51:15.492-0000,100,45,yes,flip-y,10,273.0,195.78,,no
2026-08-21,Qatar-1,session_01,Qatar-1260821065415.fits,61273.288,2026-08-21T06:54:15.786-0000,100,45,yes,flip-y,10,272.83,196.11,,no
2026-08-21,Qatar-1,session_01,Qatar-1260821065715.fits,61273.29,2026-08-21T06:57:15.172-0000,100,45,yes,flip-y,9,272.97,193.98,,no
2026-08-21,Qatar-1,session_01,Qatar-1260821070015.fits,61273.292,2026-08-21T07:00:15.575-0000,100,45,yes,flip-y,10,276.67,196.3,,no
2026-08-21,Qatar-1,session_01,Qatar-1260821070315.fits,61273.294,2026-08-21T07:03:15.933-0000,100,45,yes,flip-y,10,276.46,201.77,,no
2026-08-21,Qatar-1,session_01,Qatar-1260821070616.fits,61273.296,2026-08-21T07:06:16.302-0000,100,45,yes,flip-y,10,277.31,199.62,,no
2026-08-21,Qatar-1,session_01,Qatar-1260821070915.fits,61273.298,2026-08-21T07:09:15.690-0000,100,45,yes,flip-y,10,279.21,201.61,,no
2026-08-21,Qatar-1,session_01,Qatar-1260821071216.fits,61273.3,2026-08-21T07:12:16.208-0000,100,45,yes,flip-y,9,279.04,198.85,,no
2026-08-21,Qatar-1,session_01,Qatar-1260821071515.fits,61273.302,2026-08-21T07:15:15.597-0000,100,45,yes,flip-y,10,280.83,202.59,,no
2026-08-21,Qatar-1,session_01,Qatar-1260821071817.fits,61273.304,2026-08-21T07:18:17.025-0000,100,45,yes,flip-y,10,280.38,200.76,,no
2026-08-21,Qatar-1,session_01,Qatar-1260821072115.fits,61273.306,2026-08-21T07:21:15.362-0000,100,45,yes,flip-y,10,281.17,195.48,,no
2026-08-21,Qatar-1,session_01,Qatar-1260821072415.fits,61273.309,2026-08-21T07:24:15.672-0000,100,45,yes,flip-y,10,283.44,195.37,,no
2026-08-21,Qatar-1,session_01,Qatar-1260821072717.fits,61273.311,2026-08-21T07:27:17.117-0000,100,45,yes,flip-y,10,284.51,194.76,,no
2026-08-21,Qatar-1,session_01,Qatar-1260821073015.fits,61273.313,2026-08-21T07:30:15.537-0000,100,45,yes,flip-y,10,285.84,195.85,,no
2026-08-21,Qatar-1,session_01,Qatar-1260821073316.fits,61273.315,2026-08-21T07:33:16.018-0000,100,45,yes,flip-y,10,285.86,196.8,,no
2026-08-21,Qatar-1,session_01,Qatar-1260821073615.fits,61273.317,2026-08-21T07:36:15.462-0000,100,45,yes,flip-y,9,288.97,196.16,,no
2026-08-21,Qatar-1,session_01,Qatar-1260821073916.fits,61273.319,2026-08-21T07:39:16.778-0000,100,45,yes,flip-y,10,288.97,196.48,,no
2026-08-21,Qatar-1,session_01,Qatar-1260821074217.fits,61273.321,2026-08-21T07:42:17.046-0000,100,45,yes,flip-y,10,288.72,194.54,,no
2026-08-21,Qatar-1,session_01,Qatar-1260821074515.fits,61273.323,2026-08-21T07:45:15.332-0000,100,45,yes,flip-y,9,291.11,191.76,,no
2026-08-21,Qatar-1,session_01,Qatar-1260821074815.fits,61273.325,2026-08-21T07:48:15.873-0000,100,45,yes,flip-y,10,293.91,191.86,,no
2026-08-21,Qatar-1,session_01,Qatar-1260821075115.fits,61273.327,2026-08-21T07:51:15.291-0000,100,45,yes,flip-y,10,294.47,191.5,,no
2026-08-21,Qatar-1,session_01,Qatar-1260821075415.fits,61273.329,2026-08-21T07:54:15.752-0000,100,45,yes,flip-y,10,295.43,197.68,,no
2026-08-21,Qatar-1,session_01,Qatar-1260821075715.fits,61273.331,2026-08-21T07:57:15.235-0000,100,45,yes,flip-y,9,295.35,193.64,,no
2026-08-21,Qatar-1,session_01,Qatar-1260821080016.fits,61273.334,2026-08-21T08:00:16.681-0000,100,45,yes,flip-y,10,297.4,197.47,,no
2026-08-21,Qatar-1,session_01,Qatar-1260821080316.fits,61273.336,2026-08-21T08:03:16.050-0000,100,45,yes,flip-y,10,299.0,194.79,,no
2026-08-21,Qatar-1,session_01,Qatar-1260821080615.fits,61273.338,2026-08-21T08:06:15.381-0000,100,45,yes,flip-y,10,300.67,197.76,,no
2026-08-21,Qatar-1,session_01,Qatar-1260821080916.fits,61273.34,2026-08-21T08:09:16.781-0000,100,45,yes,flip-y,10,300.33,198.35,,no
2026-08-21,Qatar-1,session_01,Qatar-1260821081215.fits,61273.342,2026-08-21T08:12:15.185-0000,100,45,yes,flip-y,10,301.93,197.73,,no
2026-08-21,Qatar-1,session_01,Qatar-1260821081515.fits,61273.344,2026-08-21T08:15:15.581-0000,100,45,yes,flip-y,10,303.93,194.81,,no
2026-08-23,CoRoT-2,session_01,CoRoT-2260823035758.fits,61275.165,2026-08-23T03:57:58.009-0000,25,0,no,,0,,,,no
2026-08-23,CoRoT-2,session_01,CoRoT-2260823040015.fits,61275.167,2026-08-23T04:00:15.500-0000,25,1,no,,0,,,,no
2026-08-23,CoRoT-2,session_01,CoRoT-2260823040315.fits,61275.169,2026-08-23T04:03:15.938-0000,9,0,no,,0,,,,no
2026-08-23,CoRoT-2,session_01,CoRoT-2260823040615.fits,61275.171,2026-08-23T04:06:15.311-0000,9,0,no,,0,,,,no
2026-08-23,CoRoT-2,session_01,CoRoT-2260823040915.fits,61275.173,2026-08-23T04:09:15.731-0000,9,1,no,,0,,,,no
2026-08-23,CoRoT-2,session_01,CoRoT-2260823041215.fits,61275.175,2026-08-23T04:12:15.157-0000,9,1,no,,0,,,,no
2026-08-23,CoRoT-2,session_01,CoRoT-2260823041515.fits,61275.177,2026-08-23T04:15:15.504-0000,9,3,no,,0,,,,no
2026-08-23,CoRoT-2,session_01,CoRoT-2260823041815.fits,61275.179,2026-08-23T04:18:15.901-0000,9,1,no,,0,,,,no
2026-08-23,CoRoT-2,session_01,CoRoT-2260823042115.fits,61275.181,2026-08-23T04:21:15.390-0000,9,1,no,,0,,,,no
2026-08-23,CoRoT-2,session_01,CoRoT-2260823042415.fits,61275.184,2026-08-23T04:24:15.915-0000,9,0,no,,0,,,,no
2026-08-23,CoRoT-2,session_01,CoRoT-2260823042715.fits,61275.186,2026-08-23T04:27:15.370-0000,9,0,no,,0,,,,no
2026-08-23,CoRoT-2,session_01,CoRoT-2260823043015.fits,61275.188,2026-08-23T04:30:15.968-0000,9,0,no,,0,,,,no
2026-08-23,CoRoT-2,session_01,CoRoT-2260823043315.fits,61275.19,2026-08-23T04:33:15.541-0000,18,2,no,,0,,,,no
2026-08-23,CoRoT-2,session_01,CoRoT-2260823043615.fits,61275.192,2026-08-23T04:36:15.944-0000,18,2,no,,0,,,,no
2026-08-23,CoRoT-2,session_01,CoRoT-2260823043915.fits,61275.194,2026-08-23T04:39:15.301-0000,18,5,no,,0,,,,no
2026-08-23,CoRoT-2,session_01,CoRoT-2260823044215.fits,61275.196,2026-08-23T04:42:15.751-0000,18,1,no,,0,,,,no
2026-08-23,CoRoT-2,session_01,CoRoT-2260823044516.fits,61275.198,2026-08-23T04:45:16.124-0000,18,3,no,,0,,,,no
2026-08-23,CoRoT-2,session_01,CoRoT-2260823044815.fits,61275.2,2026-08-23T04:48:15.499-0000,18,3,no,,0,,,,no
2026-08-23,CoRoT-2,session_01,CoRoT-2260823045115.fits,61275.202,2026-08-23T04:51:15.916-0000,18,2,no,,0,,,,no
2026-08-23,CoRoT-2,session_01,CoRoT-2260823045415.fits,61275.204,2026-08-23T04:54:15.262-0000,18,0,no,,0,,,,no
2026-08-23,CoRoT-2,session_01,CoRoT-2260823045715.fits,61275.206,2026-08-23T04:57:15.665-0000,18,2,no,,0,,,,no
2026-08-23,CoRoT-2,session_01,CoRoT-2260823050015.fits,61275.209,2026-08-23T05:00:15.980-0000,18,1,no,,0,,,,no
2026-08-23,CoRoT-2,session_01,CoRoT-2260823050315.fits,61275.211,2026-08-23T05:03:15.548-0000,6,2,no,,0,,,,no
2026-08-23,CoRoT-2,session_01,CoRoT-2260823050615.fits,61275.213,2026-08-23T05:06:15.903-0000,6,2,no,,0,,,,no
2026-08-23,CoRoT-2,session_01,CoRoT-2260823050915.fits,61275.215,2026-08-23T05:09:15.246-0000,6,1,no,,0,,,,no
2026-08-23,CoRoT-2,session_01,CoRoT-2260823051215.fits,61275.217,2026-08-23T05:12:15.630-0000,6,0,no,,0,,,,no
2026-08-23,CoRoT-2,session_01,CoRoT-2260823051516.fits,61275.219,2026-08-23T05:15:16.062-0000,6,1,no,,0,,,,no
2026-08-23,CoRoT-2,session_01,CoRoT-2260823051815.fits,61275.221,2026-08-23T05:18:15.438-0000,6,0,no,,0,,,,no
2026-08-23,CoRoT-2,session_01,CoRoT-2260823052115.fits,61275.223,2026-08-23T05:21:15.779-0000,6,0,no,,0,,,,no
2026-08-23,CoRoT-2,session_01,CoRoT-2260823052416.fits,61275.225,2026-08-23T05:24:16.128-0000,6,0,no,,0,,,,no
2026-08-23,CoRoT-2,session_01,CoRoT-2260823052715.fits,61275.227,2026-08-23T05:27:15.490-0000,6,0,no,,0,,,,no
2026-08-23,CoRoT-2,session_01,CoRoT-2260823053015.fits,61275.229,2026-08-23T05:30:15.956-0000,6,42,no,,0,,,,no
2026-08-23,CoRoT-2,session_01,CoRoT-2260823053315.fits,61275.231,2026-08-23T05:33:15.340-0000,10,0,no,,0,,,,no
2026-08-23,CoRoT-2,session_01,CoRoT-2260823053616.fits,61275.234,2026-08-23T05:36:16.756-0000,10,4,no,,0,,,,no
2026-08-23,CoRoT-2,session_01,CoRoT-2260823053915.fits,61275.236,2026-08-23T05:39:15.191-0000,10,1,no,,0,,,,no
2026-08-23,CoRoT-2,session_01,CoRoT-2260823054215.fits,61275.238,2026-08-23T05:42:15.555-0000,10,3,no,,0,,,,no
2026-08-23,CoRoT-2,session_01,CoRoT-2260823054515.fits,61275.24,2026-08-23T05:45:15.989-0000,10,3,no,,0,,,,no
2026-08-23,CoRoT-2,session_01,CoRoT-2260823054815.fits,61275.242,2026-08-23T05:48:15.484-0000,10,4,no,,0,,,,no
2026-08-23,CoRoT-2,session_01,CoRoT-2260823055115.fits,61275.244,2026-08-23T05:51:15.985-0000,10,2,no,,0,,,,no
2026-08-23,CoRoT-2,session_01,CoRoT-2260823055415.fits,61275.246,2026-08-23T05:54:15.402-0000,10,1,no,,0,,,,no
2026-08-23,CoRoT-2,session_01,CoRoT-2260823055715.fits,61275.248,2026-08-23T05:57:15.760-0000,10,2,no,,0,,,,no
2026-08-23,CoRoT-2,session_01,CoRoT-2260823060016.fits,61275.25,2026-08-23T06:00:16.112-0000,10,1,no,,0,,,,no
2026-08-23,CoRoT-2,session_01,CoRoT-2260823060315.fits,61275.252,2026-08-23T06:03:15.456-0000,16,3,no,,0,,,,no
2026-08-23,CoRoT-2,session_01,CoRoT-2260823060615.fits,61275.254,2026-08-23T06:06:15.842-0000,16,2,no,,0,,,,no
2026-08-23,CoRoT-2,session_01,CoRoT-2260823061216.fits,61275.259,2026-08-23T06:12:16.690-0000,16,5,no,,0,,,,no
2026-08-23,CoRoT-2,session_01,CoRoT-2260823061516.fits,61275.261,2026-08-23T06:15:16.039-0000,16,1,no,,0,,,,no
2026-08-23,CoRoT-2,session_01,CoRoT-2260823061815.fits,61275.263,2026-08-23T06:18:15.407-0000,16,7,no,,0,,,,no
2026-08-23,CoRoT-2,session_01,CoRoT-2260823062115.fits,61275.265,2026-08-23T06:21:15.791-0000,16,2,no,,0,,,,no
2026-08-23,CoRoT-2,session_01,CoRoT-2260823062415.fits,61275.267,2026-08-23T06:24:15.270-0000,16,1,no,,0,,,,no
2026-08-23,CoRoT-2,session_01,CoRoT-2260823062715.fits,61275.269,2026-08-23T06:27:15.688-0000,16,1,no,,0,,,,no
2026-08-23,CoRoT-2,session_01,CoRoT-2260823063016.fits,61275.271,2026-08-23T06:30:16.015-0000,16,0,no,,0,,,,no
2026-08-23,CoRoT-2,session_01,CoRoT-2260823063315.fits,61275.273,2026-08-23T06:33:15.549-0000,35,0,no,,0,,,,no
2026-08-23,CoRoT-2,session_01,CoRoT-2260823063616.fits,61275.275,2026-08-23T06:36:16.944-0000,35,0,no,,0,,,,no
2026-08-23,CoRoT-2,session_01,CoRoT-2260823063916.fits,61275.277,2026-08-23T06:39:16.377-0000,35,0,no,,0,,,,no
2026-08-23,CoRoT-2,session_01,CoRoT-2260823064215.fits,61275.279,2026-08-23T06:42:15.875-0000,35,10,no,,0,,,,no
2026-08-23,CoRoT-2,session_01,CoRoT-2260823064515.fits,61275.281,2026-08-23T06:45:15.334-0000,35,45,no,,0,,,,no
2026-08-23,CoRoT-2,session_01,CoRoT-2260823064816.fits,61275.284,2026-08-23T06:48:16.714-0000,35,45,no,,0,,,,no
2026-08-23,CoRoT-2,session_01,CoRoT-2260823065115.fits,61275.286,2026-08-23T06:51:15.162-0000,35,45,no,,0,,,,no
2026-08-23,CoRoT-2,session_01,CoRoT-2260823065415.fits,61275.288,2026-08-23T06:54:15.522-0000,35,23,no,,0,,,,no
2026-08-23,CoRoT-2,session_01,CoRoT-2260823065715.fits,61275.29,2026-08-23T06:57:15.977-0000,35,45,no,,0,,,,no
2026-08-23,CoRoT-2,session_01,CoRoT-2260823070015.fits,61275.292,2026-08-23T07:00:15.505-0000,35,45,no,,0,,,,no
2026-08-23,CoRoT-2,session_01,CoRoT-2260823070316.fits,61275.294,2026-08-23T07:03:16.911-0000,59,45,no,,0,,,,no
2026-08-23,CoRoT-2,session_01,CoRoT-2260823070615.fits,61275.296,2026-08-23T07:06:15.296-0000,59,8,no,,0,,,,no
2026-08-23,CoRoT-2,session_01,CoRoT-2260823070915.fits,61275.298,2026-08-23T07:09:15.720-0000,59,45,no,,0,,,,no
2026-08-23,CoRoT-2,session_01,CoRoT-2260823071216.fits,61275.3,2026-08-23T07:12:16.087-0000,59,45,no,,0,,,,no
2026-08-23,CoRoT-2,session_01,CoRoT-2260823071515.fits,61275.302,2026-08-23T07:15:15.482-0000,59,45,no,,0,,,,no
2026-08-23,CoRoT-2,session_01,CoRoT-2260823071815.fits,61275.304,2026-08-23T07:18:15.791-0000,59,45,no,,0,,,,no
2026-08-23,CoRoT-2,session_01,CoRoT-2260823072115.fits,61275.306,2026-08-23T07:21:15.145-0000,59,19,no,,0,,,,no
2026-08-23,CoRoT-2,session_01,CoRoT-2260823072415.fits,61275.309,2026-08-23T07:24:15.594-0000,59,45,no,,0,,,,no
2026-08-23,CoRoT-2,session_01,CoRoT-2260823072715.fits,61275.311,2026-08-23T07:27:15.981-0000,59,45,no,,0,,,,no
2026-08-23,CoRoT-2,session_01,CoRoT-2260823073015.fits,61275.313,2026-08-23T07:30:15.453-0000,59,45,no,,0,,,,no
2026-08-23,CoRoT-2,session_01,CoRoT-2260823073315.fits,61275.315,2026-08-23T07:33:15.809-0000,78,45,no,,0,,,,no
2026-08-23,CoRoT-2,session_01,CoRoT-2260823073615.fits,61275.317,2026-08-23T07:36:15.226-0000,78,20,no,,0,,,,no
2026-08-23,CoRoT-2,session_01,CoRoT-2260823073915.fits,61275.319,2026-08-23T07:39:15.639-0000,78,45,no,,0,,,,no
2026-08-23,CoRoT-2,session_01,CoRoT-2260823074216.fits,61275.321,2026-08-23T07:42:16.063-0000,78,29,no,,0,,,,no
2026-08-23,CoRoT-2,session_01,CoRoT-2260823074515.fits,61275.323,2026-08-23T07:45:15.494-0000,78,15,no,,0,,,,no
2026-08-23,CoRoT-2,session_01,CoRoT-2260823074815.fits,61275.325,2026-08-23T07:48:15.899-0000,78,34,no,,0,,,,no
2026-08-23,CoRoT-2,session_01,CoRoT-2260823075115.fits,61275.327,2026-08-23T07:51:15.312-0000,78,45,no,,0,,,,no
2026-08-23,CoRoT-2,session_01,CoRoT-2260823075415.fits,61275.329,2026-08-23T07:54:15.700-0000,78,45,no,,0,,,,no
2026-08-23,CoRoT-2,session_01,CoRoT-2260823075716.fits,61275.331,2026-08-23T07:57:16.116-0000,78,45,no,,0,,,,no
2026-08-23,CoRoT-2,session_01,CoRoT-2260823080015.fits,61275.334,2026-08-23T08:00:15.592-0000,78,4,no,,0,,,,no
2026-08-23,CoRoT-2,session_01,CoRoT-2260823080315.fits,61275.336,2026-08-23T08:03:15.942-0000,80,2,no,,0,,,,no
2026-08-23,CoRoT-2,session_01,CoRoT-2260823080615.fits,61275.338,2026-08-23T08:06:15.432-0000,80,0,no,,0,,,,no
2026-08-23,CoRoT-2,session_01,CoRoT-2260823080915.fits,61275.34,2026-08-23T08:09:15.820-0000,80,30,no,,0,,,,no
2026-08-23,CoRoT-2,session_01,CoRoT-2260823081215.fits,61275.342,2026-08-23T08:12:15.189-0000,80,45,no,,0,,,,no
2026-08-23,CoRoT-2,session_01,CoRoT-2260823081515.fits,61275.344,2026-08-23T08:15:15.644-0000,80,2,no,,0,,,,no
2026-08-24,WASP-2,session_01,WASP-2260824045231.fits,61276.203,2026-08-24T04:52:31.321-0000,0,5,no,,0,,,,no
2026-08-24,WASP-2,session_01,WASP-2260824045415.fits,61276.204,2026-08-24T04:54:15.499-0000,0,3,no,,0,,,,no
2026-08-24,WASP-2,session_01,WASP-2260824045715.fits,61276.206,2026-08-24T04:57:15.947-0000,0,3,no,,0,,,,no
2026-08-24,WASP-2,session_01,WASP-2260824050015.fits,61276.209,2026-08-24T05:00:15.372-0000,0,9,no,,0,,,,no
2026-08-24,WASP-2,session_01,WASP-2260824050316.fits,61276.211,2026-08-24T05:03:16.712-0000,2,3,no,,0,,,,no
2026-08-24,WASP-2,session_01,WASP-2260824050616.fits,61276.213,2026-08-24T05:06:16.030-0000,2,6,no,,0,,,,no
2026-08-24,WASP-2,session_01,WASP-2260824050915.fits,61276.215,2026-08-24T05:09:15.374-0000,2,3,no,,0,,,,no
2026-08-24,WASP-2,session_01,WASP-2260824051215.fits,61276.217,2026-08-24T05:12:15.762-0000,2,3,no,,0,,,,no
2026-08-24,WASP-2,session_01,WASP-2260824051516.fits,61276.219,2026-08-24T05:15:16.092-0000,2,3,no,,0,,,,no
2026-08-24,WASP-2,session_01,WASP-2260824051815.fits,61276.221,2026-08-24T05:18:15.475-0000,2,3,no,,0,,,,no
2026-08-24,WASP-2,session_01,WASP-2260824052115.fits,61276.223,2026-08-24T05:21:15.856-0000,2,19,no,,0,,,,no
2026-08-24,WASP-2,session_01,WASP-2260824052415.fits,61276.225,2026-08-24T05:24:15.159-0000,2,15,no,,0,,,,no
2026-08-24,WASP-2,session_01,WASP-2260824052715.fits,61276.227,2026-08-24T05:27:15.512-0000,2,37,no,,0,,,,no
2026-08-24,WASP-2,session_01,WASP-2260824053017.fits,61276.229,2026-08-24T05:30:17.002-0000,2,29,no,,0,,,,no
2026-08-24,WASP-2,session_01,WASP-2260824053316.fits,61276.231,2026-08-24T05:33:16.452-0000,20,19,no,,0,,,,no
2026-08-24,WASP-2,session_01,WASP-2260824053616.fits,61276.234,2026-08-24T05:36:16.852-0000,20,33,no,,0,,,,no
2026-08-24,WASP-2,session_01,WASP-2260824053915.fits,61276.236,2026-08-24T05:39:15.244-0000,20,36,no,,0,,,,no
2026-08-24,WASP-2,session_01,WASP-2260824054216.fits,61276.238,2026-08-24T05:42:16.637-0000,20,16,no,,0,,,,no
2026-08-24,WASP-2,session_01,WASP-2260824054516.fits,61276.24,2026-08-24T05:45:16.148-0000,20,45,no,,0,,,,no
2026-08-24,WASP-2,session_01,WASP-2260824054815.fits,61276.242,2026-08-24T05:48:15.409-0000,20,42,no,,0,,,,no
2026-08-24,WASP-2,session_01,WASP-2260824055115.fits,61276.244,2026-08-24T05:51:15.942-0000,20,45,no,,0,,,,no
2026-08-24,WASP-2,session_01,WASP-2260824055415.fits,61276.246,2026-08-24T05:54:15.429-0000,20,45,no,,0,,,,no
2026-08-24,WASP-2,session_01,WASP-2260824055715.fits,61276.248,2026-08-24T05:57:15.770-0000,20,45,no,,0,,,,no
2026-08-24,WASP-2,session_01,WASP-2260824060015.fits,61276.25,2026-08-24T06:00:15.198-0000,20,45,no,,0,,,,no
2026-08-24,WASP-2,session_01,WASP-2260824060315.fits,61276.252,2026-08-24T06:03:15.545-0000,32,1,no,,0,,,,no
2026-08-24,WASP-2,session_01,WASP-2260824060615.fits,61276.254,2026-08-24T06:06:15.900-0000,32,2,no,,0,,,,no
2026-08-24,WASP-2,session_01,WASP-2260824060915.fits,61276.256,2026-08-24T06:09:15.314-0000,32,0,no,,0,,,,no
2026-08-24,WASP-2,session_01,WASP-2260824061215.fits,61276.259,2026-08-24T06:12:15.788-0000,32,0,no,,0,,,,no
2026-08-24,WASP-2,session_01,WASP-2260824061516.fits,61276.261,2026-08-24T06:15:16.138-0000,32,3,no,,0,,,,no
2026-08-24,WASP-2,session_01,WASP-2260824061815.fits,61276.263,2026-08-24T06:18:15.403-0000,32,3,no,,0,,,,no
2026-08-24,WASP-2,session_01,WASP-2260824062115.fits,61276.265,2026-08-24T06:21:15.825-0000,32,0,no,,0,,,,no
2026-08-24,WASP-2,session_01,WASP-2260824062415.fits,61276.267,2026-08-24T06:24:15.206-0000,32,1,no,,0,,,,no
2026-08-24,WASP-2,session_01,WASP-2260824062715.fits,61276.269,2026-08-24T06:27:15.578-0000,32,20,no,,0,,,,no
2026-08-24,WASP-2,session_01,WASP-2260824063016.fits,61276.271,2026-08-24T06:30:16.047-0000,32,32,no,,0,,,,no
2026-08-24,WASP-2,session_01,WASP-2260824063315.fits,61276.273,2026-08-24T06:33:15.370-0000,41,45,no,,0,,,,no
2026-08-24,WASP-2,session_01,WASP-2260824063615.fits,61276.275,2026-08-24T06:36:15.679-0000,41,45,no,,0,,,,no
2026-08-24,WASP-2,session_01,WASP-2260824063916.fits,61276.277,2026-08-24T06:39:16.023-0000,41,42,no,,0,,,,no
2026-08-24,WASP-2,session_01,WASP-2260824064215.fits,61276.279,2026-08-24T06:42:15.428-0000,41,45,no,,0,,,,no
2026-08-24,WASP-2,session_01,WASP-2260824064516.fits,61276.281,2026-08-24T06:45:16.891-0000,41,17,no,,0,,,,no
2026-08-24,WASP-2,session_01,WASP-2260824064815.fits,61276.284,2026-08-24T06:48:15.312-0000,41,21,no,,0,,,,no
2026-08-24,WASP-2,session_01,WASP-2260824065115.fits,61276.286,2026-08-24T06:51:15.705-0000,41,2,no,,0,,,,no
2026-08-24,WASP-2,session_01,WASP-2260824065416.fits,61276.288,2026-08-24T06:54:16.053-0000,41,5,no,,0,,,,no
2026-08-24,WASP-2,session_01,WASP-2260824065715.fits,61276.29,2026-08-24T06:57:15.424-0000,41,3,no,,0,,,,no
2026-08-24,WASP-2,session_01,WASP-2260824070015.fits,61276.292,2026-08-24T07:00:15.856-0000,41,15,no,,0,,,,no
2026-08-24,WASP-2,session_01,WASP-2260824070315.fits,61276.294,2026-08-24T07:03:15.326-0000,42,3,no,,0,,,,no
2026-08-24,WASP-2,session_01,WASP-2260824070615.fits,61276.296,2026-08-24T07:06:15.690-0000,42,11,no,,0,,,,no
2026-08-24,WASP-2,session_01,WASP-2260824070916.fits,61276.298,2026-08-24T07:09:16.135-0000,42,13,no,,0,,,,no
2026-08-24,WASP-2,session_01,WASP-2260824071215.fits,61276.3,2026-08-24T07:12:15.530-0000,42,24,no,,0,,,,no
2026-08-24,WASP-2,session_01,WASP-2260824071515.fits,61276.302,2026-08-24T07:15:15.898-0000,42,45,yes,flip-y,5,547.99,251.19,,no
2026-08-24,WASP-2,session_01,WASP-2260824071815.fits,61276.304,2026-08-24T07:18:15.311-0000,42,41,no,,0,,,,no
2026-08-24,WASP-2,session_01,WASP-2260824072115.fits,61276.306,2026-08-24T07:21:15.686-0000,42,45,no,,0,,,,no
2026-08-24,WASP-2,session_01,WASP-2260824072416.fits,61276.309,2026-08-24T07:24:16.019-0000,42,45,yes,flip-y,5,548.3,249.31,,no
2026-08-24,WASP-2,session_01,WASP-2260824072716.fits,61276.311,2026-08-24T07:27:16.402-0000,42,45,no,,0,,,,no
2026-08-24,WASP-2,session_01,WASP-2260824073015.fits,61276.313,2026-08-24T07:30:15.816-0000,42,2,no,,0,,,,no
2026-08-24,WASP-2,session_01,WASP-2260824073315.fits,61276.315,2026-08-24T07:33:15.185-0000,61,3,no,,0,,,,no
2026-08-24,WASP-2,session_01,WASP-2260824073615.fits,61276.317,2026-08-24T07:36:15.533-0000,61,8,no,,0,,,,no
2026-08-24,WASP-2,session_01,WASP-2260824073915.fits,61276.319,2026-08-24T07:39:15.978-0000,61,45,yes,flip-y,5,541.8,248.83,,no
2026-08-24,WASP-2,session_01,WASP-2260824074215.fits,61276.321,2026-08-24T07:42:15.350-0000,61,45,yes,flip-y,5,544.22,244.11,,no
2026-08-24,WASP-2,session_01,WASP-2260824074515.fits,61276.323,2026-08-24T07:45:15.661-0000,61,45,no,,0,,,,no
2026-08-24,WASP-2,session_01,WASP-2260824074815.fits,61276.325,2026-08-24T07:48:15.975-0000,61,0,no,,0,,,,no
2026-08-24,WASP-2,session_01,WASP-2260824075115.fits,61276.327,2026-08-24T07:51:15.384-0000,61,18,no,,0,,,,no
2026-08-24,WASP-2,session_01,WASP-2260824075416.fits,61276.329,2026-08-24T07:54:16.831-0000,61,37,no,,0,,,,no
2026-08-24,WASP-2,session_01,WASP-2260824075715.fits,61276.331,2026-08-24T07:57:15.233-0000,61,2,no,,0,,,,no
2026-08-24,WASP-2,session_01,WASP-2260824080015.fits,61276.334,2026-08-24T08:00:15.668-0000,61,45,yes,flip-y,5,546.24,251.75,,no
2026-08-24,WASP-2,session_01,WASP-2260824080316.fits,61276.336,2026-08-24T08:03:16.078-0000,83,2,no,,0,,,,no
2026-08-24,WASP-2,session_01,WASP-2260824080615.fits,61276.338,2026-08-24T08:06:15.465-0000,83,23,no,,0,,,,no
2026-08-24,WASP-2,session_01,WASP-2260824080915.fits,61276.34,2026-08-24T08:09:15.785-0000,83,45,yes,flip-y,5,548.05,249.57,,no
2026-08-24,WASP-2,session_01,WASP-2260824081215.fits,61276.342,2026-08-24T08:12:15.341-0000,83,45,yes,flip-y,5,545.77,248.13,,no
2026-08-24,WASP-2,session_01,WASP-2260824081515.fits,61276.344,2026-08-24T08:15:15.751-0000,83,24,no,,0,,,,no
2026-08-24,WASP-2,session_01,WASP-2260824081816.fits,61276.346,2026-08-24T08:18:16.150-0000,83,45,no,,0,,,,no
2026-08-24,WASP-2,session_01,WASP-2260824082115.fits,61276.348,2026-08-24T08:21:15.538-0000,83,0,no,,0,,,,no
2026-08-24,WASP-2,session_01,WASP-2260824082415.fits,61276.35,2026-08-24T08:24:15.968-0000,83,7,no,,0,,,,no
2026-08-24,WASP-2,session_01,WASP-2260824082715.fits,61276.352,2026-08-24T08:27:15.273-0000,83,3,no,,0,,,,no
2026-08-24,WASP-2,session_01,WASP-2260824083015.fits,61276.354,2026-08-24T08:30:15.718-0000,83,3,no,,0,,,,no
2026-08-24,WASP-2,session_01,WASP-2260824083316.fits,61276.356,2026-08-24T08:33:16.153-0000,88,10,no,,0,,,,no
2026-08-24,WASP-2,session_01,WASP-2260824083615.fits,61276.359,2026-08-24T08:36:15.447-0000,88,29,no,,0,,,,no
2026-08-24,WASP-2,session_01,WASP-2260824083916.fits,61276.361,2026-08-24T08:39:16.874-0000,88,45,no,,0,,,,no
2026-08-26,TRES-5,session_01,TRES-5260826064446.fits,61278.281,2026-08-26T06:44:46.938-0000,100,45,no,,0,,,,no
2026-08-26,TRES-5,session_01,TRES-5260826064630.fits,61278.282,2026-08-26T06:46:30.182-0000,100,45,no,,0,,,,no
2026-08-26,TRES-5,session_01,TRES-5260826064815.fits,61278.284,2026-08-26T06:48:15.285-0000,100,45,yes,N-up_E-left,5,470.17,153.25,,no
2026-08-26,TRES-5,session_01,TRES-5260826065116.fits,61278.286,2026-08-26T06:51:16.826-0000,100,45,no,,0,,,,no
2026-08-26,TRES-5,session_01,TRES-5260826065416.fits,61278.288,2026-08-26T06:54:16.151-0000,100,45,yes,N-up_E-left,5,470.41,151.74,,no
2026-08-26,TRES-5,session_01,TRES-5260826065715.fits,61278.29,2026-08-26T06:57:15.561-0000,100,45,yes,N-up_E-left,5,474.48,151.24,,no
2026-08-26,TRES-5,session_01,TRES-5260826070015.fits,61278.292,2026-08-26T07:00:15.915-0000,100,45,no,,0,,,,no
2026-08-26,TRES-5,session_01,TRES-5260826070315.fits,61278.294,2026-08-26T07:03:15.462-0000,100,45,yes,flip-y,5,429.24,166.01,,no
2026-08-26,TRES-5,session_01,TRES-5260826070615.fits,61278.296,2026-08-26T07:06:15.907-0000,100,45,yes,flip-y,5,429.89,168.56,,no
2026-08-26,TRES-5,session_01,TRES-5260826070915.fits,61278.298,2026-08-26T07:09:15.178-0000,100,45,yes,N-up_E-left,5,476.61,151.35,,no
2026-08-26,TRES-5,session_01,TRES-5260826071215.fits,61278.3,2026-08-26T07:12:15.486-0000,100,45,yes,N-up_E-left,5,479.67,149.42,,no
2026-08-26,TRES-5,session_01,TRES-5260826071516.fits,61278.302,2026-08-26T07:15:16.786-0000,100,45,yes,N-up_E-left,5,477.87,148.41,,no
2026-08-26,TRES-5,session_01,TRES-5260826071816.fits,61278.304,2026-08-26T07:18:16.058-0000,100,45,yes,flip-y,5,433.97,165.15,,no
2026-08-26,TRES-5,session_01,TRES-5260826072115.fits,61278.306,2026-08-26T07:21:15.402-0000,100,45,yes,N-up_E-left,6,243.22,277.37,,no
2026-08-26,TRES-5,session_01,TRES-5260826072415.fits,61278.309,2026-08-26T07:24:15.946-0000,100,45,yes,N-up_E-left,5,242.52,276.78,,no
2026-08-26,TRES-5,session_01,TRES-5260826072716.fits,61278.311,2026-08-26T07:27:16.276-0000,100,45,yes,N-up_E-left,6,244.19,275.96,,no
2026-08-26,TRES-5,session_01,TRES-5260826073016.fits,61278.313,2026-08-26T07:30:16.840-0000,100,45,yes,N-up_E-left,5,244.24,274.26,,no
2026-08-26,TRES-5,session_01,TRES-5260826073315.fits,61278.315,2026-08-26T07:33:15.153-0000,100,45,yes,N-up_E-left,6,244.74,272.0,,no
2026-08-26,TRES-5,session_01,TRES-5260826073615.fits,61278.317,2026-08-26T07:36:15.494-0000,100,45,yes,N-up_E-left,5,290.33,223.15,,no
2026-08-26,TRES-5,session_01,TRES-5260826073915.fits,61278.319,2026-08-26T07:39:15.966-0000,100,45,yes,N-up_E-left,6,247.89,278.46,,no
2026-08-26,TRES-5,session_01,TRES-5260826074215.fits,61278.321,2026-08-26T07:42:15.489-0000,100,45,yes,N-up_E-left,6,250.11,276.84,,no
2026-08-26,TRES-5,session_01,TRES-5260826074516.fits,61278.323,2026-08-26T07:45:16.822-0000,100,45,yes,N-up_E-left,5,253.34,276.44,,no
2026-08-26,TRES-5,session_01,TRES-5260826074815.fits,61278.325,2026-08-26T07:48:15.159-0000,100,45,no,,0,,,,no
2026-08-26,TRES-5,session_01,TRES-5260826075115.fits,61278.327,2026-08-26T07:51:15.531-0000,100,45,yes,N-up_E-left,5,253.8,274.12,,no
2026-08-26,TRES-5,session_01,TRES-5260826075416.fits,61278.329,2026-08-26T07:54:16.985-0000,100,45,yes,N-up_E-left,6,255.02,273.1,,no
2026-08-26,TRES-5,session_01,TRES-5260826075716.fits,61278.331,2026-08-26T07:57:16.437-0000,100,45,no,,0,,,,no
2026-08-26,TRES-5,session_01,TRES-5260826080015.fits,61278.334,2026-08-26T08:00:15.998-0000,100,45,yes,N-up_E-left,6,297.17,329.38,,no
2026-08-26,TRES-5,session_01,TRES-5260826080315.fits,61278.336,2026-08-26T08:03:15.405-0000,100,45,no,,0,,,,no
2026-08-26,TRES-5,session_01,TRES-5260826080615.fits,61278.338,2026-08-26T08:06:15.786-0000,100,45,no,,0,,,,no
2026-08-26,TRES-5,session_01,TRES-5260826080916.fits,61278.34,2026-08-26T08:09:16.034-0000,100,45,yes,flip-y,6,304.78,161.47,,no
2026-08-26,TRES-5,session_01,TRES-5260826081215.fits,61278.342,2026-08-26T08:12:15.515-0000,100,45,yes,N-up_E-left,6,302.77,333.72,,no
2026-08-26,TRES-5,session_01,TRES-5260826081516.fits,61278.344,2026-08-26T08:15:16.870-0000,100,45,no,,0,,,,no
2026-08-26,TRES-5,session_01,TRES-5260826081815.fits,61278.346,2026-08-26T08:18:15.252-0000,100,45,yes,N-up_E-left,5,305.43,333.56,,no
2026-08-26,TRES-5,session_01,TRES-5260826082115.fits,61278.348,2026-08-26T08:21:15.808-0000,100,45,yes,N-up_E-left,6,308.78,334.05,,no
2026-08-26,TRES-5,session_01,TRES-5260826082415.fits,61278.35,2026-08-26T08:24:15.183-0000,100,45,yes,N-up_E-left,6,308.57,333.18,,no
2026-08-26,TRES-5,session_01,TRES-5260826082715.fits,61278.352,2026-08-26T08:27:15.586-0000,100,45,yes,N-up_E-left,6,310.33,336.04,,no
2026-08-26,TRES-5,session_01,TRES-5260826083015.fits,61278.354,2026-08-26T08:30:15.930-0000,100,45,yes,N-up_E-left,6,310.52,333.62,,no
2026-08-26,TRES-5,session_01,TRES-5260826083316.fits,61278.356,2026-08-26T08:33:16.321-0000,100,45,yes,N-up_E-left,6,311.55,333.96,,no
2026-08-26,TRES-5,session_01,TRES-5260826083616.fits,61278.359,2026-08-26T08:36:16.690-0000,100,45,yes,N-up_E-left,5,274.42,274.46,,no
2026-08-26,TRES-5,session_01,TRES-5260826083915.fits,61278.361,2026-08-26T08:39:15.949-0000,100,45,yes,N-up_E-left,6,318.53,328.46,,no
2026-08-26,TRES-5,session_01,TRES-5260826084215.fits,61278.363,2026-08-26T08:42:15.381-0000,100,45,yes,flip-y,7,319.77,158.72,,no
2026-08-26,TRES-5,session_01,TRES-5260826084515.fits,61278.365,2026-08-26T08:45:15.749-0000,100,45,yes,N-up_E-left,6,319.46,333.7,,no
2026-08-26,TRES-5,session_01,TRES-5260826084816.fits,61278.367,2026-08-26T08:48:16.157-0000,100,45,yes,flip-y,7,322.57,156.88,,no
2026-08-26,TRES-5,session_01,TRES-5260826085116.fits,61278.369,2026-08-26T08:51:16.477-0000,100,45,yes,N-up_E-left,7,322.2,331.46,,no
2026-08-26,TRES-5,session_01,TRES-5260826085417.fits,61278.371,2026-08-26T08:54:17.089-0000,100,45,yes,N-up_E-left,7,321.53,330.62,,no
2026-08-26,TRES-5,session_01,TRES-5260826085715.fits,61278.373,2026-08-26T08:57:15.521-0000,100,45,yes,N-up_E-left,7,324.41,329.99,,no
2026-08-26,TRES-5,session_01,TRES-5260826090015.fits,61278.375,2026-08-26T09:00:15.978-0000,100,45,yes,flip-y,13,332.46,155.93,,no
2026-08-26,TRES-5,session_01,TRES-5260826090315.fits,61278.377,2026-08-26T09:03:15.330-0000,100,45,yes,flip-y,12,335.25,153.63,,no
2026-08-26,TRES-5,session_01,TRES-5260826090615.fits,61278.379,2026-08-26T09:06:15.712-0000,100,45,yes,flip-y,7,331.57,155.47,,no
2026-08-26,TRES-5,session_01,TRES-5260826090916.fits,61278.381,2026-08-26T09:09:16.026-0000,100,45,yes,flip-y,9,332.52,153.7,,no
2026-08-26,TRES-5,session_01,TRES-5260826091215.fits,61278.384,2026-08-26T09:12:15.469-0000,100,45,yes,flip-y,16,335.29,155.77,,no
2026-08-26,TRES-5,session_01,TRES-5260826091515.fits,61278.386,2026-08-26T09:15:15.843-0000,100,45,yes,flip-y,14,337.63,154.5,,no
2026-08-26,TRES-5,session_01,TRES-5260826091815.fits,61278.388,2026-08-26T09:18:15.335-0000,100,45,yes,flip-y,15,336.88,156.14,,no
2026-08-26,TRES-5,session_01,TRES-5260826092115.fits,61278.39,2026-08-26T09:21:15.647-0000,100,45,yes,flip-y,14,339.6,155.12,,no
2026-08-26,TRES-5,session_01,TRES-5260826092415.fits,61278.392,2026-08-26T09:24:15.181-0000,100,45,yes,flip-y,15,340.56,153.04,,no
2026-08-26,TRES-5,session_01,TRES-5260826092715.fits,61278.394,2026-08-26T09:27:15.488-0000,100,45,yes,flip-y,12,344.49,157.44,,no
2026-08-26,TRES-5,session_01,TRES-5260826093016.fits,61278.396,2026-08-26T09:30:16.947-0000,100,45,yes,flip-y,14,343.93,155.9,,no
2026-08-26,TRES-5,session_01,TRES-5260826093315.fits,61278.398,2026-08-26T09:33:15.303-0000,100,45,yes,flip-y,14,345.31,155.31,,no
2026-08-26,TRES-5,session_01,TRES-5260826093615.fits,61278.4,2026-08-26T09:36:15.700-0000,100,45,yes,flip-y,15,350.09,161.5,,no
2026-08-26,TRES-5,session_01,TRES-5260826093916.fits,61278.402,2026-08-26T09:39:16.030-0000,100,45,yes,flip-y,14,347.35,156.62,,no
2026-08-26,TRES-5,session_01,TRES-5260826094215.fits,61278.404,2026-08-26T09:42:15.461-0000,100,45,yes,flip-y,14,350.63,155.97,,no
2026-08-26,TRES-5,session_01,TRES-5260826094515.fits,61278.406,2026-08-26T09:45:15.817-0000,100,45,yes,flip-y,14,353.94,153.46,,no
2026-08-26,TRES-5,session_01,TRES-5260826094816.fits,61278.409,2026-08-26T09:48:16.183-0000,100,45,yes,flip-y,14,356.37,158.32,,no
2026-08-26,TRES-5,session_01,TRES-5260826095115.fits,61278.411,2026-08-26T09:51:15.537-0000,100,45,yes,flip-y,14,358.72,157.02,,no
2026-08-26,TRES-5,session_01,TRES-5260826095415.fits,61278.413,2026-08-26T09:54:15.968-0000,100,45,yes,flip-y,14,358.91,154.87,,no
2026-08-26,TRES-5,session_01,TRES-5260826095715.fits,61278.415,2026-08-26T09:57:15.334-0000,100,45,yes,flip-y,14,360.0,153.37,,no
2026-08-26,TRES-5,session_01,TRES-5260826100015.fits,61278.417,2026-08-26T10:00:15.755-0000,100,45,yes,flip-y,14,362.9,157.01,,no
2026-08-26,TRES-5,session_01,TRES-5260826100315.fits,61278.419,2026-08-26T10:03:15.142-0000,100,45,yes,flip-y,14,366.65,157.81,,no
2026-08-26,TRES-5,session_01,TRES-5260826100615.fits,61278.421,2026-08-26T10:06:15.497-0000,100,45,yes,flip-y,14,364.22,156.74,,no
2026-08-26,TRES-5,session_01,TRES-5260826100915.fits,61278.423,2026-08-26T10:09:15.880-0000,100,45,yes,flip-y,14,366.46,162.05,,no
2026-08-26,TRES-5,session_01,TRES-5260826101215.fits,61278.425,2026-08-26T10:12:15.321-0000,100,45,yes,flip-y,14,369.12,159.0,,no
2026-08-26,TRES-5,session_01,TRES-5260826101516.fits,61278.427,2026-08-26T10:15:16.712-0000,100,45,yes,flip-y,14,370.98,155.6,,no
2026-08-26,TRES-5,session_01,TRES-5260826101817.fits,61278.429,2026-08-26T10:18:17.153-0000,100,45,yes,flip-y,16,374.64,164.71,,no
2026-08-26,TRES-5,session_01,TRES-5260826102115.fits,61278.431,2026-08-26T10:21:15.525-0000,100,45,yes,flip-y,13,372.63,160.57,,no
2026-08-27,TRES-3,session_01,TRES-3260827053937.fits,61279.236,2026-08-27T05:39:37.519-0000,100,45,no,,0,,,,no
2026-08-27,TRES-3,session_01,TRES-3260827054215.fits,61279.238,2026-08-27T05:42:15.162-0000,100,45,no,,0,,,,no
2026-08-27,TRES-3,session_01,TRES-3260827054515.fits,61279.24,2026-08-27T05:45:15.673-0000,100,45,no,,0,,,,no
2026-08-27,TRES-3,session_01,TRES-3260827054816.fits,61279.242,2026-08-27T05:48:16.323-0000,100,45,no,,0,,,,no
2026-08-27,TRES-3,session_01,TRES-3260827055115.fits,61279.244,2026-08-27T05:51:15.888-0000,100,45,no,,0,,,,no
2026-08-27,TRES-3,session_01,TRES-3260827055415.fits,61279.246,2026-08-27T05:54:15.483-0000,100,45,no,,0,,,,no
2026-08-27,TRES-3,session_01,TRES-3260827055716.fits,61279.248,2026-08-27T05:57:16.044-0000,100,45,no,,0,,,,no
2026-08-27,TRES-3,session_01,TRES-3260827060015.fits,61279.25,2026-08-27T06:00:15.701-0000,100,45,no,,0,,,,no
2026-08-27,TRES-3,session_01,TRES-3260827060315.fits,61279.252,2026-08-27T06:03:15.336-0000,100,45,no,,0,,,,no
2026-08-27,TRES-3,session_01,TRES-3260827060616.fits,61279.254,2026-08-27T06:06:16.031-0000,100,45,no,,0,,,,no
2026-08-27,TRES-3,session_01,TRES-3260827060915.fits,61279.256,2026-08-27T06:09:15.504-0000,100,45,no,,0,,,,no
2026-08-27,TRES-3,session_01,TRES-3260827061215.fits,61279.259,2026-08-27T06:12:15.171-0000,100,45,no,,0,,,,no
2026-08-27,TRES-3,session_01,TRES-3260827061515.fits,61279.261,2026-08-27T06:15:15.652-0000,100,45,no,,0,,,,no
2026-08-27,TRES-3,session_01,TRES-3260827061815.fits,61279.263,2026-08-27T06:18:15.200-0000,100,45,no,,0,,,,no
2026-08-27,TRES-3,session_01,TRES-3260827062115.fits,61279.265,2026-08-27T06:21:15.793-0000,100,45,no,,0,,,,no
2026-08-27,TRES-3,session_01,TRES-3260827062415.fits,61279.267,2026-08-27T06:24:15.423-0000,100,45,no,,0,,,,no
2026-08-27,TRES-3,session_01,TRES-3260827062716.fits,61279.269,2026-08-27T06:27:16.076-0000,100,45,no,,0,,,,no
2026-08-27,TRES-3,session_01,TRES-3260827063015.fits,61279.271,2026-08-27T06:30:15.625-0000,100,45,no,,0,,,,no
2026-08-27,TRES-3,session_01,TRES-3260827063315.fits,61279.273,2026-08-27T06:33:15.391-0000,100,45,no,,0,,,,no
2026-08-27,TRES-3,session_01,TRES-3260827063615.fits,61279.275,2026-08-27T06:36:15.943-0000,100,45,no,,0,,,,no
2026-08-27,TRES-3,session_01,TRES-3260827063915.fits,61279.277,2026-08-27T06:39:15.557-0000,100,45,no,,0,,,,no
2026-08-27,TRES-3,session_01,TRES-3260827064215.fits,61279.279,2026-08-27T06:42:15.160-0000,100,45,no,,0,,,,no
2026-08-27,TRES-3,session_01,TRES-3260827064515.fits,61279.281,2026-08-27T06:45:15.725-0000,100,45,no,,0,,,,no
2026-08-27,TRES-3,session_01,TRES-3260827064815.fits,61279.284,2026-08-27T06:48:15.536-0000,100,45,no,,0,,,,no
2026-08-27,TRES-3,session_01,TRES-3260827065116.fits,61279.286,2026-08-27T06:51:16.121-0000,100,45,no,,0,,,,no
2026-08-27,TRES-3,session_01,TRES-3260827065416.fits,61279.288,2026-08-27T06:54:16.729-0000,100,45,no,,0,,,,no
2026-08-27,TRES-3,session_01,TRES-3260827065715.fits,61279.29,2026-08-27T06:57:15.270-0000,100,45,no,,0,,,,no
2026-08-27,TRES-3,session_01,TRES-3260827070015.fits,61279.292,2026-08-27T07:00:15.929-0000,100,45,no,,0,,,,no
2026-08-27,TRES-3,session_01,TRES-3260827070315.fits,61279.294,2026-08-27T07:03:15.517-0000,100,45,no,,0,,,,no
2026-08-27,TRES-3,session_01,TRES-3260827070615.fits,61279.296,2026-08-27T07:06:15.221-0000,100,45,no,,0,,,,no
2026-08-27,TRES-3,session_01,TRES-3260827070916.fits,61279.298,2026-08-27T07:09:16.758-0000,100,45,no,,0,,,,no
2026-08-27,TRES-3,session_01,TRES-3260827071215.fits,61279.3,2026-08-27T07:12:15.357-0000,100,45,no,,0,,,,no
2026-08-27,TRES-3,session_01,TRES-3260827071516.fits,61279.302,2026-08-27T07:15:16.088-0000,100,45,no,,0,,,,no
2026-08-27,TRES-3,session_01,TRES-3260827071816.fits,61279.304,2026-08-27T07:18:16.716-0000,100,45,no,,0,,,,no
2026-08-27,TRES-3,session_01,TRES-3260827072115.fits,61279.306,2026-08-27T07:21:15.278-0000,100,45,no,,0,,,,no
2026-08-27,TRES-3,session_01,TRES-3260827072416.fits,61279.309,2026-08-27T07:24:16.820-0000,100,45,no,,0,,,,no
2026-08-27,TRES-3,session_01,TRES-3260827072715.fits,61279.311,2026-08-27T07:27:15.337-0000,100,45,no,,0,,,,no
2026-08-27,TRES-3,session_01,TRES-3260827073015.fits,61279.313,2026-08-27T07:30:15.822-0000,100,45,no,,0,,,,no
2026-08-27,TRES-3,session_01,TRES-3260827073315.fits,61279.315,2026-08-27T07:33:15.455-0000,100,45,no,,0,,,,no
2026-08-27,TRES-3,session_01,TRES-3260827073616.fits,61279.317,2026-08-27T07:36:16.028-0000,100,45,no,,0,,,,no
2026-08-27,TRES-3,session_01,TRES-3260827073916.fits,61279.319,2026-08-27T07:39:16.621-0000,100,45,no,,0,,,,no
2026-08-27,TRES-3,session_01,TRES-3260827074215.fits,61279.321,2026-08-27T07:42:15.182-0000,100,45,no,,0,,,,no
2026-08-27,TRES-3,session_01,TRES-3260827074516.fits,61279.323,2026-08-27T07:45:16.778-0000,100,45,no,,0,,,,no
2026-08-27,TRES-3,session_01,TRES-3260827074816.fits,61279.325,2026-08-27T07:48:16.276-0000,100,45,no,,0,,,,no
2026-08-27,TRES-3,session_01,TRES-3260827075115.fits,61279.327,2026-08-27T07:51:15.866-0000,100,45,no,,0,,,,no
2026-08-27,TRES-3,session_01,TRES-3260827075415.fits,61279.329,2026-08-27T07:54:15.395-0000,100,45,no,,0,,,,no
2026-08-27,TRES-3,session_01,TRES-3260827075716.fits,61279.331,2026-08-27T07:57:16.033-0000,100,45,no,,0,,,,no
2026-08-27,TRES-3,session_01,TRES-3260827080016.fits,61279.334,2026-08-27T08:00:16.702-0000,100,45,no,,0,,,,no
2026-08-27,TRES-3,session_01,TRES-3260827080316.fits,61279.336,2026-08-27T08:03:16.278-0000,100,45,no,,0,,,,no
2026-08-27,TRES-3,session_01,TRES-3260827080615.fits,61279.338,2026-08-27T08:06:15.799-0000,100,45,no,,0,,,,no
2026-08-27,TRES-3,session_01,TRES-3260827080915.fits,61279.34,2026-08-27T08:09:15.414-0000,100,45,yes,flip-y,11,305.97,190.12,,no
2026-08-27,TRES-3,session_01,TRES-3260827081216.fits,61279.342,2026-08-27T08:12:16.057-0000,100,45,yes,flip-y,11,302.65,198.79,,no
2026-08-27,TRES-3,session_01,TRES-3260827081515.fits,61279.344,2026-08-27T08:15:15.700-0000,100,45,yes,flip-y,15,305.32,194.6,,no
2026-08-27,TRES-3,session_01,TRES-3260827081815.fits,61279.346,2026-08-27T08:18:15.294-0000,100,45,yes,flip-y,16,305.82,192.12,,no
2026-08-27,TRES-3,session_01,TRES-3260827082115.fits,61279.348,2026-08-27T08:21:15.883-0000,100,45,yes,flip-y,16,306.1,198.27,,no
2026-08-27,TRES-3,session_01,TRES-3260827082415.fits,61279.35,2026-08-27T08:24:15.491-0000,100,45,yes,flip-y,16,308.65,196.25,,no
2026-08-27,TRES-3,session_01,TRES-3260827082716.fits,61279.352,2026-08-27T08:27:16.111-0000,100,45,yes,flip-y,15,311.12,192.81,,no
2026-08-27,TRES-3,session_01,TRES-3260827083015.fits,61279.354,2026-08-27T08:30:15.655-0000,100,45,yes,flip-y,16,313.46,196.83,,no
2026-08-27,TRES-3,session_01,TRES-3260827083315.fits,61279.356,2026-08-27T08:33:15.186-0000,100,45,yes,flip-y,14,308.76,200.88,4.25,yes
2026-08-27,TRES-3,session_01,TRES-3260827083616.fits,61279.359,2026-08-27T08:36:16.784-0000,100,45,yes,flip-y,14,316.88,201.86,,no
2026-08-27,TRES-3,session_01,TRES-3260827083915.fits,61279.361,2026-08-27T08:39:15.305-0000,100,45,yes,flip-y,13,320.21,198.25,,no
2026-08-27,TRES-3,session_01,TRES-3260827084215.fits,61279.363,2026-08-27T08:42:15.911-0000,100,45,yes,flip-y,14,319.82,194.31,,no
2026-08-27,TRES-3,session_01,TRES-3260827084515.fits,61279.365,2026-08-27T08:45:15.564-0000,100,45,yes,flip-y,14,320.94,202.52,,no
2026-08-27,TRES-3,session_01,TRES-3260827084816.fits,61279.367,2026-08-27T08:48:16.148-0000,100,45,yes,flip-y,14,321.1,199.06,,no
2026-08-27,TRES-3,session_01,TRES-3260827085115.fits,61279.369,2026-08-27T08:51:15.763-0000,100,45,yes,flip-y,14,326.92,197.21,,no
2026-08-27,TRES-3,session_01,TRES-3260827085415.fits,61279.371,2026-08-27T08:54:15.355-0000,100,45,yes,flip-y,14,325.47,200.4,,no
2026-08-27,TRES-3,session_01,TRES-3260827085715.fits,61279.373,2026-08-27T08:57:16.001-0000,100,45,yes,flip-y,14,325.46,201.38,,no
2026-08-27,TRES-3,session_01,TRES-3260827090015.fits,61279.375,2026-08-27T09:00:15.688-0000,100,45,yes,flip-y,13,326.68,201.39,,no
2026-08-27,TRES-3,session_01,TRES-3260827090316.fits,61279.377,2026-08-27T09:03:16.288-0000,100,45,yes,flip-y,14,327.96,201.09,,no
2026-08-27,TRES-3,session_01,TRES-3260827090617.fits,61279.379,2026-08-27T09:06:17.095-0000,100,45,yes,flip-y,13,326.55,205.19,,no
2026-08-28,Qatar-1,session_01,Qatar-1260828070036.fits,61280.292,2026-08-28T07:00:36.825-0000,36,0,no,,0,,,,no
2026-08-28,Qatar-1,session_01,Qatar-1260828070315.fits,61280.294,2026-08-28T07:03:15.385-0000,64,0,no,,0,,,,no
2026-08-28,Qatar-1,session_01,Qatar-1260828070615.fits,61280.296,2026-08-28T07:06:15.816-0000,64,1,no,,0,,,,no
2026-08-28,Qatar-1,session_01,Qatar-1260828070915.fits,61280.298,2026-08-28T07:09:15.161-0000,64,1,no,,0,,,,no
2026-08-28,Qatar-1,session_01,Qatar-1260828071215.fits,61280.3,2026-08-28T07:12:15.602-0000,64,1,no,,0,,,,no
2026-08-28,Qatar-1,session_01,Qatar-1260828071516.fits,61280.302,2026-08-28T07:15:16.963-0000,64,1,no,,0,,,,no
2026-08-28,Qatar-1,session_01,Qatar-1260828071815.fits,61280.304,2026-08-28T07:18:15.526-0000,64,1,no,,0,,,,no
2026-08-28,Qatar-1,session_01,Qatar-1260828072115.fits,61280.306,2026-08-28T07:21:15.944-0000,64,1,no,,0,,,,no
2026-08-28,Qatar-1,session_01,Qatar-1260828072415.fits,61280.309,2026-08-28T07:24:15.288-0000,64,1,no,,0,,,,no
2026-08-28,Qatar-1,session_01,Qatar-1260828072716.fits,61280.311,2026-08-28T07:27:16.763-0000,64,1,no,,0,,,,no
2026-08-28,Qatar-1,session_01,Qatar-1260828073016.fits,61280.313,2026-08-28T07:30:16.117-0000,64,1,no,,0,,,,no
2026-08-28,Qatar-1,session_01,Qatar-1260828073315.fits,61280.315,2026-08-28T07:33:15.719-0000,59,4,no,,0,,,,no
2026-08-28,Qatar-1,session_01,Qatar-1260828073616.fits,61280.317,2026-08-28T07:36:16.096-0000,59,1,no,,0,,,,no
2026-08-28,Qatar-1,session_01,Qatar-1260828073915.fits,61280.319,2026-08-28T07:39:15.552-0000,59,2,no,,0,,,,no
2026-08-28,Qatar-1,session_01,Qatar-1260828074216.fits,61280.321,2026-08-28T07:42:16.279-0000,59,1,no,,0,,,,no
2026-08-28,Qatar-1,session_01,Qatar-1260828074515.fits,61280.323,2026-08-28T07:45:15.741-0000,59,0,no,,0,,,,no
2026-08-28,Qatar-1,session_01,Qatar-1260828074815.fits,61280.325,2026-08-28T07:48:15.179-0000,59,1,no,,0,,,,no
2026-08-28,Qatar-1,session_01,Qatar-1260828075116.fits,61280.327,2026-08-28T07:51:16.591-0000,59,0,no,,0,,,,no
2026-08-28,Qatar-1,session_01,Qatar-1260828075416.fits,61280.329,2026-08-28T07:54:16.079-0000,59,0,no,,0,,,,no
2026-08-28,Qatar-1,session_01,Qatar-1260828075715.fits,61280.331,2026-08-28T07:57:15.496-0000,59,23,no,,0,,,,no
2026-08-28,Qatar-1,session_01,Qatar-1260828080016.fits,61280.334,2026-08-28T08:00:16.966-0000,59,0,no,,0,,,,no
2026-08-28,Qatar-1,session_01,Qatar-1260828080315.fits,61280.336,2026-08-28T08:03:15.476-0000,58,0,no,,0,,,,no
2026-08-28,Qatar-1,session_01,Qatar-1260828080615.fits,61280.338,2026-08-28T08:06:15.920-0000,58,0,no,,0,,,,no
2026-08-28,Qatar-1,session_01,Qatar-1260828080915.fits,61280.34,2026-08-28T08:09:15.393-0000,58,0,no,,0,,,,no
2026-08-28,Qatar-1,session_01,Qatar-1260828081215.fits,61280.342,2026-08-28T08:12:15.875-0000,58,2,no,,0,,,,no
2026-08-28,Qatar-1,session_01,Qatar-1260828081515.fits,61280.344,2026-08-28T08:15:15.316-0000,58,45,yes,flip-y,9,303.58,196.54,,no
2026-08-28,Qatar-1,session_01,Qatar-1260828081815.fits,61280.346,2026-08-28T08:18:15.654-0000,58,45,yes,flip-y,10,303.59,202.85,,no
2026-08-28,Qatar-1,session_01,Qatar-1260828082115.fits,61280.348,2026-08-28T08:21:15.156-0000,58,45,yes,flip-y,10,305.5,199.0,,no
2026-08-28,Qatar-1,session_01,Qatar-1260828082415.fits,61280.35,2026-08-28T08:24:15.730-0000,58,6,no,,0,,,,no
2026-08-28,Qatar-1,session_01,Qatar-1260828082716.fits,61280.352,2026-08-28T08:27:16.146-0000,58,3,no,,0,,,,no
2026-08-28,Qatar-1,session_01,Qatar-1260828083015.fits,61280.354,2026-08-28T08:30:15.449-0000,58,0,no,,0,,,,no
2026-08-28,Qatar-1,session_01,Qatar-1260828083315.fits,61280.356,2026-08-28T08:33:15.885-0000,45,0,no,,0,,,,no
2026-08-28,Qatar-1,session_01,Qatar-1260828083615.fits,61280.359,2026-08-28T08:36:15.361-0000,45,0,no,,0,,,,no
2026-08-28,Qatar-1,session_01,Qatar-1260828083915.fits,61280.361,2026-08-28T08:39:15.767-0000,45,0,no,,0,,,,no
2026-08-28,Qatar-1,session_01,Qatar-1260828084215.fits,61280.363,2026-08-28T08:42:15.200-0000,45,0,no,,0,,,,no
2026-08-28,Qatar-1,session_01,Qatar-1260828084515.fits,61280.365,2026-08-28T08:45:15.574-0000,45,1,no,,0,,,,no
2026-08-28,Qatar-1,session_01,Qatar-1260828084815.fits,61280.367,2026-08-28T08:48:15.915-0000,45,2,no,,0,,,,no
2026-08-28,Qatar-1,session_01,Qatar-1260828085115.fits,61280.369,2026-08-28T08:51:15.242-0000,45,2,no,,0,,,,no
2026-08-28,Qatar-1,session_01,Qatar-1260828085415.fits,61280.371,2026-08-28T08:54:15.757-0000,45,2,no,,0,,,,no
2026-08-28,Qatar-1,session_01,Qatar-1260828085716.fits,61280.373,2026-08-28T08:57:16.088-0000,45,0,no,,0,,,,no
2026-08-28,Qatar-1,session_01,Qatar-1260828090015.fits,61280.375,2026-08-28T09:00:15.358-0000,45,0,no,,0,,,,no
2026-08-28,Qatar-1,session_01,Qatar-1260828090316.fits,61280.377,2026-08-28T09:03:16.731-0000,37,0,no,,0,,,,no
2026-08-28,Qatar-1,session_01,Qatar-1260828090616.fits,61280.379,2026-08-28T09:06:16.064-0000,37,3,no,,0,,,,no
2026-08-28,Qatar-1,session_01,Qatar-1260828090915.fits,61280.381,2026-08-28T09:09:15.399-0000,37,9,no,,0,,,,no
2026-08-28,Qatar-1,session_01,Qatar-1260828091215.fits,61280.384,2026-08-28T09:12:15.867-0000,37,45,yes,flip-y,11,328.74,202.91,,no
2026-08-28,Qatar-1,session_01,Qatar-1260828091515.fits,61280.386,2026-08-28T09:15:15.447-0000,37,45,yes,flip-y,10,329.31,201.27,,no
2026-08-28,Qatar-1,session_01,Qatar-1260828091815.fits,61280.388,2026-08-28T09:18:15.922-0000,37,2,no,,0,,,,no
2026-08-28,Qatar-1,session_01,Qatar-1260828092115.fits,61280.39,2026-08-28T09:21:15.248-0000,37,0,no,,0,,,,no
2026-08-28,Qatar-1,session_01,Qatar-1260828092416.fits,61280.392,2026-08-28T09:24:16.776-0000,37,3,no,,0,,,,no
2026-08-28,Qatar-1,session_01,Qatar-1260828092716.fits,61280.394,2026-08-28T09:27:16.152-0000,37,1,no,,0,,,,no
2026-08-28,Qatar-1,session_01,Qatar-1260828093016.fits,61280.396,2026-08-28T09:30:16.599-0000,37,45,yes,flip-y,10,338.3,200.59,,no
2026-08-28,Qatar-1,session_01,Qatar-1260828093315.fits,61280.398,2026-08-28T09:33:15.449-0000,49,2,no,,0,,,,no
2026-08-28,Qatar-1,session_01,Qatar-1260828093615.fits,61280.4,2026-08-28T09:36:15.825-0000,49,43,yes,flip-y,9,355.37,209.25,,no
2026-08-28,Qatar-1,session_01,Qatar-1260828093915.fits,61280.402,2026-08-28T09:39:15.262-0000,49,45,yes,flip-y,12,355.13,206.81,,no
2026-08-28,Qatar-1,session_01,Qatar-1260828094215.fits,61280.404,2026-08-28T09:42:15.725-0000,49,45,yes,flip-y,12,357.33,204.05,,no
2026-08-28,Qatar-1,session_01,Qatar-1260828094516.fits,61280.406,2026-08-28T09:45:16.062-0000,49,45,yes,flip-y,12,359.41,213.94,,no
2026-08-28,Qatar-1,session_01,Qatar-1260828094815.fits,61280.409,2026-08-28T09:48:15.444-0000,49,45,yes,flip-y,13,358.87,206.61,,no
2026-08-28,Qatar-1,session_01,Qatar-1260828095115.fits,61280.411,2026-08-28T09:51:15.764-0000,49,5,no,,0,,,,no
2026-08-28,Qatar-1,session_01,Qatar-1260828095715.fits,61280.415,2026-08-28T09:57:15.678-0000,49,3,no,,0,,,,no
2026-08-28,Qatar-1,session_01,Qatar-1260828100016.fits,61280.417,2026-08-28T10:00:16.120-0000,49,3,no,,0,,,,no
2026-08-28,Qatar-1,session_01,Qatar-1260828100315.fits,61280.419,2026-08-28T10:03:15.673-0000,39,1,no,,0,,,,no
2026-08-28,Qatar-1,session_01,Qatar-1260828100616.fits,61280.421,2026-08-28T10:06:16.050-0000,39,1,no,,0,,,,no
2026-08-28,Qatar-1,session_01,Qatar-1260828100915.fits,61280.423,2026-08-28T10:09:15.394-0000,39,0,no,,0,,,,no
2026-08-28,Qatar-1,session_01,Qatar-1260828101215.fits,61280.425,2026-08-28T10:12:15.841-0000,39,0,no,,0,,,,no
2026-08-28,Qatar-1,session_01,Qatar-1260828101516.fits,61280.427,2026-08-28T10:15:16.266-0000,39,3,no,,0,,,,no
2026-08-28,Qatar-1,session_01,Qatar-1260828101815.fits,61280.429,2026-08-28T10:18:15.549-0000,39,1,no,,0,,,,no
2026-08-28,Qatar-1,session_01,Qatar-1260828102115.fits,61280.431,2026-08-28T10:21:15.937-0000,39,2,no,,0,,,,no
2026-08-28,Qatar-1,session_01,Qatar-1260828102415.fits,61280.434,2026-08-28T10:24:15.443-0000,39,1,no,,0,,,,no
2026-08-28,Qatar-1,session_01,Qatar-1260828102715.fits,61280.436,2026-08-28T10:27:15.867-0000,39,1,no,,0,,,,no
2026-08-28,Qatar-1,session_01,Qatar-1260828103015.fits,61280.438,2026-08-28T10:30:15.357-0000,39,0,no,,0,,,,no
2026-08-28,Qatar-1,session_01,Qatar-1260828103315.fits,61280.44,2026-08-28T10:33:15.770-0000,29,4,no,,0,,,,no
2026-08-28,Qatar-1,session_01,Qatar-1260828103616.fits,61280.442,2026-08-28T10:36:16.013-0000,29,0,no,,0,,,,no
2026-08-28,Qatar-1,session_01,Qatar-1260828103915.fits,61280.444,2026-08-28T10:39:15.361-0000,29,0,no,,0,,,,no
2026-08-29,TRES-5,session_01,TRES-5260829055250.fits,61281.245,2026-08-29T05:52:50.942-0000,94,45,yes,flip-y,13,263.22,251.17,,no
2026-08-29,TRES-5,session_01,TRES-5260829055721.fits,61281.248,2026-08-29T05:57:21.979-0000,94,45,yes,flip-y,13,258.39,210.03,,no
2026-08-29,TRES-5,session_01,TRES-5260829060207.fits,61281.251,2026-08-29T06:02:07.961-0000,99,45,yes,flip-y,13,255.49,220.97,,no
2026-08-29,TRES-5,session_01,TRES-5260829060706.fits,61281.255,2026-08-29T06:07:06.017-0000,99,45,yes,flip-y,14,256.44,228.47,,no
2026-08-29,TRES-5,session_01,TRES-5260829060851.fits,61281.256,2026-08-29T06:08:51.200-0000,99,45,yes,flip-y,14,259.19,202.13,,no
2026-08-29,TRES-5,session_01,TRES-5260829061035.fits,61281.257,2026-08-29T06:10:35.381-0000,99,45,yes,flip-y,14,259.64,204.48,,no
2026-08-29,TRES-5,session_01,TRES-5260829061219.fits,61281.259,2026-08-29T06:12:19.532-0000,99,45,yes,flip-y,14,260.26,204.24,,no
2026-08-29,TRES-5,session_01,TRES-5260829061402.fits,61281.26,2026-08-29T06:14:02.685-0000,99,45,yes,flip-y,14,259.58,204.5,,no
2026-08-29,TRES-5,session_01,TRES-5260829061546.fits,61281.261,2026-08-29T06:15:46.847-0000,99,45,yes,flip-y,14,262.4,203.93,,no
2026-08-29,TRES-5,session_01,TRES-5260829061815.fits,61281.263,2026-08-29T06:18:15.305-0000,99,45,yes,flip-y,14,260.5,204.9,,no
2026-08-29,TRES-5,session_01,TRES-5260829062115.fits,61281.265,2026-08-29T06:21:15.772-0000,99,45,yes,flip-y,14,263.07,203.13,,no
2026-08-29,TRES-5,session_01,TRES-5260829062415.fits,61281.267,2026-08-29T06:24:15.338-0000,99,45,yes,flip-y,14,263.37,203.0,,no
2026-08-29,TRES-5,session_01,TRES-5260829062715.fits,61281.269,2026-08-29T06:27:15.729-0000,99,45,yes,flip-y,15,264.76,201.71,,no
2026-08-29,TRES-5,session_01,TRES-5260829063015.fits,61281.271,2026-08-29T06:30:15.212-0000,99,45,yes,flip-y,14,263.36,202.71,,no
2026-08-29,TRES-5,session_01,TRES-5260829063315.fits,61281.273,2026-08-29T06:33:15.700-0000,100,45,yes,flip-y,14,262.88,201.57,,no
2026-08-29,TRES-5,session_01,TRES-5260829063616.fits,61281.275,2026-08-29T06:36:16.131-0000,100,45,yes,flip-y,14,261.76,202.23,,no
2026-08-29,TRES-5,session_01,TRES-5260829063915.fits,61281.277,2026-08-29T06:39:15.551-0000,100,45,yes,flip-y,14,263.72,201.82,,no
2026-08-29,TRES-5,session_01,TRES-5260829064216.fits,61281.279,2026-08-29T06:42:16.888-0000,100,45,yes,flip-y,14,263.21,200.79,,no
2026-08-29,TRES-5,session_01,TRES-5260829064515.fits,61281.281,2026-08-29T06:45:15.161-0000,100,45,yes,flip-y,14,264.0,200.21,,no
2026-08-29,TRES-5,session_01,TRES-5260829064815.fits,61281.284,2026-08-29T06:48:15.637-0000,100,45,yes,flip-y,15,264.51,200.12,,no
2026-08-29,TRES-5,session_01,TRES-5260829065115.fits,61281.286,2026-08-29T06:51:15.957-0000,100,45,yes,flip-y,15,267.03,198.86,,no
2026-08-29,TRES-5,session_01,TRES-5260829065415.fits,61281.288,2026-08-29T06:54:15.369-0000,100,45,yes,flip-y,14,264.94,199.79,,no
2026-08-29,TRES-5,session_01,TRES-5260829065715.fits,61281.29,2026-08-29T06:57:15.811-0000,100,45,yes,flip-y,14,265.63,198.5,,no
2026-08-29,TRES-5,session_01,TRES-5260829070015.fits,61281.292,2026-08-29T07:00:15.243-0000,100,45,yes,flip-y,14,267.48,200.28,,no
2026-08-29,TRES-5,session_01,TRES-5260829070315.fits,61281.294,2026-08-29T07:03:15.751-0000,100,45,yes,flip-y,14,268.64,200.46,,no
2026-08-29,TRES-5,session_01,TRES-5260829070615.fits,61281.296,2026-08-29T07:06:15.168-0000,100,45,yes,flip-y,14,268.2,196.74,,no
2026-08-29,TRES-5,session_01,TRES-5260829070915.fits,61281.298,2026-08-29T07:09:15.569-0000,100,45,yes,flip-y,14,269.64,194.67,,no
2026-08-29,TRES-5,session_01,TRES-5260829071215.fits,61281.3,2026-08-29T07:12:15.980-0000,100,45,yes,flip-y,14,270.3,194.81,,no
2026-08-29,TRES-5,session_01,TRES-5260829071516.fits,61281.302,2026-08-29T07:15:16.498-0000,100,45,yes,flip-y,14,273.11,195.26,,no
2026-08-29,TRES-5,session_01,TRES-5260829071815.fits,61281.304,2026-08-29T07:18:15.850-0000,100,45,yes,flip-y,14,273.09,195.23,,no
2026-08-29,TRES-5,session_01,TRES-5260829072115.fits,61281.306,2026-08-29T07:21:15.178-0000,100,45,yes,flip-y,14,272.9,195.08,,no
2026-08-29,TRES-5,session_01,TRES-5260829072415.fits,61281.309,2026-08-29T07:24:15.633-0000,100,45,yes,flip-y,14,275.49,192.86,,no
2026-08-29,TRES-5,session_01,TRES-5260829072716.fits,61281.311,2026-08-29T07:27:16.103-0000,100,45,yes,flip-y,14,275.64,198.8,,no
2026-08-29,TRES-5,session_01,TRES-5260829073016.fits,61281.313,2026-08-29T07:30:16.518-0000,100,45,yes,flip-y,14,277.2,197.12,,no
2026-08-29,TRES-5,session_01,TRES-5260829073315.fits,61281.315,2026-08-29T07:33:15.964-0000,100,45,yes,flip-y,14,276.7,195.09,,no
2026-08-29,TRES-5,session_01,TRES-5260829073615.fits,61281.317,2026-08-29T07:36:15.339-0000,100,45,yes,flip-y,14,278.8,196.3,,no
2026-08-29,TRES-5,session_01,TRES-5260829073915.fits,61281.319,2026-08-29T07:39:15.722-0000,100,45,yes,flip-y,14,281.2,194.11,,no
2026-08-29,TRES-5,session_01,TRES-5260829074217.fits,61281.321,2026-08-29T07:42:17.091-0000,100,45,yes,flip-y,14,279.68,193.98,,no
2026-08-29,TRES-5,session_01,TRES-5260829074515.fits,61281.323,2026-08-29T07:45:15.537-0000,100,45,yes,flip-y,15,282.15,193.65,,no
2026-08-29,TRES-5,session_01,TRES-5260829074815.fits,61281.325,2026-08-29T07:48:15.862-0000,100,45,yes,flip-y,14,284.23,192.45,,no
2026-08-29,TRES-5,session_01,TRES-5260829075115.fits,61281.327,2026-08-29T07:51:15.293-0000,100,45,yes,flip-y,14,283.55,191.14,,no
2026-08-29,TRES-5,session_01,TRES-5260829075415.fits,61281.329,2026-08-29T07:54:15.677-0000,100,45,yes,flip-y,14,285.54,197.34,,no
2026-08-29,TRES-5,session_01,TRES-5260829075716.fits,61281.331,2026-08-29T07:57:16.066-0000,100,45,yes,flip-y,14,285.31,196.97,,no
2026-08-29,TRES-5,session_01,TRES-5260829080015.fits,61281.334,2026-08-29T08:00:15.420-0000,100,45,yes,flip-y,14,286.73,195.84,,no
2026-08-29,TRES-5,session_01,TRES-5260829080315.fits,61281.336,2026-08-29T08:03:15.854-0000,100,45,yes,flip-y,14,289.9,197.84,,no
2026-08-29,TRES-5,session_01,TRES-5260829080615.fits,61281.338,2026-08-29T08:06:15.282-0000,100,45,yes,flip-y,14,290.8,197.2,,no
2026-08-29,TRES-5,session_01,TRES-5260829080915.fits,61281.34,2026-08-29T08:09:15.663-0000,100,45,yes,flip-y,15,290.22,192.22,,no
2026-08-29,TRES-5,session_01,TRES-5260829081216.fits,61281.342,2026-08-29T08:12:16.129-0000,100,45,yes,flip-y,14,290.8,194.27,,no
2026-08-29,TRES-5,session_01,TRES-5260829081515.fits,61281.344,2026-08-29T08:15:15.528-0000,100,45,yes,flip-y,14,294.34,196.74,,no
2026-08-29,TRES-5,session_01,TRES-5260829081815.fits,61281.346,2026-08-29T08:18:15.920-0000,100,45,yes,flip-y,15,295.04,199.1,,no
2026-08-29,TRES-5,session_01,TRES-5260829082115.fits,61281.348,2026-08-29T08:21:15.467-0000,100,45,yes,flip-y,15,295.92,196.93,,no
2026-08-29,TRES-5,session_01,TRES-5260829082415.fits,61281.35,2026-08-29T08:24:15.856-0000,100,45,yes,flip-y,15,297.54,195.92,,no
2026-08-29,TRES-5,session_01,TRES-5260829082715.fits,61281.352,2026-08-29T08:27:15.404-0000,100,45,yes,flip-y,15,300.48,195.7,,no
2026-08-29,TRES-5,session_01,TRES-5260829083016.fits,61281.354,2026-08-29T08:30:16.906-0000,100,45,yes,flip-y,14,300.05,193.76,,no
2026-08-29,TRES-5,session_01,TRES-5260829083315.fits,61281.356,2026-08-29T08:33:15.277-0000,100,45,yes,flip-y,15,299.35,199.8,,no
2026-08-29,TRES-5,session_01,TRES-5260829083615.fits,61281.359,2026-08-29T08:36:15.754-0000,100,45,yes,flip-y,14,303.0,198.99,,no
2026-08-29,TRES-5,session_01,TRES-5260829083915.fits,61281.361,2026-08-29T08:39:15.249-0000,100,45,yes,flip-y,14,303.7,197.55,,no
2026-08-29,TRES-5,session_01,TRES-5260829084215.fits,61281.363,2026-08-29T08:42:15.643-0000,100,45,yes,flip-y,15,305.63,197.24,,no
2026-08-29,TRES-5,session_01,TRES-5260829084516.fits,61281.365,2026-08-29T08:45:16.078-0000,100,45,yes,flip-y,14,306.12,193.89,,no
2026-08-29,TRES-5,session_01,TRES-5260829084815.fits,61281.367,2026-08-29T08:48:15.461-0000,100,45,yes,flip-y,14,307.58,199.47,,no
2026-08-29,TRES-5,session_01,TRES-5260829085115.fits,61281.369,2026-08-29T08:51:15.906-0000,100,45,yes,flip-y,14,311.54,197.96,,no
2026-08-29,TRES-5,session_01,TRES-5260829085415.fits,61281.371,2026-08-29T08:54:15.345-0000,100,45,yes,flip-y,14,311.92,200.93,,no
2026-08-29,TRES-5,session_01,TRES-5260829085715.fits,61281.373,2026-08-29T08:57:15.871-0000,100,45,yes,flip-y,14,311.23,198.93,,no
2026-08-29,TRES-5,session_01,TRES-5260829090015.fits,61281.375,2026-08-29T09:00:15.275-0000,100,45,yes,flip-y,14,311.86,205.58,,no
2026-08-29,TRES-5,session_01,TRES-5260829090315.fits,61281.377,2026-08-29T09:03:15.642-0000,100,45,yes,flip-y,14,315.5,203.08,,no
2026-08-29,TRES-5,session_01,TRES-5260829090617.fits,61281.379,2026-08-29T09:06:17.119-0000,100,45,yes,flip-y,14,315.83,201.18,,no
2026-08-29,TRES-5,session_01,TRES-5260829090915.fits,61281.381,2026-08-29T09:09:15.603-0000,100,45,yes,flip-y,14,317.11,200.66,,no
2026-08-29,TRES-5,session_01,TRES-5260829091216.fits,61281.384,2026-08-29T09:12:16.082-0000,100,45,yes,flip-y,14,316.98,197.41,,no
2026-08-29,TRES-5,session_01,TRES-5260829091516.fits,61281.386,2026-08-29T09:15:16.553-0000,100,45,yes,flip-y,14,321.38,204.42,,no
2026-08-29,TRES-5,session_01,TRES-5260829091817.fits,61281.388,2026-08-29T09:18:17.035-0000,100,45,yes,flip-y,14,322.01,205.42,,no
2026-08-29,TRES-5,session_01,TRES-5260829092115.fits,61281.39,2026-08-29T09:21:15.391-0000,100,45,yes,flip-y,14,321.65,204.54,,no
2026-08-29,TRES-5,session_01,TRES-5260829092415.fits,61281.392,2026-08-29T09:24:15.733-0000,100,45,yes,flip-y,14,324.34,206.37,,no
2026-08-29,TRES-5,session_01,TRES-5260829092716.fits,61281.394,2026-08-29T09:27:16.120-0000,100,45,yes,flip-y,14,326.16,204.52,,no
2026-08-29,TRES-5,session_01,TRES-5260829093015.fits,61281.396,2026-08-29T09:30:15.547-0000,100,45,yes,flip-y,14,327.38,202.02,,no
2026-08-30,CoRoT-2,session_01,CoRoT-2260830031836.fits,61282.138,2026-08-30T03:18:36.985-0000,0,2,no,,0,,,,no
2026-08-30,CoRoT-2,session_01,CoRoT-2260830032115.fits,61282.14,2026-08-30T03:21:15.622-0000,0,1,no,,0,,,,no
2026-08-30,CoRoT-2,session_01,CoRoT-2260830032417.fits,61282.142,2026-08-30T03:24:17.067-0000,0,3,no,,0,,,,no
2026-08-30,CoRoT-2,session_01,CoRoT-2260830032716.fits,61282.144,2026-08-30T03:27:16.462-0000,0,0,no,,0,,,,no
2026-08-30,CoRoT-2,session_01,CoRoT-2260830033015.fits,61282.146,2026-08-30T03:30:15.898-0000,0,4,no,,0,,,,no
2026-08-30,CoRoT-2,session_01,CoRoT-2260830033315.fits,61282.148,2026-08-30T03:33:15.404-0000,0,0,no,,0,,,,no
2026-08-30,CoRoT-2,session_01,CoRoT-2260830033616.fits,61282.15,2026-08-30T03:36:16.805-0000,0,2,no,,0,,,,no
2026-08-30,CoRoT-2,session_01,CoRoT-2260830033916.fits,61282.152,2026-08-30T03:39:16.321-0000,0,2,no,,0,,,,no
2026-08-30,CoRoT-2,session_01,CoRoT-2260830034215.fits,61282.154,2026-08-30T03:42:15.761-0000,0,3,no,,0,,,,no
2026-08-30,CoRoT-2,session_01,CoRoT-2260830034515.fits,61282.156,2026-08-30T03:45:15.139-0000,0,1,no,,0,,,,no
2026-08-30,CoRoT-2,session_01,CoRoT-2260830034816.fits,61282.159,2026-08-30T03:48:16.590-0000,0,2,no,,0,,,,no
2026-08-30,CoRoT-2,session_01,CoRoT-2260830035116.fits,61282.161,2026-08-30T03:51:16.173-0000,0,1,no,,0,,,,no
2026-08-30,CoRoT-2,session_01,CoRoT-2260830035415.fits,61282.163,2026-08-30T03:54:15.552-0000,0,0,no,,0,,,,no
2026-08-30,CoRoT-2,session_01,CoRoT-2260830035716.fits,61282.165,2026-08-30T03:57:16.158-0000,0,4,no,,0,,,,no
2026-08-30,CoRoT-2,session_01,CoRoT-2260830040015.fits,61282.167,2026-08-30T04:00:15.706-0000,0,0,no,,0,,,,no
2026-08-30,CoRoT-2,session_01,CoRoT-2260830040316.fits,61282.169,2026-08-30T04:03:16.188-0000,0,0,no,,0,,,,no
2026-08-30,CoRoT-2,session_01,CoRoT-2260830040615.fits,61282.171,2026-08-30T04:06:15.717-0000,0,0,no,,0,,,,no
2026-08-30,CoRoT-2,session_01,CoRoT-2260830040916.fits,61282.173,2026-08-30T04:09:16.244-0000,0,0,no,,0,,,,no
2026-08-30,CoRoT-2,session_01,CoRoT-2260830041215.fits,61282.175,2026-08-30T04:12:15.764-0000,0,0,no,,0,,,,no
2026-08-30,CoRoT-2,session_01,CoRoT-2260830041515.fits,61282.177,2026-08-30T04:15:15.280-0000,0,2,no,,0,,,,no
2026-08-30,CoRoT-2,session_01,CoRoT-2260830041816.fits,61282.179,2026-08-30T04:18:16.584-0000,0,0,no,,0,,,,no
2026-08-30,CoRoT-2,session_01,CoRoT-2260830042116.fits,61282.181,2026-08-30T04:21:16.025-0000,0,0,no,,0,,,,no
2026-08-30,CoRoT-2,session_01,CoRoT-2260830042415.fits,61282.184,2026-08-30T04:24:15.466-0000,0,0,no,,0,,,,no
2026-08-30,CoRoT-2,session_01,CoRoT-2260830042715.fits,61282.186,2026-08-30T04:27:15.806-0000,0,0,no,,0,,,,no
2026-08-30,CoRoT-2,session_01,CoRoT-2260830043015.fits,61282.188,2026-08-30T04:30:15.285-0000,0,0,no,,0,,,,no
2026-08-30,CoRoT-2,session_01,CoRoT-2260830043316.fits,61282.19,2026-08-30T04:33:16.662-0000,4,2,no,,0,,,,no
2026-08-30,CoRoT-2,session_01,CoRoT-2260830043616.fits,61282.192,2026-08-30T04:36:16.130-0000,4,0,no,,0,,,,no
2026-08-30,CoRoT-2,session_01,CoRoT-2260830043916.fits,61282.194,2026-08-30T04:39:16.588-0000,4,0,no,,0,,,,no
2026-08-30,CoRoT-2,session_01,CoRoT-2260830044216.fits,61282.196,2026-08-30T04:42:16.043-0000,4,0,no,,0,,,,no
2026-08-30,CoRoT-2,session_01,CoRoT-2260830044515.fits,61282.198,2026-08-30T04:45:15.396-0000,4,0,no,,0,,,,no
2026-08-30,CoRoT-2,session_01,CoRoT-2260830044815.fits,61282.2,2026-08-30T04:48:15.835-0000,4,1,no,,0,,,,no
2026-08-30,CoRoT-2,session_01,CoRoT-2260830045115.fits,61282.202,2026-08-30T04:51:15.168-0000,4,1,no,,0,,,,no
2026-08-30,CoRoT-2,session_01,CoRoT-2260830045415.fits,61282.204,2026-08-30T04:54:15.581-0000,4,0,no,,0,,,,no
2026-08-30,CoRoT-2,session_01,CoRoT-2260830045716.fits,61282.206,2026-08-30T04:57:16.045-0000,4,0,no,,0,,,,no
2026-08-30,CoRoT-2,session_01,CoRoT-2260830050015.fits,61282.209,2026-08-30T05:00:15.458-0000,4,0,no,,0,,,,no
2026-08-30,CoRoT-2,session_01,CoRoT-2260830050315.fits,61282.211,2026-08-30T05:03:15.941-0000,2,1,no,,0,,,,no
2026-08-30,CoRoT-2,session_01,CoRoT-2260830050615.fits,61282.213,2026-08-30T05:06:15.552-0000,2,0,no,,0,,,,no
2026-08-30,CoRoT-2,session_01,CoRoT-2260830050915.fits,61282.215,2026-08-30T05:09:15.990-0000,2,0,no,,0,,,,no
2026-08-30,CoRoT-2,session_01,CoRoT-2260830051216.fits,61282.217,2026-08-30T05:12:16.403-0000,2,0,no,,0,,,,no
2026-08-30,CoRoT-2,session_01,CoRoT-2260830051515.fits,61282.219,2026-08-30T05:15:15.707-0000,2,0,no,,0,,,,no
2026-08-30,CoRoT-2,session_01,CoRoT-2260830051815.fits,61282.221,2026-08-30T05:18:15.171-0000,2,1,no,,0,,,,no
2026-08-30,CoRoT-2,session_01,CoRoT-2260830052115.fits,61282.223,2026-08-30T05:21:15.636-0000,2,5,no,,0,,,,no
2026-08-30,CoRoT-2,session_01,CoRoT-2260830052416.fits,61282.225,2026-08-30T05:24:16.144-0000,2,4,no,,0,,,,no
2026-08-30,CoRoT-2,session_01,CoRoT-2260830052715.fits,61282.227,2026-08-30T05:27:15.577-0000,2,5,no,,0,,,,no
2026-08-30,CoRoT-2,session_01,CoRoT-2260830053015.fits,61282.229,2026-08-30T05:30:15.935-0000,2,10,no,,0,,,,no
2026-08-30,CoRoT-2,session_01,CoRoT-2260830053315.fits,61282.231,2026-08-30T05:33:15.423-0000,20,13,no,,0,,,,no
2026-08-30,CoRoT-2,session_01,CoRoT-2260830053615.fits,61282.234,2026-08-30T05:36:15.917-0000,20,32,no,,0,,,,no
2026-08-30,CoRoT-2,session_01,CoRoT-2260830053916.fits,61282.236,2026-08-30T05:39:16.312-0000,20,45,no,,0,,,,no
2026-08-30,CoRoT-2,session_01,CoRoT-2260830054215.fits,61282.238,2026-08-30T05:42:15.764-0000,20,37,no,,0,,,,no
2026-08-30,CoRoT-2,session_01,CoRoT-2260830054517.fits,61282.24,2026-08-30T05:45:17.026-0000,20,45,no,,0,,,,no
2026-08-30,CoRoT-2,session_01,CoRoT-2260830054816.fits,61282.242,2026-08-30T05:48:16.444-0000,20,45,no,,0,,,,no
2026-08-30,CoRoT-2,session_01,CoRoT-2260830055116.fits,61282.244,2026-08-30T05:51:16.829-0000,20,45,no,,0,,,,no
2026-08-30,CoRoT-2,session_01,CoRoT-2260830055415.fits,61282.246,2026-08-30T05:54:15.274-0000,20,45,no,,0,,,,no
2026-08-30,CoRoT-2,session_01,CoRoT-2260830055715.fits,61282.248,2026-08-30T05:57:15.694-0000,20,12,no,,0,,,,no
2026-08-30,CoRoT-2,session_01,CoRoT-2260830060015.fits,61282.25,2026-08-30T06:00:15.152-0000,20,41,no,,0,,,,no
2026-08-30,CoRoT-2,session_01,CoRoT-2260830060315.fits,61282.252,2026-08-30T06:03:15.625-0000,60,45,no,,0,,,,no
2026-08-30,CoRoT-2,session_01,CoRoT-2260830060616.fits,61282.254,2026-08-30T06:06:16.047-0000,60,45,no,,0,,,,no
2026-08-30,CoRoT-2,session_01,CoRoT-2260830060916.fits,61282.256,2026-08-30T06:09:16.488-0000,60,45,no,,0,,,,no
2026-08-30,CoRoT-2,session_01,CoRoT-2260830061215.fits,61282.259,2026-08-30T06:12:15.933-0000,60,45,no,,0,,,,no
2026-08-30,CoRoT-2,session_01,CoRoT-2260830061516.fits,61282.261,2026-08-30T06:15:16.314-0000,60,45,no,,0,,,,no
2026-08-30,CoRoT-2,session_01,CoRoT-2260830061815.fits,61282.263,2026-08-30T06:18:15.885-0000,60,5,no,,0,,,,no
2026-08-30,CoRoT-2,session_01,CoRoT-2260830062115.fits,61282.265,2026-08-30T06:21:15.278-0000,60,8,no,,0,,,,no
2026-08-30,CoRoT-2,session_01,CoRoT-2260830062415.fits,61282.267,2026-08-30T06:24:15.748-0000,60,2,no,,0,,,,no
2026-08-30,CoRoT-2,session_01,CoRoT-2260830062716.fits,61282.269,2026-08-30T06:27:16.159-0000,60,0,no,,0,,,,no
2026-08-30,CoRoT-2,session_01,CoRoT-2260830063015.fits,61282.271,2026-08-30T06:30:15.481-0000,60,0,no,,0,,,,no
2026-08-30,CoRoT-2,session_01,CoRoT-2260830063315.fits,61282.273,2026-08-30T06:33:15.944-0000,75,0,no,,0,,,,no
2026-08-30,CoRoT-2,session_01,CoRoT-2260830063615.fits,61282.275,2026-08-30T06:36:15.342-0000,75,0,no,,0,,,,no
2026-08-30,CoRoT-2,session_01,CoRoT-2260830063915.fits,61282.277,2026-08-30T06:39:15.783-0000,75,0,no,,0,,,,no
2026-08-30,CoRoT-2,session_01,CoRoT-2260830064217.fits,61282.279,2026-08-30T06:42:17.149-0000,75,0,no,,0,,,,no
2026-08-30,CoRoT-2,session_01,CoRoT-2260830064515.fits,61282.281,2026-08-30T06:45:15.619-0000,75,0,no,,0,,,,no
2026-08-30,CoRoT-2,session_01,CoRoT-2260830064816.fits,61282.284,2026-08-30T06:48:16.017-0000,75,0,no,,0,,,,no
2026-08-30,CoRoT-2,session_01,CoRoT-2260830065115.fits,61282.286,2026-08-30T06:51:15.541-0000,75,0,no,,0,,,,no
2026-08-30,CoRoT-2,session_01,CoRoT-2260830065417.fits,61282.288,2026-08-30T06:54:17.032-0000,75,0,no,,0,,,,no
2026-08-30,CoRoT-2,session_01,CoRoT-2260830065715.fits,61282.29,2026-08-30T06:57:15.526-0000,75,0,no,,0,,,,no
2026-08-30,CoRoT-2,session_01,CoRoT-2260830070016.fits,61282.292,2026-08-30T07:00:16.085-0000,75,0,no,,0,,,,no
2026-08-30,CoRoT-2,session_01,CoRoT-2260830070316.fits,61282.294,2026-08-30T07:03:16.619-0000,33,0,no,,0,,,,no
2026-08-30,CoRoT-2,session_01,CoRoT-2260830070616.fits,61282.296,2026-08-30T07:06:16.057-0000,33,0,no,,0,,,,no
2026-08-30,CoRoT-2,session_01,CoRoT-2260830070915.fits,61282.298,2026-08-30T07:09:15.495-0000,33,0,no,,0,,,,no
2026-08-30,CoRoT-2,session_01,CoRoT-2260830071522.fits,61282.302,2026-08-30T07:15:22.839-0000,33,0,no,,0,,,,no
2026-08-30,CoRoT-2,session_01,CoRoT-2260830072013.fits,61282.306,2026-08-30T07:20:13.959-0000,33,1,no,,0,,,,no
2026-08-30,CoRoT-2,session_01,CoRoT-2260830072504.fits,61282.309,2026-08-30T07:25:04.028-0000,33,0,no,,0,,,,no
2026-08-30,CoRoT-2,session_01,CoRoT-2260830072648.fits,61282.31,2026-08-30T07:26:48.134-0000,33,0,no,,0,,,,no
2026-08-30,CoRoT-2,session_01,CoRoT-2260830073321.fits,61282.315,2026-08-30T07:33:21.527-0000,2,2,no,,0,,,,no
2026-08-30,CoRoT-2,session_01,CoRoT-2260830073506.fits,61282.316,2026-08-30T07:35:06.686-0000,2,0,no,,0,,,,no
2026-08-30,CoRoT-2,session_01,CoRoT-2260830074141.fits,61282.321,2026-08-30T07:41:41.037-0000,2,0,no,,0,,,,no
2026-08-30,CoRoT-2,session_01,CoRoT-2260830074325.fits,61282.322,2026-08-30T07:43:25.229-0000,2,0,no,,0,,,,no
2026-08-30,CoRoT-2,session_01,CoRoT-2260830074813.fits,61282.325,2026-08-30T07:48:13.286-0000,2,0,no,,0,,,,no
2026-08-31,TRES-3,session_01,TRES-3260831034710.fits,61283.158,2026-08-31T03:47:10.252-0000,40,45,no,,0,,,,no
2026-08-31,TRES-3,session_01,TRES-3260831034855.fits,61283.159,2026-08-31T03:48:55.498-0000,40,45,no,,0,,,,no
2026-08-31,TRES-3,session_01,TRES-3260831035040.fits,61283.16,2026-08-31T03:50:40.690-0000,40,45,no,,0,,,,no
2026-08-31,TRES-3,session_01,TRES-3260831035224.fits,61283.161,2026-08-31T03:52:24.056-0000,40,45,no,,0,,,,no
2026-08-31,TRES-3,session_01,TRES-3260831035416.fits,61283.163,2026-08-31T03:54:16.367-0000,40,45,no,,0,,,,no
2026-08-31,TRES-3,session_01,TRES-3260831035715.fits,61283.165,2026-08-31T03:57:15.802-0000,40,45,no,,0,,,,no
2026-08-31,TRES-3,session_01,TRES-3260831040015.fits,61283.167,2026-08-31T04:00:15.337-0000,40,45,no,,0,,,,no
2026-08-31,TRES-3,session_01,TRES-3260831040315.fits,61283.169,2026-08-31T04:03:15.811-0000,26,45,no,,0,,,,no
2026-08-31,TRES-3,session_01,TRES-3260831040615.fits,61283.171,2026-08-31T04:06:15.261-0000,26,45,no,,0,,,,no
2026-08-31,TRES-3,session_01,TRES-3260831040916.fits,61283.173,2026-08-31T04:09:16.729-0000,26,45,no,,0,,,,no
2026-08-31,TRES-3,session_01,TRES-3260831041215.fits,61283.175,2026-08-31T04:12:15.178-0000,26,45,no,,0,,,,no
2026-08-31,TRES-3,session_01,TRES-3260831041515.fits,61283.177,2026-08-31T04:15:15.622-0000,26,25,no,,0,,,,no
2026-08-31,TRES-3,session_01,TRES-3260831041816.fits,61283.179,2026-08-31T04:18:16.052-0000,26,16,no,,0,,,,no
2026-08-31,TRES-3,session_01,TRES-3260831042115.fits,61283.181,2026-08-31T04:21:15.484-0000,26,25,no,,0,,,,no
2026-08-31,TRES-3,session_01,TRES-3260831042415.fits,61283.184,2026-08-31T04:24:15.870-0000,26,45,no,,0,,,,no
2026-08-31,TRES-3,session_01,TRES-3260831042715.fits,61283.186,2026-08-31T04:27:15.319-0000,26,0,no,,0,,,,no
2026-08-31,TRES-3,session_01,TRES-3260831043015.fits,61283.188,2026-08-31T04:30:15.736-0000,26,8,no,,0,,,,no
2026-08-31,TRES-3,session_01,TRES-3260831043315.fits,61283.19,2026-08-31T04:33:15.152-0000,22,19,no,,0,,,,no
2026-08-31,TRES-3,session_01,TRES-3260831043616.fits,61283.192,2026-08-31T04:36:16.638-0000,22,39,no,,0,,,,no
2026-08-31,TRES-3,session_01,TRES-3260831043917.fits,61283.194,2026-08-31T04:39:17.030-0000,22,36,no,,0,,,,no
2026-08-31,TRES-3,session_01,TRES-3260831044215.fits,61283.196,2026-08-31T04:42:15.335-0000,22,34,no,,0,,,,no
2026-08-31,TRES-3,session_01,TRES-3260831044516.fits,61283.198,2026-08-31T04:45:16.722-0000,22,29,no,,0,,,,no
2026-08-31,TRES-3,session_01,TRES-3260831044816.fits,61283.2,2026-08-31T04:48:16.133-0000,22,45,no,,0,,,,no
2026-08-31,TRES-3,session_01,TRES-3260831045115.fits,61283.202,2026-08-31T04:51:15.464-0000,22,45,no,,0,,,,no
2026-08-31,TRES-3,session_01,TRES-3260831045415.fits,61283.204,2026-08-31T04:54:15.990-0000,22,34,no,,0,,,,no
2026-08-31,TRES-3,session_01,TRES-3260831045716.fits,61283.206,2026-08-31T04:57:16.489-0000,22,45,no,,0,,,,no
2026-08-31,TRES-3,session_01,TRES-3260831050016.fits,61283.209,2026-08-31T05:00:16.959-0000,22,17,no,,0,,,,no
2026-08-31,TRES-3,session_01,TRES-3260831050315.fits,61283.211,2026-08-31T05:03:15.463-0000,33,34,no,,0,,,,no
2026-08-31,TRES-3,session_01,TRES-3260831050615.fits,61283.213,2026-08-31T05:06:15.997-0000,33,21,no,,0,,,,no
2026-08-31,TRES-3,session_01,TRES-3260831050915.fits,61283.215,2026-08-31T05:09:15.477-0000,33,9,no,,0,,,,no
2026-08-31,TRES-3,session_01,TRES-3260831051216.fits,61283.217,2026-08-31T05:12:16.148-0000,33,8,no,,0,,,,no
2026-08-31,TRES-3,session_01,TRES-3260831051515.fits,61283.219,2026-08-31T05:15:15.559-0000,33,8,no,,0,,,,no
2026-08-31,TRES-3,session_01,TRES-3260831051816.fits,61283.221,2026-08-31T05:18:16.014-0000,33,11,no,,0,,,,no
2026-08-31,TRES-3,session_01,TRES-3260831052116.fits,61283.223,2026-08-31T05:21:16.461-0000,33,9,no,,0,,,,no
2026-08-31,TRES-3,session_01,TRES-3260831052416.fits,61283.225,2026-08-31T05:24:16.882-0000,33,45,yes,N-up_E-left,5,446.94,170.97,,no
2026-08-31,TRES-3,session_01,TRES-3260831052715.fits,61283.227,2026-08-31T05:27:15.396-0000,33,36,no,,0,,,,no
2026-08-31,TRES-3,session_01,TRES-3260831053016.fits,61283.229,2026-08-31T05:30:16.960-0000,33,45,no,,0,,,,no
2026-08-31,TRES-3,session_01,TRES-3260831053316.fits,61283.231,2026-08-31T05:33:16.350-0000,47,45,no,,0,,,,no
2026-08-31,TRES-3,session_01,TRES-3260831053616.fits,61283.234,2026-08-31T05:36:16.718-0000,47,45,no,,0,,,,no
2026-08-31,TRES-3,session_01,TRES-3260831053915.fits,61283.236,2026-08-31T05:39:15.145-0000,47,45,no,,0,,,,no
2026-08-31,TRES-3,session_01,TRES-3260831054215.fits,61283.238,2026-08-31T05:42:15.497-0000,47,45,no,,0,,,,no
2026-08-31,TRES-3,session_01,TRES-3260831054516.fits,61283.24,2026-08-31T05:45:16.038-0000,47,45,no,,0,,,,no
2026-08-31,TRES-3,session_01,TRES-3260831054815.fits,61283.242,2026-08-31T05:48:15.509-0000,47,45,no,,0,,,,no
2026-08-31,TRES-3,session_01,TRES-3260831055116.fits,61283.244,2026-08-31T05:51:16.062-0000,47,45,no,,0,,,,no
2026-08-31,TRES-3,session_01,TRES-3260831055415.fits,61283.246,2026-08-31T05:54:15.471-0000,47,39,no,,0,,,,no
2026-08-31,TRES-3,session_01,TRES-3260831055715.fits,61283.248,2026-08-31T05:57:15.940-0000,47,45,no,,0,,,,no
2026-08-31,TRES-3,session_01,TRES-3260831060015.fits,61283.25,2026-08-31T06:00:15.350-0000,47,28,no,,0,,,,no
2026-08-31,TRES-3,session_01,TRES-3260831060315.fits,61283.252,2026-08-31T06:03:15.761-0000,85,43,no,,0,,,,no
2026-08-31,TRES-3,session_01,TRES-3260831060616.fits,61283.254,2026-08-31T06:06:16.314-0000,85,19,no,,0,,,,no
2026-08-31,TRES-3,session_01,TRES-3260831060916.fits,61283.256,2026-08-31T06:09:16.737-0000,85,45,no,,0,,,,no
2026-08-31,TRES-3,session_01,TRES-3260831061215.fits,61283.259,2026-08-31T06:12:15.238-0000,85,45,no,,0,,,,no
2026-08-31,TRES-3,session_01,TRES-3260831061515.fits,61283.261,2026-08-31T06:15:15.681-0000,85,45,no,,0,,,,no
2026-08-31,TRES-3,session_01,TRES-3260831061815.fits,61283.263,2026-08-31T06:18:15.175-0000,85,45,no,,0,,,,no
2026-08-31,TRES-3,session_01,TRES-3260831062115.fits,61283.265,2026-08-31T06:21:15.626-0000,85,45,no,,0,,,,no
2026-08-31,TRES-3,session_01,TRES-3260831062415.fits,61283.267,2026-08-31T06:24:15.191-0000,85,45,no,,0,,,,no
2026-08-31,TRES-3,session_01,TRES-3260831062715.fits,61283.269,2026-08-31T06:27:15.594-0000,85,45,no,,0,,,,no
2026-08-31,TRES-3,session_01,TRES-3260831063016.fits,61283.271,2026-08-31T06:30:16.942-0000,85,45,no,,0,,,,no
2026-08-31,TRES-3,session_01,TRES-3260831063315.fits,61283.273,2026-08-31T06:33:15.418-0000,95,45,no,,0,,,,no
2026-08-31,TRES-3,session_01,TRES-3260831063615.fits,61283.275,2026-08-31T06:36:15.848-0000,95,45,no,,0,,,,no
2026-08-31,TRES-3,session_01,TRES-3260831063915.fits,61283.277,2026-08-31T06:39:15.368-0000,95,45,no,,0,,,,no
2026-08-31,TRES-3,session_01,TRES-3260831064215.fits,61283.279,2026-08-31T06:42:15.812-0000,95,45,no,,0,,,,no
2026-08-31,TRES-3,session_01,TRES-3260831064515.fits,61283.281,2026-08-31T06:45:15.260-0000,95,45,no,,0,,,,no
2026-08-31,TRES-3,session_01,TRES-3260831064815.fits,61283.284,2026-08-31T06:48:15.712-0000,95,45,no,,0,,,,no
2026-08-31,TRES-3,session_01,TRES-3260831065115.fits,61283.286,2026-08-31T06:51:15.179-0000,95,45,no,,0,,,,no
2026-08-31,TRES-3,session_01,TRES-3260831065415.fits,61283.288,2026-08-31T06:54:15.590-0000,95,45,no,,0,,,,no
2026-08-31,TRES-3,session_01,TRES-3260831065716.fits,61283.29,2026-08-31T06:57:16.940-0000,95,45,no,,0,,,,no
2026-08-31,TRES-3,session_01,TRES-3260831070015.fits,61283.292,2026-08-31T07:00:15.403-0000,95,45,no,,0,,,,no
2026-08-31,TRES-3,session_01,TRES-3260831070315.fits,61283.294,2026-08-31T07:03:15.979-0000,100,45,no,,0,,,,no
2026-08-31,TRES-3,session_01,TRES-3260831070615.fits,61283.296,2026-08-31T07:06:15.432-0000,100,45,no,,0,,,,no
2026-08-31,TRES-3,session_01,TRES-3260831070915.fits,61283.298,2026-08-31T07:09:15.183-0000,100,45,no,,0,,,,no
2026-09-01,TRES-5,session_01,TRES-5260901050038.fits,61284.209,2026-09-01T05:00:38.463-0000,42,45,yes,flip-y,13,251.02,233.05,,no
2026-09-01,TRES-5,session_01,TRES-5260901050316.fits,61284.211,2026-09-01T05:03:16.101-0000,61,45,yes,flip-y,14,252.12,219.39,,no
2026-09-01,TRES-5,session_01,TRES-5260901050615.fits,61284.213,2026-09-01T05:06:15.402-0000,61,45,yes,flip-y,14,253.4,220.43,,no
2026-09-01,TRES-5,session_01,TRES-5260901050915.fits,61284.215,2026-09-01T05:09:15.809-0000,61,45,yes,flip-y,13,256.42,224.53,,no
2026-09-01,TRES-5,session_01,TRES-5260901051215.fits,61284.217,2026-09-01T05:12:15.242-0000,61,45,yes,flip-y,13,258.35,213.23,,no
2026-09-01,TRES-5,session_01,TRES-5260901051515.fits,61284.219,2026-09-01T05:15:15.609-0000,61,45,yes,flip-y,14,259.42,214.76,,no
2026-09-01,TRES-5,session_01,TRES-5260901051816.fits,61284.221,2026-09-01T05:18:16.067-0000,61,45,yes,flip-y,14,259.48,214.47,,no
2026-09-01,TRES-5,session_01,TRES-5260901052115.fits,61284.223,2026-09-01T05:21:15.437-0000,61,45,yes,flip-y,13,259.17,214.96,,no
2026-09-01,TRES-5,session_01,TRES-5260901052415.fits,61284.225,2026-09-01T05:24:15.888-0000,61,45,yes,flip-y,13,259.06,214.95,,no
2026-09-01,TRES-5,session_01,TRES-5260901052716.fits,61284.227,2026-09-01T05:27:16.284-0000,61,45,yes,flip-y,14,261.82,215.26,,no
2026-09-01,TRES-5,session_01,TRES-5260901053015.fits,61284.229,2026-09-01T05:30:15.759-0000,61,45,yes,flip-y,12,261.34,214.42,,no
2026-09-01,TRES-5,session_01,TRES-5260901053316.fits,61284.231,2026-09-01T05:33:16.046-0000,70,45,yes,flip-y,13,260.37,216.0,,no
2026-09-01,TRES-5,session_01,TRES-5260901053615.fits,61284.234,2026-09-01T05:36:15.477-0000,70,45,yes,flip-y,13,261.54,215.41,,no
2026-09-01,TRES-5,session_01,TRES-5260901053916.fits,61284.236,2026-09-01T05:39:16.007-0000,70,45,yes,flip-y,13,261.14,216.11,,no
2026-09-01,TRES-5,session_01,TRES-5260901054215.fits,61284.238,2026-09-01T05:42:15.410-0000,70,45,yes,flip-y,13,262.09,213.62,,no
2026-09-01,TRES-5,session_01,TRES-5260901054516.fits,61284.24,2026-09-01T05:45:16.706-0000,70,45,yes,flip-y,13,261.75,214.6,,no
2026-09-01,TRES-5,session_01,TRES-5260901054817.fits,61284.242,2026-09-01T05:48:17.082-0000,70,45,yes,flip-y,13,261.22,214.54,,no
2026-09-01,TRES-5,session_01,TRES-5260901055115.fits,61284.244,2026-09-01T05:51:15.516-0000,70,45,yes,flip-y,13,262.28,215.87,,no
2026-09-01,TRES-5,session_01,TRES-5260901055415.fits,61284.246,2026-09-01T05:54:15.828-0000,70,45,yes,flip-y,13,262.34,215.91,,no
2026-09-01,TRES-5,session_01,TRES-5260901055716.fits,61284.248,2026-09-01T05:57:16.309-0000,70,45,yes,flip-y,14,261.56,216.34,,no
2026-09-01,TRES-5,session_01,TRES-5260901060015.fits,61284.25,2026-09-01T06:00:15.818-0000,70,45,yes,flip-y,14,264.15,215.2,,no
2026-09-01,TRES-5,session_01,TRES-5260901060315.fits,61284.252,2026-09-01T06:03:15.197-0000,97,45,yes,flip-y,14,263.53,212.43,,no
2026-09-01,TRES-5,session_01,TRES-5260901060615.fits,61284.254,2026-09-01T06:06:15.643-0000,97,45,yes,flip-y,14,265.49,212.19,,no
2026-09-01,TRES-5,session_01,TRES-5260901060916.fits,61284.256,2026-09-01T06:09:16.056-0000,97,45,yes,flip-y,13,263.59,213.6,,no
2026-09-01,TRES-5,session_01,TRES-5260901061215.fits,61284.259,2026-09-01T06:12:15.444-0000,97,45,yes,flip-y,13,264.41,215.48,,no
2026-09-01,TRES-5,session_01,TRES-5260901061515.fits,61284.261,2026-09-01T06:15:15.835-0000,97,45,yes,flip-y,14,268.1,212.2,,no
2026-09-01,TRES-5,session_01,TRES-5260901061815.fits,61284.263,2026-09-01T06:18:15.219-0000,97,45,yes,flip-y,14,266.27,212.95,,no
2026-09-01,TRES-5,session_01,TRES-5260901062115.fits,61284.265,2026-09-01T06:21:15.654-0000,97,45,yes,flip-y,14,266.48,210.16,,no
2026-09-01,TRES-5,session_01,TRES-5260901062416.fits,61284.267,2026-09-01T06:24:16.078-0000,97,45,yes,flip-y,14,266.17,214.41,,no
2026-09-01,TRES-5,session_01,TRES-5260901062715.fits,61284.269,2026-09-01T06:27:15.489-0000,97,45,yes,flip-y,14,267.15,211.62,,no
2026-09-01,TRES-5,session_01,TRES-5260901063015.fits,61284.271,2026-09-01T06:30:15.919-0000,97,45,yes,flip-y,14,268.43,211.5,,no
2026-09-01,TRES-5,session_01,TRES-5260901063315.fits,61284.273,2026-09-01T06:33:15.289-0000,100,45,yes,flip-y,14,267.85,210.74,,no
2026-09-01,TRES-5,session_01,TRES-5260901063615.fits,61284.275,2026-09-01T06:36:15.686-0000,100,45,yes,flip-y,14,269.37,211.41,,no
2026-09-01,TRES-5,session_01,TRES-5260901063916.fits,61284.277,2026-09-01T06:39:16.065-0000,100,45,yes,flip-y,14,270.4,210.41,,no
2026-09-01,TRES-5,session_01,TRES-5260901064215.fits,61284.279,2026-09-01T06:42:15.426-0000,100,45,yes,flip-y,13,272.57,211.67,,no
2026-09-01,TRES-5,session_01,TRES-5260901064516.fits,61284.281,2026-09-01T06:45:16.939-0000,100,45,yes,flip-y,14,272.54,210.19,,no
2026-09-01,TRES-5,session_01,TRES-5260901064815.fits,61284.284,2026-09-01T06:48:15.440-0000,100,45,yes,flip-y,14,273.38,210.2,,no
2026-09-01,TRES-5,session_01,TRES-5260901065116.fits,61284.286,2026-09-01T06:51:16.998-0000,100,45,yes,flip-y,14,272.87,209.02,,no
2026-09-01,TRES-5,session_01,TRES-5260901065416.fits,61284.288,2026-09-01T06:54:16.579-0000,100,45,yes,flip-y,14,274.75,207.51,,no
2026-09-01,TRES-5,session_01,TRES-5260901065716.fits,61284.29,2026-09-01T06:57:16.013-0000,100,45,yes,flip-y,14,274.25,205.69,,no
2026-09-01,TRES-5,session_01,TRES-5260901070016.fits,61284.292,2026-09-01T07:00:16.416-0000,100,45,yes,flip-y,13,274.85,207.05,,no
2026-09-01,TRES-5,session_01,TRES-5260901070315.fits,61284.294,2026-09-01T07:03:15.860-0000,100,45,yes,flip-y,14,278.42,205.76,,no
2026-09-01,TRES-5,session_01,TRES-5260901070615.fits,61284.296,2026-09-01T07:06:15.288-0000,100,45,yes,flip-y,14,276.38,205.54,,no
2026-09-01,TRES-5,session_01,TRES-5260901070915.fits,61284.298,2026-09-01T07:09:15.655-0000,100,45,yes,flip-y,14,278.16,208.67,,no
2026-09-01,TRES-5,session_01,TRES-5260901071215.fits,61284.3,2026-09-01T07:12:15.223-0000,100,45,yes,flip-y,14,278.92,207.24,,no
2026-09-01,TRES-5,session_01,TRES-5260901071515.fits,61284.302,2026-09-01T07:15:15.634-0000,100,45,yes,flip-y,13,280.43,209.94,,no
2026-09-01,TRES-5,session_01,TRES-5260901071817.fits,61284.304,2026-09-01T07:18:17.004-0000,100,45,yes,flip-y,14,281.04,211.04,,no
2026-09-01,TRES-5,session_01,TRES-5260901072115.fits,61284.306,2026-09-01T07:21:15.502-0000,100,45,yes,flip-y,14,282.03,209.36,,no
2026-09-01,TRES-5,session_01,TRES-5260901072416.fits,61284.309,2026-09-01T07:24:16.035-0000,100,45,yes,flip-y,14,279.44,211.03,,no
2026-09-01,TRES-5,session_01,TRES-5260901072715.fits,61284.311,2026-09-01T07:27:15.413-0000,100,45,yes,flip-y,14,283.68,208.37,,no
2026-09-01,TRES-5,session_01,TRES-5260901073015.fits,61284.313,2026-09-01T07:30:15.790-0000,100,45,yes,flip-y,14,284.92,207.49,,no
2026-09-01,TRES-5,session_01,TRES-5260901073315.fits,61284.315,2026-09-01T07:33:15.372-0000,100,45,yes,flip-y,14,286.15,205.87,,no
2026-09-01,TRES-5,session_01,TRES-5260901073616.fits,61284.317,2026-09-01T07:36:16.756-0000,100,45,yes,flip-y,14,287.5,205.85,,no
2026-09-01,TRES-5,session_01,TRES-5260901073915.fits,61284.319,2026-09-01T07:39:15.234-0000,100,45,yes,flip-y,14,287.66,205.19,,no
2026-09-01,TRES-5,session_01,TRES-5260901074215.fits,61284.321,2026-09-01T07:42:15.613-0000,100,45,yes,flip-y,14,289.64,209.98,,no
2026-09-01,TRES-5,session_01,TRES-5260901074516.fits,61284.323,2026-09-01T07:45:16.047-0000,100,45,yes,flip-y,13,289.72,209.33,,no
2026-09-01,TRES-5,session_01,TRES-5260901074815.fits,61284.325,2026-09-01T07:48:15.566-0000,100,45,yes,flip-y,14,290.45,208.99,,no
2026-09-01,TRES-5,session_01,TRES-5260901075115.fits,61284.327,2026-09-01T07:51:15.969-0000,100,45,yes,flip-y,14,292.1,211.16,,no
2026-09-01,TRES-5,session_01,TRES-5260901075415.fits,61284.329,2026-09-01T07:54:15.373-0000,100,45,yes,flip-y,14,294.74,210.77,,no
2026-09-01,TRES-5,session_01,TRES-5260901075715.fits,61284.331,2026-09-01T07:57:15.770-0000,100,45,yes,flip-y,14,296.63,210.75,,no
2026-09-01,TRES-5,session_01,TRES-5260901080015.fits,61284.334,2026-09-01T08:00:15.175-0000,100,45,yes,flip-y,14,295.22,210.91,,no
2026-09-01,TRES-5,session_01,TRES-5260901080315.fits,61284.336,2026-09-01T08:03:15.604-0000,100,45,yes,flip-y,14,298.72,218.59,,no
2026-09-01,TRES-5,session_01,TRES-5260901080616.fits,61284.338,2026-09-01T08:06:16.015-0000,100,45,yes,flip-y,14,299.34,217.09,,no
2026-09-01,TRES-5,session_01,TRES-5260901080916.fits,61284.34,2026-09-01T08:09:16.386-0000,100,45,yes,flip-y,14,301.28,216.23,,no
2026-09-01,TRES-5,session_01,TRES-5260901081215.fits,61284.342,2026-09-01T08:12:15.774-0000,100,45,yes,flip-y,13,300.3,216.02,,no
2026-09-01,TRES-5,session_01,TRES-5260901081515.fits,61284.344,2026-09-01T08:15:15.201-0000,100,45,yes,flip-y,13,302.21,216.53,,no
2026-09-01,TRES-5,session_01,TRES-5260901081815.fits,61284.346,2026-09-01T08:18:15.653-0000,100,45,yes,flip-y,14,304.06,213.6,,no
2026-09-01,TRES-5,session_01,TRES-5260901082116.fits,61284.348,2026-09-01T08:21:16.147-0000,100,45,yes,flip-y,14,304.81,219.01,,no
2026-09-01,TRES-5,session_01,TRES-5260901082415.fits,61284.35,2026-09-01T08:24:15.598-0000,100,45,yes,flip-y,14,305.39,218.0,,no
2026-09-01,TRES-5,session_01,TRES-5260901082715.fits,61284.352,2026-09-01T08:27:15.858-0000,100,45,yes,flip-y,14,307.23,216.51,,no
2026-09-01,TRES-5,session_01,TRES-5260901083015.fits,61284.354,2026-09-01T08:30:15.361-0000,100,45,yes,flip-y,14,309.07,215.53,,no
2026-09-01,TRES-5,session_01,TRES-5260901083315.fits,61284.356,2026-09-01T08:33:15.782-0000,100,45,yes,flip-y,14,311.17,215.01,,no
2026-09-01,TRES-5,session_01,TRES-5260901083616.fits,61284.359,2026-09-01T08:36:16.076-0000,100,45,yes,flip-y,14,310.29,220.72,,no
2026-09-01,TRES-5,session_01,TRES-5260901083915.fits,61284.361,2026-09-01T08:39:15.461-0000,100,45,yes,flip-y,13,310.9,219.92,,no
2026-09-04,TRES-5,session_01,TRES-5260904041043.fits,61287.174,2026-09-04T04:10:43.762-0000,94,45,yes,flip-y,14,270.13,270.4,,no
2026-09-04,TRES-5,session_01,TRES-5260904041229.fits,61287.175,2026-09-04T04:12:29.912-0000,94,45,yes,flip-y,15,264.56,209.66,,no
2026-09-04,TRES-5,session_01,TRES-5260904041515.fits,61287.177,2026-09-04T04:15:15.673-0000,94,45,yes,flip-y,13,264.72,214.22,,no
2026-09-04,TRES-5,session_01,TRES-5260904041817.fits,61287.179,2026-09-04T04:18:17.080-0000,94,45,yes,flip-y,15,259.59,213.77,,no
2026-09-04,TRES-5,session_01,TRES-5260904042115.fits,61287.181,2026-09-04T04:21:15.406-0000,94,45,yes,flip-y,13,262.51,217.82,,no
2026-09-04,TRES-5,session_01,TRES-5260904042415.fits,61287.184,2026-09-04T04:24:15.892-0000,94,45,yes,flip-y,13,257.2,212.93,,no
2026-09-04,TRES-5,session_01,TRES-5260904042715.fits,61287.186,2026-09-04T04:27:15.222-0000,94,45,yes,flip-y,13,258.64,214.96,,no
2026-09-04,TRES-5,session_01,TRES-5260904043015.fits,61287.188,2026-09-04T04:30:15.587-0000,94,45,yes,flip-y,13,258.64,213.73,,no
2026-09-04,TRES-5,session_01,TRES-5260904043316.fits,61287.19,2026-09-04T04:33:16.921-0000,100,45,yes,flip-y,14,257.77,207.15,,no
2026-09-04,TRES-5,session_01,TRES-5260904043615.fits,61287.192,2026-09-04T04:36:15.325-0000,100,45,yes,flip-y,11,256.72,212.53,,no
2026-09-04,TRES-5,session_01,TRES-5260904043915.fits,61287.194,2026-09-04T04:39:15.736-0000,100,45,yes,flip-y,14,258.76,211.79,,no
2026-09-04,TRES-5,session_01,TRES-5260904044215.fits,61287.196,2026-09-04T04:42:15.163-0000,100,45,yes,flip-y,13,258.67,211.16,,no
2026-09-04,TRES-5,session_01,TRES-5260904044516.fits,61287.198,2026-09-04T04:45:16.540-0000,100,45,yes,flip-y,12,255.31,208.89,,no
2026-09-04,TRES-5,session_01,TRES-5260904044816.fits,61287.2,2026-09-04T04:48:16.926-0000,100,45,yes,flip-y,11,254.06,210.32,,no
2026-09-04,TRES-5,session_01,TRES-5260904045115.fits,61287.202,2026-09-04T04:51:15.330-0000,100,45,yes,flip-y,14,257.68,209.63,,no
2026-09-04,TRES-5,session_01,TRES-5260904045415.fits,61287.204,2026-09-04T04:54:15.642-0000,100,45,yes,flip-y,14,259.45,210.24,,no
2026-09-04,TRES-5,session_01,TRES-5260904045717.fits,61287.206,2026-09-04T04:57:17.017-0000,100,45,yes,flip-y,14,258.65,209.41,,no
2026-09-04,TRES-5,session_01,TRES-5260904050015.fits,61287.209,2026-09-04T05:00:15.285-0000,100,45,yes,flip-y,13,261.66,205.04,,no
2026-09-04,TRES-5,session_01,TRES-5260904050315.fits,61287.211,2026-09-04T05:03:15.718-0000,100,45,yes,flip-y,13,260.16,204.1,,no
2026-09-04,TRES-5,session_01,TRES-5260904050616.fits,61287.213,2026-09-04T05:06:16.077-0000,100,45,yes,flip-y,14,259.29,205.2,,no
2026-09-04,TRES-5,session_01,TRES-5260904050915.fits,61287.215,2026-09-04T05:09:15.465-0000,100,45,yes,flip-y,12,259.45,206.57,,no
2026-09-04,TRES-5,session_01,TRES-5260904051216.fits,61287.217,2026-09-04T05:12:16.750-0000,100,45,yes,flip-y,12,260.22,205.48,,no
2026-09-04,TRES-5,session_01,TRES-5260904051516.fits,61287.219,2026-09-04T05:15:16.155-0000,100,45,yes,flip-y,13,263.77,206.73,,no
2026-09-04,TRES-5,session_01,TRES-5260904051816.fits,61287.221,2026-09-04T05:18:16.504-0000,100,45,yes,flip-y,13,262.0,205.51,,no
2026-09-04,TRES-5,session_01,TRES-5260904052115.fits,61287.223,2026-09-04T05:21:15.936-0000,100,45,yes,flip-y,14,260.62,205.34,,no
2026-09-04,TRES-5,session_01,TRES-5260904052415.fits,61287.225,2026-09-04T05:24:15.287-0000,100,45,yes,flip-y,14,262.52,202.15,,no
2026-09-04,TRES-5,session_01,TRES-5260904052715.fits,61287.227,2026-09-04T05:27:15.861-0000,100,45,yes,flip-y,13,262.58,206.63,,no
2026-09-04,TRES-5,session_01,TRES-5260904053016.fits,61287.229,2026-09-04T05:30:16.202-0000,100,45,yes,flip-y,13,262.83,204.55,,no
2026-09-04,TRES-5,session_01,TRES-5260904053315.fits,61287.231,2026-09-04T05:33:15.515-0000,100,45,yes,flip-y,13,262.53,203.06,,no
2026-09-04,TRES-5,session_01,TRES-5260904053615.fits,61287.234,2026-09-04T05:36:15.772-0000,100,45,yes,flip-y,14,261.19,200.16,,no
2026-09-04,TRES-5,session_01,TRES-5260904053916.fits,61287.236,2026-09-04T05:39:16.211-0000,100,45,yes,flip-y,14,262.21,200.49,,no
2026-09-04,TRES-5,session_01,TRES-5260904054215.fits,61287.238,2026-09-04T05:42:15.602-0000,100,45,yes,flip-y,13,263.31,204.68,,no
2026-09-04,TRES-5,session_01,TRES-5260904054515.fits,61287.24,2026-09-04T05:45:15.930-0000,100,45,yes,flip-y,14,265.06,199.56,,no
2026-09-04,TRES-5,session_01,TRES-5260904054815.fits,61287.242,2026-09-04T05:48:15.180-0000,100,45,yes,flip-y,14,264.2,201.64,,no
2026-09-04,TRES-5,session_01,TRES-5260904055116.fits,61287.244,2026-09-04T05:51:16.491-0000,100,45,yes,flip-y,14,263.92,200.27,,no
2026-09-04,TRES-5,session_01,TRES-5260904055415.fits,61287.246,2026-09-04T05:54:15.969-0000,100,45,yes,flip-y,14,264.02,201.89,,no
2026-09-04,TRES-5,session_01,TRES-5260904055715.fits,61287.248,2026-09-04T05:57:15.288-0000,100,45,yes,flip-y,14,264.68,201.2,,no
2026-09-04,TRES-5,session_01,TRES-5260904060015.fits,61287.25,2026-09-04T06:00:15.773-0000,100,45,yes,flip-y,13,264.05,202.32,,no
2026-09-04,TRES-5,session_01,TRES-5260904060317.fits,61287.252,2026-09-04T06:03:17.117-0000,100,45,yes,flip-y,14,266.26,201.06,,no
2026-09-04,TRES-5,session_01,TRES-5260904060615.fits,61287.254,2026-09-04T06:06:15.451-0000,100,45,yes,flip-y,14,267.72,200.37,,no
2026-09-04,TRES-5,session_01,TRES-5260904060916.fits,61287.256,2026-09-04T06:09:16.814-0000,100,45,yes,flip-y,14,265.24,198.03,,no
2026-09-04,TRES-5,session_01,TRES-5260904061215.fits,61287.259,2026-09-04T06:12:15.168-0000,100,45,yes,flip-y,14,265.93,197.9,,no
2026-09-04,TRES-5,session_01,TRES-5260904061515.fits,61287.261,2026-09-04T06:15:15.642-0000,100,45,yes,flip-y,14,265.95,198.22,,no
2026-09-04,TRES-5,session_01,TRES-5260904061816.fits,61287.263,2026-09-04T06:18:16.992-0000,100,45,yes,flip-y,14,267.27,197.99,,no
2026-09-04,TRES-5,session_01,TRES-5260904062115.fits,61287.265,2026-09-04T06:21:15.308-0000,100,45,yes,flip-y,13,268.95,199.8,,no
2026-09-04,TRES-5,session_01,TRES-5260904062415.fits,61287.267,2026-09-04T06:24:15.809-0000,100,45,yes,flip-y,13,266.89,197.87,,no
2026-09-04,TRES-5,session_01,TRES-5260904062715.fits,61287.269,2026-09-04T06:27:15.201-0000,100,45,yes,flip-y,13,267.6,197.96,,no
2026-09-04,TRES-5,session_01,TRES-5260904063015.fits,61287.271,2026-09-04T06:30:15.668-0000,100,45,yes,flip-y,14,270.81,197.39,,no
2026-09-04,TRES-5,session_01,TRES-5260904063315.fits,61287.273,2026-09-04T06:33:15.190-0000,100,45,yes,flip-y,14,270.45,196.72,,no
2026-09-04,TRES-5,session_01,TRES-5260904063615.fits,61287.275,2026-09-04T06:36:15.663-0000,100,45,yes,flip-y,14,271.77,193.62,,no
2026-09-04,TRES-5,session_01,TRES-5260904063917.fits,61287.277,2026-09-04T06:39:17.022-0000,100,45,yes,flip-y,14,269.71,193.2,,no
2026-09-04,TRES-5,session_01,TRES-5260904064215.fits,61287.279,2026-09-04T06:42:15.504-0000,100,45,yes,flip-y,14,271.95,194.08,,no
2026-09-04,TRES-5,session_01,TRES-5260904064515.fits,61287.281,2026-09-04T06:45:15.812-0000,100,45,yes,flip-y,14,273.97,191.68,,no
2026-09-04,TRES-5,session_01,TRES-5260904064816.fits,61287.284,2026-09-04T06:48:16.272-0000,100,45,yes,flip-y,14,272.15,192.45,,no
2026-09-04,TRES-5,session_01,TRES-5260904065116.fits,61287.286,2026-09-04T06:51:16.529-0000,100,45,yes,flip-y,13,274.3,191.49,,no
2026-09-04,TRES-5,session_01,TRES-5260904065416.fits,61287.288,2026-09-04T06:54:16.926-0000,100,45,yes,flip-y,14,276.24,190.98,,no
2026-09-04,TRES-5,session_01,TRES-5260904065715.fits,61287.29,2026-09-04T06:57:15.220-0000,100,45,yes,flip-y,13,276.65,190.45,,no
2026-09-05,HATP-10,session_01,HATP-10260905074224.fits,61288.321,2026-09-05T07:42:24.011-0000,100,45,no,,0,,,,no
2026-09-05,HATP-10,session_01,HATP-10260905074835.fits,61288.325,2026-09-05T07:48:35.877-0000,100,45,no,,0,,,,no
2026-09-05,HATP-10,session_01,HATP-10260905075020.fits,61288.327,2026-09-05T07:50:20.102-0000,100,45,no,,0,,,,no
2026-09-05,HATP-10,session_01,HATP-10260905075816.fits,61288.332,2026-09-05T07:58:16.201-0000,100,45,no,,0,,,,no
2026-09-05,HATP-10,session_01,HATP-10260905080000.fits,61288.333,2026-09-05T08:00:00.367-0000,100,45,no,,0,,,,no
2026-09-05,HATP-10,session_01,HATP-10260905080614.fits,61288.338,2026-09-05T08:06:14.128-0000,100,45,no,,0,,,,no
2026-09-05,HATP-10,session_01,HATP-10260905081225.fits,61288.342,2026-09-05T08:12:25.844-0000,100,45,no,,0,,,,no
2026-09-05,HATP-10,session_01,HATP-10260905082023.fits,61288.347,2026-09-05T08:20:23.877-0000,100,45,no,,0,,,,no
2026-09-05,HATP-10,session_01,HATP-10260905082206.fits,61288.349,2026-09-05T08:22:06.993-0000,100,45,no,,0,,,,no
2026-09-05,HATP-10,session_01,HATP-10260905083001.fits,61288.354,2026-09-05T08:30:01.954-0000,100,45,no,,0,,,,no
2026-09-05,HATP-10,session_01,HATP-10260905083613.fits,61288.358,2026-09-05T08:36:13.691-0000,100,45,no,,0,,,,no
2026-09-05,HATP-10,session_01,HATP-10260905083756.fits,61288.36,2026-09-05T08:37:56.833-0000,100,45,no,,0,,,,no
2026-09-05,HATP-10,session_01,HATP-10260905084411.fits,61288.364,2026-09-05T08:44:11.610-0000,100,45,yes,N-up_E-left,5,575.17,251.81,,no
2026-09-05,HATP-10,session_01,HATP-10260905085025.fits,61288.368,2026-09-05T08:50:25.469-0000,100,45,no,,0,,,,no
2026-09-05,HATP-10,session_01,HATP-10260905085638.fits,61288.373,2026-09-05T08:56:38.366-0000,100,45,no,,0,,,,no
2026-09-05,HATP-10,session_01,HATP-10260905090251.fits,61288.377,2026-09-05T09:02:51.346-0000,100,45,no,,0,,,,no
2026-09-05,HATP-10,session_01,HATP-10260905090903.fits,61288.381,2026-09-05T09:09:03.281-0000,100,45,no,,0,,,,no
2026-09-05,HATP-10,session_01,HATP-10260905091516.fits,61288.386,2026-09-05T09:15:16.040-0000,100,45,no,,0,,,,no
2026-09-05,HATP-10,session_01,HATP-10260905092127.fits,61288.39,2026-09-05T09:21:27.901-0000,100,45,no,,0,,,,no
2026-09-05,HATP-10,session_01,HATP-10260905092925.fits,61288.395,2026-09-05T09:29:25.822-0000,100,45,no,,0,,,,no
2026-09-05,HATP-10,session_01,HATP-10260905093109.fits,61288.397,2026-09-05T09:31:09.027-0000,100,45,no,,0,,,,no
2026-09-05,HATP-10,session_01,HATP-10260905093253.fits,61288.398,2026-09-05T09:32:53.212-0000,100,45,no,,0,,,,no
2026-09-05,HATP-10,session_01,HATP-10260905093436.fits,61288.399,2026-09-05T09:34:36.356-0000,100,45,no,,0,,,,no
2026-09-05,HATP-10,session_01,HATP-10260905093620.fits,61288.4,2026-09-05T09:36:20.532-0000,100,45,no,,0,,,,no
2026-09-05,HATP-10,session_01,HATP-10260905093803.fits,61288.401,2026-09-05T09:38:03.688-0000,100,45,no,,0,,,,no
2026-09-05,HATP-10,session_01,HATP-10260905093948.fits,61288.403,2026-09-05T09:39:48.858-0000,100,45,no,,0,,,,no
2026-09-05,HATP-10,session_01,HATP-10260905094132.fits,61288.404,2026-09-05T09:41:32.055-0000,100,45,no,,0,,,,no
2026-09-05,HATP-10,session_01,HATP-10260905094316.fits,61288.405,2026-09-05T09:43:16.256-0000,100,45,no,,0,,,,no
2026-09-05,HATP-10,session_01,HATP-10260905094501.fits,61288.406,2026-09-05T09:45:01.405-0000,100,45,no,,0,,,,no
2026-09-05,HATP-10,session_01,HATP-10260905094645.fits,61288.407,2026-09-05T09:46:45.550-0000,100,45,no,,0,,,,no
2026-09-05,HATP-10,session_01,HATP-10260905094830.fits,61288.409,2026-09-05T09:48:30.733-0000,100,45,no,,0,,,,no
2026-09-05,HATP-10,session_01,HATP-10260905095013.fits,61288.41,2026-09-05T09:50:13.866-0000,100,45,no,,0,,,,no
2026-09-05,HATP-10,session_01,HATP-10260905095157.fits,61288.411,2026-09-05T09:51:57.095-0000,100,45,no,,0,,,,no
2026-09-05,HATP-10,session_01,HATP-10260905095340.fits,61288.412,2026-09-05T09:53:40.291-0000,100,45,no,,0,,,,no
2026-09-05,HATP-10,session_01,HATP-10260905095523.fits,61288.413,2026-09-05T09:55:23.491-0000,100,45,no,,0,,,,no
2026-09-05,HATP-10,session_01,HATP-10260905095706.fits,61288.415,2026-09-05T09:57:06.622-0000,100,45,no,,0,,,,no
2026-09-05,HATP-10,session_01,HATP-10260905095849.fits,61288.416,2026-09-05T09:58:49.839-0000,100,45,no,,0,,,,no
2026-09-05,HATP-10,session_01,HATP-10260905100034.fits,61288.417,2026-09-05T10:00:34.034-0000,100,45,no,,0,,,,no
2026-09-05,HATP-10,session_01,HATP-10260905100217.fits,61288.418,2026-09-05T10:02:17.190-0000,100,45,no,,0,,,,no
2026-09-05,HATP-10,session_01,HATP-10260905100401.fits,61288.419,2026-09-05T10:04:01.407-0000,100,45,no,,0,,,,no
2026-09-05,HATP-10,session_01,HATP-10260905100546.fits,61288.421,2026-09-05T10:05:46.609-0000,100,45,yes,N-up_E-left,5,586.91,149.67,,no
2026-09-05,HATP-10,session_01,HATP-10260905100731.fits,61288.422,2026-09-05T10:07:31.838-0000,100,45,no,,0,,,,no
2026-09-05,HATP-10,session_01,HATP-10260905100915.fits,61288.423,2026-09-05T10:09:15.036-0000,100,45,yes,N-up_E-left,5,585.54,152.25,,no
2026-09-05,HATP-10,session_01,HATP-10260905101058.fits,61288.424,2026-09-05T10:10:58.240-0000,100,45,yes,N-up_E-left,5,585.91,151.29,,no
2026-09-05,HATP-10,session_01,HATP-10260905101241.fits,61288.425,2026-09-05T10:12:41.354-0000,100,45,no,,0,,,,no
2026-09-05,HATP-10,session_01,HATP-10260905101424.fits,61288.427,2026-09-05T10:14:24.489-0000,100,45,yes,N-up_E-left,5,585.53,144.54,,no
2026-09-05,HATP-10,session_01,HATP-10260905101608.fits,61288.428,2026-09-05T10:16:08.718-0000,100,45,no,,0,,,,no
2026-09-05,HATP-10,session_01,HATP-10260905101752.fits,61288.429,2026-09-05T10:17:52.863-0000,100,45,no,,0,,,,no
2026-09-05,HATP-10,session_01,HATP-10260905101937.fits,61288.43,2026-09-05T10:19:37.066-0000,100,45,no,,0,,,,no
2026-09-05,HATP-10,session_01,HATP-10260905102121.fits,61288.431,2026-09-05T10:21:21.312-0000,100,45,no,,0,,,,no
2026-09-05,HATP-10,session_01,HATP-10260905102304.fits,61288.433,2026-09-05T10:23:04.458-0000,100,45,yes,N-up_E-left,5,586.23,146.25,,no
2026-09-05,HATP-10,session_01,HATP-10260905102448.fits,61288.434,2026-09-05T10:24:48.674-0000,100,45,yes,N-up_E-left,5,582.68,147.92,,no
2026-09-05,HATP-10,session_01,HATP-10260905102632.fits,61288.435,2026-09-05T10:26:32.821-0000,100,45,yes,N-up_E-left,5,582.49,147.76,,no
2026-09-05,HATP-10,session_01,HATP-10260905102817.fits,61288.436,2026-09-05T10:28:17.977-0000,100,45,yes,N-up_E-left,5,579.7,145.01,,no
2026-09-05,HATP-10,session_01,HATP-10260905103001.fits,61288.438,2026-09-05T10:30:01.166-0000,100,45,yes,N-up_E-left,5,583.69,143.12,,no
2026-09-05,HATP-10,session_01,HATP-10260905103146.fits,61288.439,2026-09-05T10:31:46.337-0000,100,45,no,,0,,,,no
2026-09-05,HATP-10,session_01,HATP-10260905103329.fits,61288.44,2026-09-05T10:33:29.529-0000,100,45,no,,0,,,,no
2026-09-05,HATP-10,session_01,HATP-10260905103513.fits,61288.441,2026-09-05T10:35:13.704-0000,100,45,no,,0,,,,no
2026-09-05,HATP-10,session_01,HATP-10260905103656.fits,61288.442,2026-09-05T10:36:56.892-0000,100,45,no,,0,,,,no
2026-09-05,HATP-10,session_01,HATP-10260905103840.fits,61288.444,2026-09-05T10:38:40.024-0000,100,45,no,,0,,,,no
2026-09-05,HATP-10,session_01,HATP-10260905104026.fits,61288.445,2026-09-05T10:40:26.200-0000,100,45,yes,N-up_E-left,5,579.53,139.13,,no
2026-09-05,HATP-10,session_01,HATP-10260905104215.fits,61288.446,2026-09-05T10:42:15.484-0000,100,45,yes,N-up_E-left,5,580.4,140.08,,no
2026-09-05,HATP-10,session_01,HATP-10260905104515.fits,61288.448,2026-09-05T10:45:15.931-0000,100,45,yes,N-up_E-left,5,580.13,141.11,,no
2026-09-05,HATP-10,session_01,HATP-10260905104815.fits,61288.45,2026-09-05T10:48:15.330-0000,100,45,yes,N-up_E-left,5,578.85,141.4,,no
2026-09-05,HATP-10,session_01,HATP-10260905105115.fits,61288.452,2026-09-05T10:51:15.676-0000,100,45,no,,0,,,,no
2026-09-05,HATP-10,session_01,HATP-10260905105416.fits,61288.454,2026-09-05T10:54:16.054-0000,100,45,no,,0,,,,no
2026-09-05,HATP-10,session_01,HATP-10260905105715.fits,61288.456,2026-09-05T10:57:15.385-0000,100,45,no,,0,,,,no
2026-09-05,HATP-10,session_01,HATP-10260905110015.fits,61288.459,2026-09-05T11:00:15.720-0000,100,45,yes,N-up_E-left,5,578.5,132.57,,no
2026-09-05,HATP-10,session_01,HATP-10260905110315.fits,61288.461,2026-09-05T11:03:15.256-0000,100,45,yes,N-up_E-left,5,578.89,134.83,,no
2026-09-05,HATP-10,session_01,HATP-10260905110616.fits,61288.463,2026-09-05T11:06:16.688-0000,100,45,yes,N-up_E-left,5,574.0,134.75,,no
2026-09-05,HATP-10,session_01,HATP-10260905110916.fits,61288.465,2026-09-05T11:09:16.116-0000,100,45,yes,N-up_E-left,5,574.48,135.25,,no
2026-09-05,HATP-10,session_01,HATP-10260905111215.fits,61288.467,2026-09-05T11:12:15.503-0000,100,45,yes,N-up_E-left,5,577.45,134.89,,no
2026-09-05,HATP-10,session_01,HATP-10260905111515.fits,61288.469,2026-09-05T11:15:15.881-0000,100,45,no,,0,,,,no
2026-09-05,HATP-10,session_01,HATP-10260905111815.fits,61288.471,2026-09-05T11:18:15.251-0000,100,45,no,,0,,,,no
2026-09-05,HATP-10,session_01,HATP-10260905112115.fits,61288.473,2026-09-05T11:21:15.616-0000,100,45,no,,0,,,,no
2026-09-05,HATP-10,session_01,HATP-10260905112415.fits,61288.475,2026-09-05T11:24:16.001-0000,100,45,no,,0,,,,no
2026-09-05,HATP-10,session_01,HATP-10260905112716.fits,61288.477,2026-09-05T11:27:16.416-0000,100,45,no,,0,,,,no
2026-09-05,HATP-10,session_01,HATP-10260905113015.fits,61288.479,2026-09-05T11:30:15.787-0000,100,45,no,,0,,,,no
2026-09-05,HATP-10,session_01,HATP-10260905113316.fits,61288.481,2026-09-05T11:33:16.169-0000,100,45,no,,0,,,,no
2026-09-05,HATP-10,session_01,HATP-10260905113615.fits,61288.484,2026-09-05T11:36:15.523-0000,100,45,no,,0,,,,no
2026-09-05,HATP-10,session_01,HATP-10260905113916.fits,61288.486,2026-09-05T11:39:16.927-0000,100,45,no,,0,,,,no
2026-09-05,HATP-10,session_01,HATP-10260905114216.fits,61288.488,2026-09-05T11:42:16.224-0000,100,45,no,,0,,,,no
2026-09-05,HATP-10,session_01,HATP-10260905114516.fits,61288.49,2026-09-05T11:45:16.572-0000,100,45,no,,0,,,,no
2026-09-05,HATP-10,session_01,HATP-10260905114815.fits,61288.492,2026-09-05T11:48:15.956-0000,100,45,no,,0,,,,no
2026-09-05,HATP-10,session_01,HATP-10260905115115.fits,61288.494,2026-09-05T11:51:15.353-0000,100,45,no,,0,,,,no
2026-09-05,HATP-10,session_01,HATP-10260905115415.fits,61288.496,2026-09-05T11:54:15.686-0000,100,45,no,,0,,,,no
2026-09-05,HATP-10,session_01,HATP-10260905115715.fits,61288.498,2026-09-05T11:57:15.981-0000,100,45,no,,0,,,,no
2026-09-05,HATP-10,session_01,HATP-10260905120015.fits,61288.5,2026-09-05T12:00:15.235-0000,100,45,no,,0,,,,no
2026-09-05,HATP-10,session_01,HATP-10260905120315.fits,61288.502,2026-09-05T12:03:15.529-0000,98,45,no,,0,,,,no
2026-09-05,HATP-10,session_01,HATP-10260905120615.fits,61288.504,2026-09-05T12:06:15.972-0000,98,45,no,,0,,,,no
2026-09-05,HATP-10,session_01,HATP-10260905120915.fits,61288.506,2026-09-05T12:09:15.358-0000,98,45,no,,0,,,,no
2026-09-05,HATP-10,session_01,HATP-10260905121518.fits,61288.511,2026-09-05T12:15:18.792-0000,98,45,no,,0,,,,no
2026-09-05,HATP-10,session_01,HATP-10260905122123.fits,61288.515,2026-09-05T12:21:23.244-0000,98,45,no,,0,,,,no
