file_name,relative_path,target_name,date_obs,obs_date,exposure,filter
Dark-C-260806124514.fits,calibration\2026-08-06\Dark-C-260806124514.fits,Dark-C-,2026-08-06T05:45:14.317-0700,2026-08-06,,Opaque
Dark-C-260806125119.fits,calibration\2026-08-06\Dark-C-260806125119.fits,Dark-C-,2026-08-06T05:51:19.482-0700,2026-08-06,,Opaque
Dark-C-260807123949.fits,calibration\2026-08-07\Dark-C-260807123949.fits,Dark-C-,2026-08-07T05:39:49.561-0700,2026-08-07,,Opaque
Dark-C-260807124553.fits,calibration\2026-08-07\Dark-C-260807124553.fits,Dark-C-,2026-08-07T05:45:53.100-0700,2026-08-07,,Opaque
Dark-C-260808123758.fits,calibration\2026-08-08\Dark-C-260808123758.fits,Dark-C-,2026-08-08T05:37:58.221-0700,2026-08-08,,Opaque
Dark-C-260808124401.fits,calibration\2026-08-08\Dark-C-260808124401.fits,Dark-C-,2026-08-08T05:44:01.744-0700,2026-08-08,,Opaque
Dark-C-260809052054.fits,calibration\2026-08-09\Dark-C-260809052054.fits,Dark-C-,2026-08-08T22:20:54.224-0700,2026-08-08,,Opaque
Dark-C-260809052457.fits,calibration\2026-08-09\Dark-C-260809052457.fits,Dark-C-,2026-08-08T22:24:57.132-0700,2026-08-08,,Opaque
Dark-C-260810123529.fits,calibration\2026-08-10\Dark-C-260810123529.fits,Dark-C-,2026-08-10T05:35:29.930-0700,2026-08-10,,Opaque
Dark-C-260810124133.fits,calibration\2026-08-10\Dark-C-260810124133.fits,Dark-C-,2026-08-10T05:41:33.207-0700,2026-08-10,,Opaque
Dark-C-260811065634.fits,calibration\2026-08-11\Dark-C-260811065634.fits,Dark-C-,2026-08-10T23:56:34.330-0700,2026-08-10,,Opaque
Dark-C-260811070036.fits,calibration\2026-08-11\Dark-C-260811070036.fits,Dark-C-,2026-08-11T00:00:36.347-0700,2026-08-11,,Opaque
Dark-C-260812132017.fits,calibration\2026-08-12\Dark-C-260812132017.fits,Dark-C-,2026-08-12T06:20:17.635-0700,2026-08-12,,Opaque
Dark-C-260812132634.fits,calibration\2026-08-12\Dark-C-260812132634.fits,Dark-C-,2026-08-12T06:26:34.986-0700,2026-08-12,,Opaque
Dark-C-260813131225.fits,calibration\2026-08-13\Dark-C-260813131225.fits,Dark-C-,2026-08-13T06:12:25.847-0700,2026-08-13,,Opaque
Dark-C-260813131845.fits,calibration\2026-08-13\Dark-C-260813131845.fits,Dark-C-,2026-08-13T06:18:45.633-0700,2026-08-13,,Opaque
Dark-C-260814041126.fits,calibration\2026-08-14\Dark-C-260814041126.fits,Dark-C-,2026-08-13T21:11:26.211-0700,2026-08-13,,Opaque
Dark-C-260814041518.fits,calibration\2026-08-14\Dark-C-260814041518.fits,Dark-C-,2026-08-13T21:15:18.988-0700,2026-08-13,,Opaque
Dark-C-260815125751.fits,calibration\2026-08-15\Dark-C-260815125751.fits,Dark-C-,2026-08-15T05:57:51.164-0700,2026-08-15,,Opaque
Dark-C-260815130350.fits,calibration\2026-08-15\Dark-C-260815130350.fits,Dark-C-,2026-08-15T06:03:50.550-0700,2026-08-15,,Opaque
Dark-C-260816105136.fits,calibration\2026-08-16\Dark-C-260816105136.fits,Dark-C-,2026-08-16T03:51:36.514-0700,2026-08-16,,Opaque
Dark-C-260816105416.fits,calibration\2026-08-16\Dark-C-260816105416.fits,Dark-C-,2026-08-16T03:54:16.145-0700,2026-08-16,,Opaque
Dark-C-260817143529.fits,calibration\2026-08-17\Dark-C-260817143529.fits,Dark-C-,2026-08-17T07:35:29.740-0700,2026-08-17,,Opaque
Dark-C-260817144151.fits,calibration\2026-08-17\Dark-C-260817144151.fits,Dark-C-,2026-08-17T07:41:51.931-0700,2026-08-17,,Opaque
Dark-C-260818123305.fits,calibration\2026-08-18\Dark-C-260818123305.fits,Dark-C-,2026-08-18T05:33:05.761-0700,2026-08-18,,Opaque
Dark-C-260818123900.fits,calibration\2026-08-18\Dark-C-260818123900.fits,Dark-C-,2026-08-18T05:39:00.016-0700,2026-08-18,,Opaque
Dark-C-260819131908.fits,calibration\2026-08-19\Dark-C-260819131908.fits,Dark-C-,2026-08-19T06:19:08.506-0700,2026-08-19,,Opaque
Dark-C-260819132516.fits,calibration\2026-08-19\Dark-C-260819132516.fits,Dark-C-,2026-08-19T06:25:17.001-0700,2026-08-19,,Opaque
Dark-C-260820122815.fits,calibration\2026-08-20\Dark-C-260820122815.fits,Dark-C-,2026-08-20T05:28:15.897-0700,2026-08-20,,Opaque
Dark-C-260820123412.fits,calibration\2026-08-20\Dark-C-260820123412.fits,Dark-C-,2026-08-20T05:34:12.250-0700,2026-08-20,,Opaque
Dark-C-260821102439.fits,calibration\2026-08-21\Dark-C-260821102439.fits,Dark-C-,2026-08-21T03:24:39.206-0700,2026-08-21,,Opaque
Dark-C-260821102716.fits,calibration\2026-08-21\Dark-C-260821102716.fits,Dark-C-,2026-08-21T03:27:16.785-0700,2026-08-21,,Opaque
Dark-C-260822130005.fits,calibration\2026-08-22\Dark-C-260822130005.fits,Dark-C-,2026-08-22T06:00:05.620-0700,2026-08-22,,Opaque
Dark-C-260822130612.fits,calibration\2026-08-22\Dark-C-260822130612.fits,Dark-C-,2026-08-22T06:06:12.038-0700,2026-08-22,,Opaque
Dark-C-260823133356.fits,calibration\2026-08-23\Dark-C-260823133356.fits,Dark-C-,2026-08-23T06:33:56.267-0700,2026-08-23,,Opaque
Dark-C-260823134010.fits,calibration\2026-08-23\Dark-C-260823134010.fits,Dark-C-,2026-08-23T06:40:10.819-0700,2026-08-23,,Opaque
Dark-C-260824084249.fits,calibration\2026-08-24\Dark-C-260824084249.fits,Dark-C-,2026-08-24T01:42:49.434-0700,2026-08-24,,Opaque
Dark-C-260824084515.fits,calibration\2026-08-24\Dark-C-260824084515.fits,Dark-C-,2026-08-24T01:45:15.842-0700,2026-08-24,,Opaque
Dark-C-260825120049.fits,calibration\2026-08-25\Dark-C-260825120049.fits,Dark-C-,2026-08-25T05:00:49.462-0700,2026-08-25,,Opaque
Dark-C-260825120641.fits,calibration\2026-08-25\Dark-C-260825120641.fits,Dark-C-,2026-08-25T05:06:41.675-0700,2026-08-25,,Opaque
Dark-C-260826130241.fits,calibration\2026-08-26\Dark-C-260826130241.fits,Dark-C-,2026-08-26T06:02:41.789-0700,2026-08-26,,Opaque
Dark-C-260826130852.fits,calibration\2026-08-26\Dark-C-260826130852.fits,Dark-C-,2026-08-26T06:08:52.099-0700,2026-08-26,,Opaque
Dark-C-260827114853.fits,calibration\2026-08-27\Dark-C-260827114853.fits,Dark-C-,2026-08-27T04:48:53.307-0700,2026-08-27,,Opaque
Dark-C-260827115115.fits,calibration\2026-08-27\Dark-C-260827115115.fits,Dark-C-,2026-08-27T04:51:15.819-0700,2026-08-27,,Opaque
Dark-C-260828122643.fits,calibration\2026-08-28\Dark-C-260828122643.fits,Dark-C-,2026-08-28T05:26:43.025-0700,2026-08-28,,Opaque
Dark-C-260828123245.fits,calibration\2026-08-28\Dark-C-260828123245.fits,Dark-C-,2026-08-28T05:32:45.416-0700,2026-08-28,,Opaque
Dark-C-260829130648.fits,calibration\2026-08-29\Dark-C-260829130648.fits,Dark-C-,2026-08-29T06:06:48.353-0700,2026-08-29,,Opaque
Dark-C-260829131251.fits,calibration\2026-08-29\Dark-C-260829131251.fits,Dark-C-,2026-08-29T06:12:51.536-0700,2026-08-29,,Opaque
Dark-C-260830105947.fits,calibration\2026-08-30\Dark-C-260830105947.fits,Dark-C-,2026-08-30T03:59:47.047-0700,2026-08-30,,Opaque
Dark-C-260830110132.fits,calibration\2026-08-30\Dark-C-260830110132.fits,Dark-C-,2026-08-30T04:01:32.314-0700,2026-08-30,,Opaque
Dark-C-260831071252.fits,calibration\2026-08-31\Dark-C-260831071252.fits,Dark-C-,2026-08-31T00:12:52.968-0700,2026-08-31,,Opaque
Dark-C-260831071515.fits,calibration\2026-08-31\Dark-C-260831071515.fits,Dark-C-,2026-08-31T00:15:15.460-0700,2026-08-31,,Opaque
Dark-C-260901125558.fits,calibration\2026-09-01\Dark-C-260901125558.fits,Dark-C-,2026-09-01T05:55:58.446-0700,2026-09-01,,Opaque
Dark-C-260901130158.fits,calibration\2026-09-01\Dark-C-260901130158.fits,Dark-C-,2026-09-01T06:01:58.670-0700,2026-09-01,,Opaque
Dark-C-260902122959.fits,calibration\2026-09-02\Dark-C-260902122959.fits,Dark-C-,2026-09-02T05:29:59.635-0700,2026-09-02,,Opaque
Dark-C-260902123555.fits,calibration\2026-09-02\Dark-C-260902123555.fits,Dark-C-,2026-09-02T05:35:55.839-0700,2026-09-02,,Opaque
Dark-C-260903101018.fits,calibration\2026-09-03\Dark-C-260903101018.fits,Dark-C-,2026-09-03T03:10:18.709-0700,2026-09-03,,Opaque
Dark-C-260903101215.fits,calibration\2026-09-03\Dark-C-260903101215.fits,Dark-C-,2026-09-03T03:12:15.974-0700,2026-09-03,,Opaque
Dark-C-260905122732.fits,calibration\2026-09-05\Dark-C-260905122732.fits,Dark-C-,2026-09-05T05:27:32.804-0700,2026-09-05,,Opaque
Dark-C-260905123330.fits,calibration\2026-09-05\Dark-C-260905123330.fits,Dark-C-,2026-09-05T05:33:30.158-0700,2026-09-05,,Opaque
TRES-1260806073422.fits,observations\2026-08-06\TRES-1\session_01\TRES-1260806073422.fits,TRES-1,2026-08-06T00:34:22.622-0700,2026-08-06,,Clear
TRES-1260806073617.fits,observations\2026-08-06\TRES-1\session_01\TRES-1260806073617.fits,TRES-1,2026-08-06T00:36:17.324-0700,2026-08-06,,Clear
TRES-1260806073917.fits,observations\2026-08-06\TRES-1\session_01\TRES-1260806073917.fits,TRES-1,2026-08-06T00:39:17.185-0700,2026-08-06,,Clear
TRES-1260806074222.fits,observations\2026-08-06\TRES-1\session_01\TRES-1260806074222.fits,TRES-1,2026-08-06T00:42:22.170-0700,2026-08-06,,Clear
TRES-1260806074515.fits,observations\2026-08-06\TRES-1\session_01\TRES-1260806074515.fits,TRES-1,2026-08-06T00:45:15.981-0700,2026-08-06,,Clear
TRES-1260806074834.fits,observations\2026-08-06\TRES-1\session_01\TRES-1260806074834.fits,TRES-1,2026-08-06T00:48:34.961-0700,2026-08-06,,Clear
TRES-1260806075116.fits,observations\2026-08-06\TRES-1\session_01\TRES-1260806075116.fits,TRES-1,2026-08-06T00:51:16.069-0700,2026-08-06,,Clear
TRES-1260806075417.fits,observations\2026-08-06\TRES-1\session_01\TRES-1260806075417.fits,TRES-1,2026-08-06T00:54:17.795-0700,2026-08-06,,Clear
TRES-1260806075727.fits,observations\2026-08-06\TRES-1\session_01\TRES-1260806075727.fits,TRES-1,2026-08-06T00:57:27.502-0700,2026-08-06,,Clear
TRES-1260806080016.fits,observations\2026-08-06\TRES-1\session_01\TRES-1260806080016.fits,TRES-1,2026-08-06T01:00:16.336-0700,2026-08-06,,Clear
TRES-1260806080337.fits,observations\2026-08-06\TRES-1\session_01\TRES-1260806080337.fits,TRES-1,2026-08-06T01:03:37.595-0700,2026-08-06,,Clear
TRES-1260806080615.fits,observations\2026-08-06\TRES-1\session_01\TRES-1260806080615.fits,TRES-1,2026-08-06T01:06:15.223-0700,2026-08-06,,Clear
TRES-1260806080916.fits,observations\2026-08-06\TRES-1\session_01\TRES-1260806080916.fits,TRES-1,2026-08-06T01:09:16.570-0700,2026-08-06,,Clear
TRES-1260806081236.fits,observations\2026-08-06\TRES-1\session_01\TRES-1260806081236.fits,TRES-1,2026-08-06T01:12:36.832-0700,2026-08-06,,Clear
TRES-1260806081516.fits,observations\2026-08-06\TRES-1\session_01\TRES-1260806081516.fits,TRES-1,2026-08-06T01:15:16.827-0700,2026-08-06,,Clear
TRES-1260806081815.fits,observations\2026-08-06\TRES-1\session_01\TRES-1260806081815.fits,TRES-1,2026-08-06T01:18:15.822-0700,2026-08-06,,Clear
TRES-1260806082127.fits,observations\2026-08-06\TRES-1\session_01\TRES-1260806082127.fits,TRES-1,2026-08-06T01:21:27.062-0700,2026-08-06,,Clear
TRES-1260806082415.fits,observations\2026-08-06\TRES-1\session_01\TRES-1260806082415.fits,TRES-1,2026-08-06T01:24:15.942-0700,2026-08-06,,Clear
TRES-1260806082715.fits,observations\2026-08-06\TRES-1\session_01\TRES-1260806082715.fits,TRES-1,2026-08-06T01:27:15.425-0700,2026-08-06,,Clear
TRES-1260806083024.fits,observations\2026-08-06\TRES-1\session_01\TRES-1260806083024.fits,TRES-1,2026-08-06T01:30:24.327-0700,2026-08-06,,Clear
TRES-1260806083316.fits,observations\2026-08-06\TRES-1\session_01\TRES-1260806083316.fits,TRES-1,2026-08-06T01:33:16.725-0700,2026-08-06,,Clear
TRES-1260806083633.fits,observations\2026-08-06\TRES-1\session_01\TRES-1260806083633.fits,TRES-1,2026-08-06T01:36:33.587-0700,2026-08-06,,Clear
TRES-1260806083915.fits,observations\2026-08-06\TRES-1\session_01\TRES-1260806083915.fits,TRES-1,2026-08-06T01:39:15.453-0700,2026-08-06,,Clear
TRES-1260806084216.fits,observations\2026-08-06\TRES-1\session_01\TRES-1260806084216.fits,TRES-1,2026-08-06T01:42:16.054-0700,2026-08-06,,Clear
TRES-1260806084527.fits,observations\2026-08-06\TRES-1\session_01\TRES-1260806084527.fits,TRES-1,2026-08-06T01:45:27.961-0700,2026-08-06,,Clear
TRES-1260806084815.fits,observations\2026-08-06\TRES-1\session_01\TRES-1260806084815.fits,TRES-1,2026-08-06T01:48:15.583-0700,2026-08-06,,Clear
TRES-1260806085115.fits,observations\2026-08-06\TRES-1\session_01\TRES-1260806085115.fits,TRES-1,2026-08-06T01:51:15.452-0700,2026-08-06,,Clear
TRES-1260806085422.fits,observations\2026-08-06\TRES-1\session_01\TRES-1260806085422.fits,TRES-1,2026-08-06T01:54:23.015-0700,2026-08-06,,Clear
TRES-1260806085715.fits,observations\2026-08-06\TRES-1\session_01\TRES-1260806085715.fits,TRES-1,2026-08-06T01:57:15.213-0700,2026-08-06,,Clear
TRES-1260806090033.fits,observations\2026-08-06\TRES-1\session_01\TRES-1260806090033.fits,TRES-1,2026-08-06T02:00:33.239-0700,2026-08-06,,Clear
TRES-1260806090316.fits,observations\2026-08-06\TRES-1\session_01\TRES-1260806090316.fits,TRES-1,2026-08-06T02:03:16.845-0700,2026-08-06,,Clear
TRES-1260806090615.fits,observations\2026-08-06\TRES-1\session_01\TRES-1260806090615.fits,TRES-1,2026-08-06T02:06:15.398-0700,2026-08-06,,Clear
TRES-1260806090928.fits,observations\2026-08-06\TRES-1\session_01\TRES-1260806090928.fits,TRES-1,2026-08-06T02:09:28.304-0700,2026-08-06,,Clear
TRES-1260806091215.fits,observations\2026-08-06\TRES-1\session_01\TRES-1260806091215.fits,TRES-1,2026-08-06T02:12:15.556-0700,2026-08-06,,Clear
TRES-1260806091516.fits,observations\2026-08-06\TRES-1\session_01\TRES-1260806091516.fits,TRES-1,2026-08-06T02:15:16.378-0700,2026-08-06,,Clear
TRES-1260806091823.fits,observations\2026-08-06\TRES-1\session_01\TRES-1260806091823.fits,TRES-1,2026-08-06T02:18:23.719-0700,2026-08-06,,Clear
TRES-1260806092116.fits,observations\2026-08-06\TRES-1\session_01\TRES-1260806092116.fits,TRES-1,2026-08-06T02:21:16.018-0700,2026-08-06,,Clear
TRES-1260806092434.fits,observations\2026-08-06\TRES-1\session_01\TRES-1260806092434.fits,TRES-1,2026-08-06T02:24:34.395-0700,2026-08-06,,Clear
TRES-1260806092716.fits,observations\2026-08-06\TRES-1\session_01\TRES-1260806092716.fits,TRES-1,2026-08-06T02:27:16.247-0700,2026-08-06,,Clear
TRES-1260806093016.fits,observations\2026-08-06\TRES-1\session_01\TRES-1260806093016.fits,TRES-1,2026-08-06T02:30:16.226-0700,2026-08-06,,Clear
TRES-1260806093333.fits,observations\2026-08-06\TRES-1\session_01\TRES-1260806093333.fits,TRES-1,2026-08-06T02:33:33.026-0700,2026-08-06,,Clear
TRES-1260806093615.fits,observations\2026-08-06\TRES-1\session_01\TRES-1260806093615.fits,TRES-1,2026-08-06T02:36:15.675-0700,2026-08-06,,Clear
TRES-1260806093915.fits,observations\2026-08-06\TRES-1\session_01\TRES-1260806093915.fits,TRES-1,2026-08-06T02:39:15.399-0700,2026-08-06,,Clear
TRES-1260806094228.fits,observations\2026-08-06\TRES-1\session_01\TRES-1260806094228.fits,TRES-1,2026-08-06T02:42:28.181-0700,2026-08-06,,Clear
TRES-1260806094515.fits,observations\2026-08-06\TRES-1\session_01\TRES-1260806094515.fits,TRES-1,2026-08-06T02:45:15.419-0700,2026-08-06,,Clear
TRES-1260806094815.fits,observations\2026-08-06\TRES-1\session_01\TRES-1260806094815.fits,TRES-1,2026-08-06T02:48:15.483-0700,2026-08-06,,Clear
TRES-1260806095128.fits,observations\2026-08-06\TRES-1\session_01\TRES-1260806095128.fits,TRES-1,2026-08-06T02:51:28.405-0700,2026-08-06,,Clear
TRES-1260806095415.fits,observations\2026-08-06\TRES-1\session_01\TRES-1260806095415.fits,TRES-1,2026-08-06T02:54:15.168-0700,2026-08-06,,Clear
TRES-1260806095736.fits,observations\2026-08-06\TRES-1\session_01\TRES-1260806095736.fits,TRES-1,2026-08-06T02:57:36.652-0700,2026-08-06,,Clear
TRES-1260806100015.fits,observations\2026-08-06\TRES-1\session_01\TRES-1260806100015.fits,TRES-1,2026-08-06T03:00:15.373-0700,2026-08-06,,Clear
TRES-1260806100315.fits,observations\2026-08-06\TRES-1\session_01\TRES-1260806100315.fits,TRES-1,2026-08-06T03:03:15.617-0700,2026-08-06,,Clear
TRES-1260806100634.fits,observations\2026-08-06\TRES-1\session_01\TRES-1260806100634.fits,TRES-1,2026-08-06T03:06:34.613-0700,2026-08-06,,Clear
TRES-1260806100915.fits,observations\2026-08-06\TRES-1\session_01\TRES-1260806100915.fits,TRES-1,2026-08-06T03:09:15.755-0700,2026-08-06,,Clear
TRES-1260806101215.fits,observations\2026-08-06\TRES-1\session_01\TRES-1260806101215.fits,TRES-1,2026-08-06T03:12:15.995-0700,2026-08-06,,Clear
TRES-1260806101528.fits,observations\2026-08-06\TRES-1\session_01\TRES-1260806101528.fits,TRES-1,2026-08-06T03:15:28.198-0700,2026-08-06,,Clear
TRES-1260806101815.fits,observations\2026-08-06\TRES-1\session_01\TRES-1260806101815.fits,TRES-1,2026-08-06T03:18:15.952-0700,2026-08-06,,Clear
TRES-1260806102115.fits,observations\2026-08-06\TRES-1\session_01\TRES-1260806102115.fits,TRES-1,2026-08-06T03:21:15.812-0700,2026-08-06,,Clear
TRES-1260806102425.fits,observations\2026-08-06\TRES-1\session_01\TRES-1260806102425.fits,TRES-1,2026-08-06T03:24:25.998-0700,2026-08-06,,Clear
TRES-1260806102715.fits,observations\2026-08-06\TRES-1\session_01\TRES-1260806102715.fits,TRES-1,2026-08-06T03:27:15.668-0700,2026-08-06,,Clear
TRES-1260806103315.fits,observations\2026-08-06\TRES-1\session_01\TRES-1260806103315.fits,TRES-1,2026-08-06T03:33:15.855-0700,2026-08-06,,Clear
TRES-1260806103616.fits,observations\2026-08-06\TRES-1\session_01\TRES-1260806103616.fits,TRES-1,2026-08-06T03:36:16.687-0700,2026-08-06,,Clear
TRES-1260806103933.fits,observations\2026-08-06\TRES-1\session_01\TRES-1260806103933.fits,TRES-1,2026-08-06T03:39:33.565-0700,2026-08-06,,Clear
TRES-1260806104216.fits,observations\2026-08-06\TRES-1\session_01\TRES-1260806104216.fits,TRES-1,2026-08-06T03:42:16.271-0700,2026-08-06,,Clear
TRES-1260806104516.fits,observations\2026-08-06\TRES-1\session_01\TRES-1260806104516.fits,TRES-1,2026-08-06T03:45:16.498-0700,2026-08-06,,Clear
TRES-1260806104830.fits,observations\2026-08-06\TRES-1\session_01\TRES-1260806104830.fits,TRES-1,2026-08-06T03:48:30.339-0700,2026-08-06,,Clear
TRES-1260806105116.fits,observations\2026-08-06\TRES-1\session_01\TRES-1260806105116.fits,TRES-1,2026-08-06T03:51:16.765-0700,2026-08-06,,Clear
TRES-1260806105416.fits,observations\2026-08-06\TRES-1\session_01\TRES-1260806105416.fits,TRES-1,2026-08-06T03:54:16.686-0700,2026-08-06,,Clear
TRES-1260806105727.fits,observations\2026-08-06\TRES-1\session_01\TRES-1260806105727.fits,TRES-1,2026-08-06T03:57:27.619-0700,2026-08-06,,Clear
TRES-1260806110016.fits,observations\2026-08-06\TRES-1\session_01\TRES-1260806110016.fits,TRES-1,2026-08-06T04:00:16.270-0700,2026-08-06,,Clear
TRES-1260806110315.fits,observations\2026-08-06\TRES-1\session_01\TRES-1260806110315.fits,TRES-1,2026-08-06T04:03:15.383-0700,2026-08-06,,Clear
TRES-1260806110626.fits,observations\2026-08-06\TRES-1\session_01\TRES-1260806110626.fits,TRES-1,2026-08-06T04:06:26.707-0700,2026-08-06,,Clear
TRES-1260806110916.fits,observations\2026-08-06\TRES-1\session_01\TRES-1260806110916.fits,TRES-1,2026-08-06T04:09:16.311-0700,2026-08-06,,Clear
TRES-1260806111236.fits,observations\2026-08-06\TRES-1\session_01\TRES-1260806111236.fits,TRES-1,2026-08-06T04:12:36.405-0700,2026-08-06,,Clear
TRES-1260806111515.fits,observations\2026-08-06\TRES-1\session_01\TRES-1260806111515.fits,TRES-1,2026-08-06T04:15:15.950-0700,2026-08-06,,Clear
TRES-1260806111816.fits,observations\2026-08-06\TRES-1\session_01\TRES-1260806111816.fits,TRES-1,2026-08-06T04:18:16.895-0700,2026-08-06,,Clear
TRES-1260806112133.fits,observations\2026-08-06\TRES-1\session_01\TRES-1260806112133.fits,TRES-1,2026-08-06T04:21:33.977-0700,2026-08-06,,Clear
TRES-1260806112416.fits,observations\2026-08-06\TRES-1\session_01\TRES-1260806112416.fits,TRES-1,2026-08-06T04:24:16.699-0700,2026-08-06,,Clear
TRES-1260806112717.fits,observations\2026-08-06\TRES-1\session_01\TRES-1260806112717.fits,TRES-1,2026-08-06T04:27:17.655-0700,2026-08-06,,Clear
TRES-1260806113030.fits,observations\2026-08-06\TRES-1\session_01\TRES-1260806113030.fits,TRES-1,2026-08-06T04:30:30.680-0700,2026-08-06,,Clear
TRES-1260806113317.fits,observations\2026-08-06\TRES-1\session_01\TRES-1260806113317.fits,TRES-1,2026-08-06T04:33:17.222-0700,2026-08-06,,Clear
TRES-1260806113615.fits,observations\2026-08-06\TRES-1\session_01\TRES-1260806113615.fits,TRES-1,2026-08-06T04:36:15.978-0700,2026-08-06,,Clear
TRES-1260806113928.fits,observations\2026-08-06\TRES-1\session_01\TRES-1260806113928.fits,TRES-1,2026-08-06T04:39:28.538-0700,2026-08-06,,Clear
TRES-1260806114215.fits,observations\2026-08-06\TRES-1\session_01\TRES-1260806114215.fits,TRES-1,2026-08-06T04:42:15.487-0700,2026-08-06,,Clear
TRES-1260806114517.fits,observations\2026-08-06\TRES-1\session_01\TRES-1260806114517.fits,TRES-1,2026-08-06T04:45:17.511-0700,2026-08-06,,Clear
TRES-1260806115238.fits,observations\2026-08-06\TRES-1\session_01\TRES-1260806115238.fits,TRES-1,2026-08-06T04:52:38.452-0700,2026-08-06,,Clear
TRES-1260806120015.fits,observations\2026-08-06\TRES-1\session_01\TRES-1260806120015.fits,TRES-1,2026-08-06T05:00:15.690-0700,2026-08-06,,Clear
TRES-1260806120750.fits,observations\2026-08-06\TRES-1\session_01\TRES-1260806120750.fits,TRES-1,2026-08-06T05:07:50.844-0700,2026-08-06,,Clear
TRES-1260806121528.fits,observations\2026-08-06\TRES-1\session_01\TRES-1260806121528.fits,TRES-1,2026-08-06T05:15:28.065-0700,2026-08-06,,Clear
TRES-1260806122303.fits,observations\2026-08-06\TRES-1\session_01\TRES-1260806122303.fits,TRES-1,2026-08-06T05:23:03.212-0700,2026-08-06,,Clear
TRES-1260806123040.fits,observations\2026-08-06\TRES-1\session_01\TRES-1260806123040.fits,TRES-1,2026-08-06T05:30:40.120-0700,2026-08-06,,Clear
TRES-1260806123815.fits,observations\2026-08-06\TRES-1\session_01\TRES-1260806123815.fits,TRES-1,2026-08-06T05:38:15.923-0700,2026-08-06,,Clear
WASP-10260808054017.fits,observations\2026-08-08\WASP-10\session_01\WASP-10260808054017.fits,WASP-10,2026-08-07T22:40:17.063-0700,2026-08-07,,Clear
WASP-10260808054215.fits,observations\2026-08-08\WASP-10\session_01\WASP-10260808054215.fits,WASP-10,2026-08-07T22:42:15.507-0700,2026-08-07,,Clear
WASP-10260808054517.fits,observations\2026-08-08\WASP-10\session_01\WASP-10260808054517.fits,WASP-10,2026-08-07T22:45:17.004-0700,2026-08-07,,Clear
WASP-10260808054815.fits,observations\2026-08-08\WASP-10\session_01\WASP-10260808054815.fits,WASP-10,2026-08-07T22:48:15.493-0700,2026-08-07,,Clear
WASP-10260808055116.fits,observations\2026-08-08\WASP-10\session_01\WASP-10260808055116.fits,WASP-10,2026-08-07T22:51:16.114-0700,2026-08-07,,Clear
WASP-10260808055415.fits,observations\2026-08-08\WASP-10\session_01\WASP-10260808055415.fits,WASP-10,2026-08-07T22:54:15.517-0700,2026-08-07,,Clear
WASP-10260808055715.fits,observations\2026-08-08\WASP-10\session_01\WASP-10260808055715.fits,WASP-10,2026-08-07T22:57:15.940-0700,2026-08-07,,Clear
WASP-10260808060016.fits,observations\2026-08-08\WASP-10\session_01\WASP-10260808060016.fits,WASP-10,2026-08-07T23:00:16.790-0700,2026-08-07,,Clear
WASP-10260808060316.fits,observations\2026-08-08\WASP-10\session_01\WASP-10260808060316.fits,WASP-10,2026-08-07T23:03:16.216-0700,2026-08-07,,Clear
WASP-10260808060616.fits,observations\2026-08-08\WASP-10\session_01\WASP-10260808060616.fits,WASP-10,2026-08-07T23:06:16.851-0700,2026-08-07,,Clear
WASP-10260808060915.fits,observations\2026-08-08\WASP-10\session_01\WASP-10260808060915.fits,WASP-10,2026-08-07T23:09:15.347-0700,2026-08-07,,Clear
WASP-10260808061216.fits,observations\2026-08-08\WASP-10\session_01\WASP-10260808061216.fits,WASP-10,2026-08-07T23:12:16.808-0700,2026-08-07,,Clear
WASP-10260808061516.fits,observations\2026-08-08\WASP-10\session_01\WASP-10260808061516.fits,WASP-10,2026-08-07T23:15:16.397-0700,2026-08-07,,Clear
WASP-10260808061816.fits,observations\2026-08-08\WASP-10\session_01\WASP-10260808061816.fits,WASP-10,2026-08-07T23:18:16.800-0700,2026-08-07,,Clear
WASP-10260808062115.fits,observations\2026-08-08\WASP-10\session_01\WASP-10260808062115.fits,WASP-10,2026-08-07T23:21:15.331-0700,2026-08-07,,Clear
WASP-10260808062415.fits,observations\2026-08-08\WASP-10\session_01\WASP-10260808062415.fits,WASP-10,2026-08-07T23:24:15.851-0700,2026-08-07,,Clear
WASP-10260808062715.fits,observations\2026-08-08\WASP-10\session_01\WASP-10260808062715.fits,WASP-10,2026-08-07T23:27:15.341-0700,2026-08-07,,Clear
WASP-10260808063015.fits,observations\2026-08-08\WASP-10\session_01\WASP-10260808063015.fits,WASP-10,2026-08-07T23:30:15.833-0700,2026-08-07,,Clear
WASP-10260808063315.fits,observations\2026-08-08\WASP-10\session_01\WASP-10260808063315.fits,WASP-10,2026-08-07T23:33:15.370-0700,2026-08-07,,Clear
WASP-10260808063615.fits,observations\2026-08-08\WASP-10\session_01\WASP-10260808063615.fits,WASP-10,2026-08-07T23:36:15.881-0700,2026-08-07,,Clear
WASP-10260808063915.fits,observations\2026-08-08\WASP-10\session_01\WASP-10260808063915.fits,WASP-10,2026-08-07T23:39:15.360-0700,2026-08-07,,Clear
WASP-10260808064216.fits,observations\2026-08-08\WASP-10\session_01\WASP-10260808064216.fits,WASP-10,2026-08-07T23:42:16.052-0700,2026-08-07,,Clear
WASP-10260808064516.fits,observations\2026-08-08\WASP-10\session_01\WASP-10260808064516.fits,WASP-10,2026-08-07T23:45:16.580-0700,2026-08-07,,Clear
WASP-10260808064816.fits,observations\2026-08-08\WASP-10\session_01\WASP-10260808064816.fits,WASP-10,2026-08-07T23:48:16.217-0700,2026-08-07,,Clear
WASP-10260808065115.fits,observations\2026-08-08\WASP-10\session_01\WASP-10260808065115.fits,WASP-10,2026-08-07T23:51:15.697-0700,2026-08-07,,Clear
WASP-10260808065415.fits,observations\2026-08-08\WASP-10\session_01\WASP-10260808065415.fits,WASP-10,2026-08-07T23:54:15.181-0700,2026-08-07,,Clear
WASP-10260808065715.fits,observations\2026-08-08\WASP-10\session_01\WASP-10260808065715.fits,WASP-10,2026-08-07T23:57:15.702-0700,2026-08-07,,Clear
WASP-10260808070016.fits,observations\2026-08-08\WASP-10\session_01\WASP-10260808070016.fits,WASP-10,2026-08-08T00:00:16.184-0700,2026-08-08,,Clear
WASP-10260808070315.fits,observations\2026-08-08\WASP-10\session_01\WASP-10260808070315.fits,WASP-10,2026-08-08T00:03:15.689-0700,2026-08-08,,Clear
WASP-10260808070615.fits,observations\2026-08-08\WASP-10\session_01\WASP-10260808070615.fits,WASP-10,2026-08-08T00:06:15.449-0700,2026-08-08,,Clear
WASP-10260808070915.fits,observations\2026-08-08\WASP-10\session_01\WASP-10260808070915.fits,WASP-10,2026-08-08T00:09:15.940-0700,2026-08-08,,Clear
WASP-10260808071216.fits,observations\2026-08-08\WASP-10\session_01\WASP-10260808071216.fits,WASP-10,2026-08-08T00:12:16.599-0700,2026-08-08,,Clear
WASP-10260808071516.fits,observations\2026-08-08\WASP-10\session_01\WASP-10260808071516.fits,WASP-10,2026-08-08T00:15:16.115-0700,2026-08-08,,Clear
WASP-10260808071815.fits,observations\2026-08-08\WASP-10\session_01\WASP-10260808071815.fits,WASP-10,2026-08-08T00:18:15.520-0700,2026-08-08,,Clear
WASP-10260808072116.fits,observations\2026-08-08\WASP-10\session_01\WASP-10260808072116.fits,WASP-10,2026-08-08T00:21:16.023-0700,2026-08-08,,Clear
WASP-10260808072416.fits,observations\2026-08-08\WASP-10\session_01\WASP-10260808072416.fits,WASP-10,2026-08-08T00:24:16.446-0700,2026-08-08,,Clear
WASP-10260808072715.fits,observations\2026-08-08\WASP-10\session_01\WASP-10260808072715.fits,WASP-10,2026-08-08T00:27:15.204-0700,2026-08-08,,Clear
WASP-10260808073016.fits,observations\2026-08-08\WASP-10\session_01\WASP-10260808073016.fits,WASP-10,2026-08-08T00:30:16.635-0700,2026-08-08,,Clear
WASP-10260808073317.fits,observations\2026-08-08\WASP-10\session_01\WASP-10260808073317.fits,WASP-10,2026-08-08T00:33:17.124-0700,2026-08-08,,Clear
WASP-10260808073615.fits,observations\2026-08-08\WASP-10\session_01\WASP-10260808073615.fits,WASP-10,2026-08-08T00:36:15.676-0700,2026-08-08,,Clear
WASP-10260808073915.fits,observations\2026-08-08\WASP-10\session_01\WASP-10260808073915.fits,WASP-10,2026-08-08T00:39:15.184-0700,2026-08-08,,Clear
WASP-10260808074215.fits,observations\2026-08-08\WASP-10\session_01\WASP-10260808074215.fits,WASP-10,2026-08-08T00:42:15.772-0700,2026-08-08,,Clear
WASP-10260808074516.fits,observations\2026-08-08\WASP-10\session_01\WASP-10260808074516.fits,WASP-10,2026-08-08T00:45:16.411-0700,2026-08-08,,Clear
WASP-10260808074815.fits,observations\2026-08-08\WASP-10\session_01\WASP-10260808074815.fits,WASP-10,2026-08-08T00:48:15.928-0700,2026-08-08,,Clear
WASP-10260808075115.fits,observations\2026-08-08\WASP-10\session_01\WASP-10260808075115.fits,WASP-10,2026-08-08T00:51:15.682-0700,2026-08-08,,Clear
WASP-10260808075416.fits,observations\2026-08-08\WASP-10\session_01\WASP-10260808075416.fits,WASP-10,2026-08-08T00:54:16.203-0700,2026-08-08,,Clear
WASP-10260808075716.fits,observations\2026-08-08\WASP-10\session_01\WASP-10260808075716.fits,WASP-10,2026-08-08T00:57:16.935-0700,2026-08-08,,Clear
WASP-10260808080015.fits,observations\2026-08-08\WASP-10\session_01\WASP-10260808080015.fits,WASP-10,2026-08-08T01:00:15.381-0700,2026-08-08,,Clear
WASP-10260808080315.fits,observations\2026-08-08\WASP-10\session_01\WASP-10260808080315.fits,WASP-10,2026-08-08T01:03:15.962-0700,2026-08-08,,Clear
WASP-10260808080616.fits,observations\2026-08-08\WASP-10\session_01\WASP-10260808080616.fits,WASP-10,2026-08-08T01:06:16.501-0700,2026-08-08,,Clear
WASP-10260808080916.fits,observations\2026-08-08\WASP-10\session_01\WASP-10260808080916.fits,WASP-10,2026-08-08T01:09:16.943-0700,2026-08-08,,Clear
WASP-10260808081215.fits,observations\2026-08-08\WASP-10\session_01\WASP-10260808081215.fits,WASP-10,2026-08-08T01:12:15.693-0700,2026-08-08,,Clear
WASP-10260808081516.fits,observations\2026-08-08\WASP-10\session_01\WASP-10260808081516.fits,WASP-10,2026-08-08T01:15:16.352-0700,2026-08-08,,Clear
WASP-10260808081816.fits,observations\2026-08-08\WASP-10\session_01\WASP-10260808081816.fits,WASP-10,2026-08-08T01:18:16.084-0700,2026-08-08,,Clear
WASP-10260808082115.fits,observations\2026-08-08\WASP-10\session_01\WASP-10260808082115.fits,WASP-10,2026-08-08T01:21:15.625-0700,2026-08-08,,Clear
WASP-10260808082415.fits,observations\2026-08-08\WASP-10\session_01\WASP-10260808082415.fits,WASP-10,2026-08-08T01:24:15.257-0700,2026-08-08,,Clear
WASP-10260808082715.fits,observations\2026-08-08\WASP-10\session_01\WASP-10260808082715.fits,WASP-10,2026-08-08T01:27:15.719-0700,2026-08-08,,Clear
WASP-10260808083015.fits,observations\2026-08-08\WASP-10\session_01\WASP-10260808083015.fits,WASP-10,2026-08-08T01:30:15.355-0700,2026-08-08,,Clear
WASP-10260808083316.fits,observations\2026-08-08\WASP-10\session_01\WASP-10260808083316.fits,WASP-10,2026-08-08T01:33:16.974-0700,2026-08-08,,Clear
WASP-10260808083615.fits,observations\2026-08-08\WASP-10\session_01\WASP-10260808083615.fits,WASP-10,2026-08-08T01:36:15.459-0700,2026-08-08,,Clear
WASP-10260808083916.fits,observations\2026-08-08\WASP-10\session_01\WASP-10260808083916.fits,WASP-10,2026-08-08T01:39:16.791-0700,2026-08-08,,Clear
WASP-10260808084215.fits,observations\2026-08-08\WASP-10\session_01\WASP-10260808084215.fits,WASP-10,2026-08-08T01:42:15.334-0700,2026-08-08,,Clear
WASP-10260808084516.fits,observations\2026-08-08\WASP-10\session_01\WASP-10260808084516.fits,WASP-10,2026-08-08T01:45:16.822-0700,2026-08-08,,Clear
WASP-10260808084815.fits,observations\2026-08-08\WASP-10\session_01\WASP-10260808084815.fits,WASP-10,2026-08-08T01:48:15.324-0700,2026-08-08,,Clear
WASP-10260808085115.fits,observations\2026-08-08\WASP-10\session_01\WASP-10260808085115.fits,WASP-10,2026-08-08T01:51:15.743-0700,2026-08-08,,Clear
WASP-10260808085415.fits,observations\2026-08-08\WASP-10\session_01\WASP-10260808085415.fits,WASP-10,2026-08-08T01:54:15.225-0700,2026-08-08,,Clear
WASP-10260808085715.fits,observations\2026-08-08\WASP-10\session_01\WASP-10260808085715.fits,WASP-10,2026-08-08T01:57:15.698-0700,2026-08-08,,Clear
WASP-10260808090016.fits,observations\2026-08-08\WASP-10\session_01\WASP-10260808090016.fits,WASP-10,2026-08-08T02:00:16.391-0700,2026-08-08,,Clear
WASP-10260808090316.fits,observations\2026-08-08\WASP-10\session_01\WASP-10260808090316.fits,WASP-10,2026-08-08T02:03:16.912-0700,2026-08-08,,Clear
WASP-10260808090615.fits,observations\2026-08-08\WASP-10\session_01\WASP-10260808090615.fits,WASP-10,2026-08-08T02:06:15.484-0700,2026-08-08,,Clear
WASP-10260808090917.fits,observations\2026-08-08\WASP-10\session_01\WASP-10260808090917.fits,WASP-10,2026-08-08T02:09:17.016-0700,2026-08-08,,Clear
WASP-10260808091215.fits,observations\2026-08-08\WASP-10\session_01\WASP-10260808091215.fits,WASP-10,2026-08-08T02:12:15.580-0700,2026-08-08,,Clear
WASP-10260808091516.fits,observations\2026-08-08\WASP-10\session_01\WASP-10260808091516.fits,WASP-10,2026-08-08T02:15:16.154-0700,2026-08-08,,Clear
WASP-10260808091816.fits,observations\2026-08-08\WASP-10\session_01\WASP-10260808091816.fits,WASP-10,2026-08-08T02:18:16.810-0700,2026-08-08,,Clear
WASP-10260808092116.fits,observations\2026-08-08\WASP-10\session_01\WASP-10260808092116.fits,WASP-10,2026-08-08T02:21:16.302-0700,2026-08-08,,Clear
WASP-10260808092415.fits,observations\2026-08-08\WASP-10\session_01\WASP-10260808092415.fits,WASP-10,2026-08-08T02:24:15.830-0700,2026-08-08,,Clear
WASP-10260808092716.fits,observations\2026-08-08\WASP-10\session_01\WASP-10260808092716.fits,WASP-10,2026-08-08T02:27:16.572-0700,2026-08-08,,Clear
WASP-10260808093016.fits,observations\2026-08-08\WASP-10\session_01\WASP-10260808093016.fits,WASP-10,2026-08-08T02:30:16.115-0700,2026-08-08,,Clear
WASP-10260808093315.fits,observations\2026-08-08\WASP-10\session_01\WASP-10260808093315.fits,WASP-10,2026-08-08T02:33:15.896-0700,2026-08-08,,Clear
WASP-10260808093615.fits,observations\2026-08-08\WASP-10\session_01\WASP-10260808093615.fits,WASP-10,2026-08-08T02:36:15.339-0700,2026-08-08,,Clear
WASP-10260808093916.fits,observations\2026-08-08\WASP-10\session_01\WASP-10260808093916.fits,WASP-10,2026-08-08T02:39:16.106-0700,2026-08-08,,Clear
WASP-10260808094215.fits,observations\2026-08-08\WASP-10\session_01\WASP-10260808094215.fits,WASP-10,2026-08-08T02:42:15.590-0700,2026-08-08,,Clear
WASP-10260808094517.fits,observations\2026-08-08\WASP-10\session_01\WASP-10260808094517.fits,WASP-10,2026-08-08T02:45:17.091-0700,2026-08-08,,Clear
WASP-10260808094816.fits,observations\2026-08-08\WASP-10\session_01\WASP-10260808094816.fits,WASP-10,2026-08-08T02:48:16.637-0700,2026-08-08,,Clear
WASP-10260808095117.fits,observations\2026-08-08\WASP-10\session_01\WASP-10260808095117.fits,WASP-10,2026-08-08T02:51:17.160-0700,2026-08-08,,Clear
WASP-10260808095415.fits,observations\2026-08-08\WASP-10\session_01\WASP-10260808095415.fits,WASP-10,2026-08-08T02:54:15.573-0700,2026-08-08,,Clear
CoRoT-2260809051853.fits,observations\2026-08-09\CoRoT-2\session_01\CoRoT-2260809051853.fits,CoRoT-2,2026-08-08T22:18:53.898-0700,2026-08-08,,Clear
CoRoT-2260809052256.fits,observations\2026-08-09\CoRoT-2\session_01\CoRoT-2260809052256.fits,CoRoT-2,2026-08-08T22:22:56.649-0700,2026-08-08,,Clear
CoRoT-2260809052658.fits,observations\2026-08-09\CoRoT-2\session_01\CoRoT-2260809052658.fits,CoRoT-2,2026-08-08T22:26:58.583-0700,2026-08-08,,Clear
CoRoT-2260809052844.fits,observations\2026-08-09\CoRoT-2\session_01\CoRoT-2260809052844.fits,CoRoT-2,2026-08-08T22:28:44.793-0700,2026-08-08,,Clear
CoRoT-2260809053031.fits,observations\2026-08-09\CoRoT-2\session_01\CoRoT-2260809053031.fits,CoRoT-2,2026-08-08T22:30:31.115-0700,2026-08-08,,Clear
CoRoT-2260809053315.fits,observations\2026-08-09\CoRoT-2\session_01\CoRoT-2260809053315.fits,CoRoT-2,2026-08-08T22:33:15.944-0700,2026-08-08,,Clear
CoRoT-2260809053616.fits,observations\2026-08-09\CoRoT-2\session_01\CoRoT-2260809053616.fits,CoRoT-2,2026-08-08T22:36:16.472-0700,2026-08-08,,Clear
CoRoT-2260809053915.fits,observations\2026-08-09\CoRoT-2\session_01\CoRoT-2260809053915.fits,CoRoT-2,2026-08-08T22:39:15.174-0700,2026-08-08,,Clear
CoRoT-2260809054215.fits,observations\2026-08-09\CoRoT-2\session_01\CoRoT-2260809054215.fits,CoRoT-2,2026-08-08T22:42:15.728-0700,2026-08-08,,Clear
CoRoT-2260809054516.fits,observations\2026-08-09\CoRoT-2\session_01\CoRoT-2260809054516.fits,CoRoT-2,2026-08-08T22:45:16.056-0700,2026-08-08,,Clear
CoRoT-2260809054815.fits,observations\2026-08-09\CoRoT-2\session_01\CoRoT-2260809054815.fits,CoRoT-2,2026-08-08T22:48:15.794-0700,2026-08-08,,Clear
CoRoT-2260809055115.fits,observations\2026-08-09\CoRoT-2\session_01\CoRoT-2260809055115.fits,CoRoT-2,2026-08-08T22:51:15.404-0700,2026-08-08,,Clear
CoRoT-2260809055417.fits,observations\2026-08-09\CoRoT-2\session_01\CoRoT-2260809055417.fits,CoRoT-2,2026-08-08T22:54:17.035-0700,2026-08-08,,Clear
CoRoT-2260809055716.fits,observations\2026-08-09\CoRoT-2\session_01\CoRoT-2260809055716.fits,CoRoT-2,2026-08-08T22:57:16.611-0700,2026-08-08,,Clear
CoRoT-2260809060015.fits,observations\2026-08-09\CoRoT-2\session_01\CoRoT-2260809060015.fits,CoRoT-2,2026-08-08T23:00:15.288-0700,2026-08-08,,Clear
CoRoT-2260809060316.fits,observations\2026-08-09\CoRoT-2\session_01\CoRoT-2260809060316.fits,CoRoT-2,2026-08-08T23:03:16.965-0700,2026-08-08,,Clear
CoRoT-2260809060615.fits,observations\2026-08-09\CoRoT-2\session_01\CoRoT-2260809060615.fits,CoRoT-2,2026-08-08T23:06:15.478-0700,2026-08-08,,Clear
CoRoT-2260809060916.fits,observations\2026-08-09\CoRoT-2\session_01\CoRoT-2260809060916.fits,CoRoT-2,2026-08-08T23:09:16.052-0700,2026-08-08,,Clear
CoRoT-2260809061215.fits,observations\2026-08-09\CoRoT-2\session_01\CoRoT-2260809061215.fits,CoRoT-2,2026-08-08T23:12:15.646-0700,2026-08-08,,Clear
CoRoT-2260809061515.fits,observations\2026-08-09\CoRoT-2\session_01\CoRoT-2260809061515.fits,CoRoT-2,2026-08-08T23:15:15.175-0700,2026-08-08,,Clear
CoRoT-2260809061815.fits,observations\2026-08-09\CoRoT-2\session_01\CoRoT-2260809061815.fits,CoRoT-2,2026-08-08T23:18:15.828-0700,2026-08-08,,Clear
CoRoT-2260809062115.fits,observations\2026-08-09\CoRoT-2\session_01\CoRoT-2260809062115.fits,CoRoT-2,2026-08-08T23:21:15.416-0700,2026-08-08,,Clear
CoRoT-2260809062415.fits,observations\2026-08-09\CoRoT-2\session_01\CoRoT-2260809062415.fits,CoRoT-2,2026-08-08T23:24:15.222-0700,2026-08-08,,Clear
CoRoT-2260809062715.fits,observations\2026-08-09\CoRoT-2\session_01\CoRoT-2260809062715.fits,CoRoT-2,2026-08-08T23:27:15.847-0700,2026-08-08,,Clear
CoRoT-2260809063016.fits,observations\2026-08-09\CoRoT-2\session_01\CoRoT-2260809063016.fits,CoRoT-2,2026-08-08T23:30:16.413-0700,2026-08-08,,Clear
CoRoT-2260809063316.fits,observations\2026-08-09\CoRoT-2\session_01\CoRoT-2260809063316.fits,CoRoT-2,2026-08-08T23:33:16.067-0700,2026-08-08,,Clear
CoRoT-2260809063615.fits,observations\2026-08-09\CoRoT-2\session_01\CoRoT-2260809063615.fits,CoRoT-2,2026-08-08T23:36:15.647-0700,2026-08-08,,Clear
CoRoT-2260809063915.fits,observations\2026-08-09\CoRoT-2\session_01\CoRoT-2260809063915.fits,CoRoT-2,2026-08-08T23:39:15.309-0700,2026-08-08,,Clear
CoRoT-2260809064216.fits,observations\2026-08-09\CoRoT-2\session_01\CoRoT-2260809064216.fits,CoRoT-2,2026-08-08T23:42:16.827-0700,2026-08-08,,Clear
CoRoT-2260809064515.fits,observations\2026-08-09\CoRoT-2\session_01\CoRoT-2260809064515.fits,CoRoT-2,2026-08-08T23:45:15.449-0700,2026-08-08,,Clear
CoRoT-2260809064815.fits,observations\2026-08-09\CoRoT-2\session_01\CoRoT-2260809064815.fits,CoRoT-2,2026-08-08T23:48:15.947-0700,2026-08-08,,Clear
CoRoT-2260809065116.fits,observations\2026-08-09\CoRoT-2\session_01\CoRoT-2260809065116.fits,CoRoT-2,2026-08-08T23:51:16.668-0700,2026-08-08,,Clear
CoRoT-2260809065416.fits,observations\2026-08-09\CoRoT-2\session_01\CoRoT-2260809065416.fits,CoRoT-2,2026-08-08T23:54:16.435-0700,2026-08-08,,Clear
CoRoT-2260809065716.fits,observations\2026-08-09\CoRoT-2\session_01\CoRoT-2260809065716.fits,CoRoT-2,2026-08-08T23:57:16.086-0700,2026-08-08,,Clear
CoRoT-2260809070015.fits,observations\2026-08-09\CoRoT-2\session_01\CoRoT-2260809070015.fits,CoRoT-2,2026-08-09T00:00:15.500-0700,2026-08-09,,Clear
CoRoT-2260809070315.fits,observations\2026-08-09\CoRoT-2\session_01\CoRoT-2260809070315.fits,CoRoT-2,2026-08-09T00:03:15.907-0700,2026-08-09,,Clear
CoRoT-2260809070616.fits,observations\2026-08-09\CoRoT-2\session_01\CoRoT-2260809070616.fits,CoRoT-2,2026-08-09T00:06:16.481-0700,2026-08-09,,Clear
CoRoT-2260809070916.fits,observations\2026-08-09\CoRoT-2\session_01\CoRoT-2260809070916.fits,CoRoT-2,2026-08-09T00:09:16.062-0700,2026-08-09,,Clear
CoRoT-2260809071215.fits,observations\2026-08-09\CoRoT-2\session_01\CoRoT-2260809071215.fits,CoRoT-2,2026-08-09T00:12:15.723-0700,2026-08-09,,Clear
CoRoT-2260809071516.fits,observations\2026-08-09\CoRoT-2\session_01\CoRoT-2260809071516.fits,CoRoT-2,2026-08-09T00:15:16.340-0700,2026-08-09,,Clear
CoRoT-2260809071816.fits,observations\2026-08-09\CoRoT-2\session_01\CoRoT-2260809071816.fits,CoRoT-2,2026-08-09T00:18:17.017-0700,2026-08-09,,Clear
CoRoT-2260809072115.fits,observations\2026-08-09\CoRoT-2\session_01\CoRoT-2260809072115.fits,CoRoT-2,2026-08-09T00:21:15.544-0700,2026-08-09,,Clear
CoRoT-2260809072417.fits,observations\2026-08-09\CoRoT-2\session_01\CoRoT-2260809072417.fits,CoRoT-2,2026-08-09T00:24:17.105-0700,2026-08-09,,Clear
CoRoT-2260809072715.fits,observations\2026-08-09\CoRoT-2\session_01\CoRoT-2260809072715.fits,CoRoT-2,2026-08-09T00:27:15.858-0700,2026-08-09,,Clear
CoRoT-2260809073016.fits,observations\2026-08-09\CoRoT-2\session_01\CoRoT-2260809073016.fits,CoRoT-2,2026-08-09T00:30:16.412-0700,2026-08-09,,Clear
CoRoT-2260809073316.fits,observations\2026-08-09\CoRoT-2\session_01\CoRoT-2260809073316.fits,CoRoT-2,2026-08-09T00:33:16.870-0700,2026-08-09,,Clear
CoRoT-2260809073616.fits,observations\2026-08-09\CoRoT-2\session_01\CoRoT-2260809073616.fits,CoRoT-2,2026-08-09T00:36:16.378-0700,2026-08-09,,Clear
CoRoT-2260809073916.fits,observations\2026-08-09\CoRoT-2\session_01\CoRoT-2260809073916.fits,CoRoT-2,2026-08-09T00:39:16.063-0700,2026-08-09,,Clear
CoRoT-2260809074215.fits,observations\2026-08-09\CoRoT-2\session_01\CoRoT-2260809074215.fits,CoRoT-2,2026-08-09T00:42:15.677-0700,2026-08-09,,Clear
CoRoT-2260809074515.fits,observations\2026-08-09\CoRoT-2\session_01\CoRoT-2260809074515.fits,CoRoT-2,2026-08-09T00:45:15.398-0700,2026-08-09,,Clear
CoRoT-2260809074817.fits,observations\2026-08-09\CoRoT-2\session_01\CoRoT-2260809074817.fits,CoRoT-2,2026-08-09T00:48:17.139-0700,2026-08-09,,Clear
CoRoT-2260809075115.fits,observations\2026-08-09\CoRoT-2\session_01\CoRoT-2260809075115.fits,CoRoT-2,2026-08-09T00:51:15.728-0700,2026-08-09,,Clear
CoRoT-2260809075415.fits,observations\2026-08-09\CoRoT-2\session_01\CoRoT-2260809075415.fits,CoRoT-2,2026-08-09T00:54:15.413-0700,2026-08-09,,Clear
CoRoT-2260809075716.fits,observations\2026-08-09\CoRoT-2\session_01\CoRoT-2260809075716.fits,CoRoT-2,2026-08-09T00:57:16.997-0700,2026-08-09,,Clear
CoRoT-2260809080015.fits,observations\2026-08-09\CoRoT-2\session_01\CoRoT-2260809080015.fits,CoRoT-2,2026-08-09T01:00:15.527-0700,2026-08-09,,Clear
CoRoT-2260809080316.fits,observations\2026-08-09\CoRoT-2\session_01\CoRoT-2260809080316.fits,CoRoT-2,2026-08-09T01:03:16.131-0700,2026-08-09,,Clear
CoRoT-2260809080616.fits,observations\2026-08-09\CoRoT-2\session_01\CoRoT-2260809080616.fits,CoRoT-2,2026-08-09T01:06:16.686-0700,2026-08-09,,Clear
CoRoT-2260809080916.fits,observations\2026-08-09\CoRoT-2\session_01\CoRoT-2260809080916.fits,CoRoT-2,2026-08-09T01:09:16.262-0700,2026-08-09,,Clear
CoRoT-2260809081215.fits,observations\2026-08-09\CoRoT-2\session_01\CoRoT-2260809081215.fits,CoRoT-2,2026-08-09T01:12:15.775-0700,2026-08-09,,Clear
CoRoT-2260809081515.fits,observations\2026-08-09\CoRoT-2\session_01\CoRoT-2260809081515.fits,CoRoT-2,2026-08-09T01:15:15.203-0700,2026-08-09,,Clear
CoRoT-2260809081815.fits,observations\2026-08-09\CoRoT-2\session_01\CoRoT-2260809081815.fits,CoRoT-2,2026-08-09T01:18:15.809-0700,2026-08-09,,Clear
CoRoT-2260809082115.fits,observations\2026-08-09\CoRoT-2\session_01\CoRoT-2260809082115.fits,CoRoT-2,2026-08-09T01:21:15.345-0700,2026-08-09,,Clear
CoRoT-2260809082416.fits,observations\2026-08-09\CoRoT-2\session_01\CoRoT-2260809082416.fits,CoRoT-2,2026-08-09T01:24:16.967-0700,2026-08-09,,Clear
CoRoT-2260809082715.fits,observations\2026-08-09\CoRoT-2\session_01\CoRoT-2260809082715.fits,CoRoT-2,2026-08-09T01:27:15.473-0700,2026-08-09,,Clear
CoRoT-2260809083016.fits,observations\2026-08-09\CoRoT-2\session_01\CoRoT-2260809083016.fits,CoRoT-2,2026-08-09T01:30:16.104-0700,2026-08-09,,Clear
CoRoT-2260809083315.fits,observations\2026-08-09\CoRoT-2\session_01\CoRoT-2260809083315.fits,CoRoT-2,2026-08-09T01:33:15.670-0700,2026-08-09,,Clear
CoRoT-2260809083617.fits,observations\2026-08-09\CoRoT-2\session_01\CoRoT-2260809083617.fits,CoRoT-2,2026-08-09T01:36:17.181-0700,2026-08-09,,Clear
CoRoT-2260809083916.fits,observations\2026-08-09\CoRoT-2\session_01\CoRoT-2260809083916.fits,CoRoT-2,2026-08-09T01:39:16.732-0700,2026-08-09,,Clear
CoRoT-2260809084216.fits,observations\2026-08-09\CoRoT-2\session_01\CoRoT-2260809084216.fits,CoRoT-2,2026-08-09T01:42:16.571-0700,2026-08-09,,Clear
CoRoT-2260809084516.fits,observations\2026-08-09\CoRoT-2\session_01\CoRoT-2260809084516.fits,CoRoT-2,2026-08-09T01:45:16.175-0700,2026-08-09,,Clear
CoRoT-2260809084815.fits,observations\2026-08-09\CoRoT-2\session_01\CoRoT-2260809084815.fits,CoRoT-2,2026-08-09T01:48:15.706-0700,2026-08-09,,Clear
CoRoT-2260809085116.fits,observations\2026-08-09\CoRoT-2\session_01\CoRoT-2260809085116.fits,CoRoT-2,2026-08-09T01:51:16.434-0700,2026-08-09,,Clear
CoRoT-2260809085417.fits,observations\2026-08-09\CoRoT-2\session_01\CoRoT-2260809085417.fits,CoRoT-2,2026-08-09T01:54:17.087-0700,2026-08-09,,Clear
CoRoT-2260809085715.fits,observations\2026-08-09\CoRoT-2\session_01\CoRoT-2260809085715.fits,CoRoT-2,2026-08-09T01:57:15.534-0700,2026-08-09,,Clear
CoRoT-2260809090016.fits,observations\2026-08-09\CoRoT-2\session_01\CoRoT-2260809090016.fits,CoRoT-2,2026-08-09T02:00:16.098-0700,2026-08-09,,Clear
CoRoT-2260809090315.fits,observations\2026-08-09\CoRoT-2\session_01\CoRoT-2260809090315.fits,CoRoT-2,2026-08-09T02:03:15.600-0700,2026-08-09,,Clear
CoRoT-2260809090615.fits,observations\2026-08-09\CoRoT-2\session_01\CoRoT-2260809090615.fits,CoRoT-2,2026-08-09T02:06:15.219-0700,2026-08-09,,Clear
CoRoT-2260809090915.fits,observations\2026-08-09\CoRoT-2\session_01\CoRoT-2260809090915.fits,CoRoT-2,2026-08-09T02:09:15.827-0700,2026-08-09,,Clear
CoRoT-2260809091216.fits,observations\2026-08-09\CoRoT-2\session_01\CoRoT-2260809091216.fits,CoRoT-2,2026-08-09T02:12:16.358-0700,2026-08-09,,Clear
CoRoT-2260809091515.fits,observations\2026-08-09\CoRoT-2\session_01\CoRoT-2260809091515.fits,CoRoT-2,2026-08-09T02:15:15.871-0700,2026-08-09,,Clear
CoRoT-2260809091815.fits,observations\2026-08-09\CoRoT-2\session_01\CoRoT-2260809091815.fits,CoRoT-2,2026-08-09T02:18:15.489-0700,2026-08-09,,Clear
CoRoT-2260809092116.fits,observations\2026-08-09\CoRoT-2\session_01\CoRoT-2260809092116.fits,CoRoT-2,2026-08-09T02:21:16.196-0700,2026-08-09,,Clear
CoRoT-2260809092415.fits,observations\2026-08-09\CoRoT-2\session_01\CoRoT-2260809092415.fits,CoRoT-2,2026-08-09T02:24:15.903-0700,2026-08-09,,Clear
CoRoT-2260809092715.fits,observations\2026-08-09\CoRoT-2\session_01\CoRoT-2260809092715.fits,CoRoT-2,2026-08-09T02:27:15.451-0700,2026-08-09,,Clear
CoRoT-2260809093016.fits,observations\2026-08-09\CoRoT-2\session_01\CoRoT-2260809093016.fits,CoRoT-2,2026-08-09T02:30:16.061-0700,2026-08-09,,Clear
CoRoT-2260809093315.fits,observations\2026-08-09\CoRoT-2\session_01\CoRoT-2260809093315.fits,CoRoT-2,2026-08-09T02:33:15.674-0700,2026-08-09,,Clear
CoRoT-2260809093615.fits,observations\2026-08-09\CoRoT-2\session_01\CoRoT-2260809093615.fits,CoRoT-2,2026-08-09T02:36:15.210-0700,2026-08-09,,Clear
TRES-3260810060640.fits,observations\2026-08-10\TRES-3\session_01\TRES-3260810060640.fits,TRES-3,2026-08-09T23:06:40.229-0700,2026-08-09,,Clear
TRES-3260810060916.fits,observations\2026-08-10\TRES-3\session_01\TRES-3260810060916.fits,TRES-3,2026-08-09T23:09:16.878-0700,2026-08-09,,Clear
TRES-3260810061215.fits,observations\2026-08-10\TRES-3\session_01\TRES-3260810061215.fits,TRES-3,2026-08-09T23:12:15.648-0700,2026-08-09,,Clear
TRES-3260810061516.fits,observations\2026-08-10\TRES-3\session_01\TRES-3260810061516.fits,TRES-3,2026-08-09T23:15:16.372-0700,2026-08-09,,Clear
TRES-3260810061816.fits,observations\2026-08-10\TRES-3\session_01\TRES-3260810061816.fits,TRES-3,2026-08-09T23:18:16.907-0700,2026-08-09,,Clear
TRES-3260810062117.fits,observations\2026-08-10\TRES-3\session_01\TRES-3260810062117.fits,TRES-3,2026-08-09T23:21:17.566-0700,2026-08-09,,Clear
TRES-3260810062416.fits,observations\2026-08-10\TRES-3\session_01\TRES-3260810062416.fits,TRES-3,2026-08-09T23:24:16.086-0700,2026-08-09,,Clear
TRES-3260810062715.fits,observations\2026-08-10\TRES-3\session_01\TRES-3260810062715.fits,TRES-3,2026-08-09T23:27:15.734-0700,2026-08-09,,Clear
TRES-3260810063015.fits,observations\2026-08-10\TRES-3\session_01\TRES-3260810063015.fits,TRES-3,2026-08-09T23:30:15.532-0700,2026-08-09,,Clear
TRES-3260810063316.fits,observations\2026-08-10\TRES-3\session_01\TRES-3260810063316.fits,TRES-3,2026-08-09T23:33:16.193-0700,2026-08-09,,Clear
TRES-3260810063616.fits,observations\2026-08-10\TRES-3\session_01\TRES-3260810063616.fits,TRES-3,2026-08-09T23:36:16.737-0700,2026-08-09,,Clear
TRES-3260810063915.fits,observations\2026-08-10\TRES-3\session_01\TRES-3260810063915.fits,TRES-3,2026-08-09T23:39:15.222-0700,2026-08-09,,Clear
TRES-3260810064215.fits,observations\2026-08-10\TRES-3\session_01\TRES-3260810064215.fits,TRES-3,2026-08-09T23:42:15.845-0700,2026-08-09,,Clear
TRES-3260810064516.fits,observations\2026-08-10\TRES-3\session_01\TRES-3260810064516.fits,TRES-3,2026-08-09T23:45:16.290-0700,2026-08-09,,Clear
TRES-3260810064816.fits,observations\2026-08-10\TRES-3\session_01\TRES-3260810064816.fits,TRES-3,2026-08-09T23:48:16.755-0700,2026-08-09,,Clear
TRES-3260810065115.fits,observations\2026-08-10\TRES-3\session_01\TRES-3260810065115.fits,TRES-3,2026-08-09T23:51:15.325-0700,2026-08-09,,Clear
TRES-3260810065415.fits,observations\2026-08-10\TRES-3\session_01\TRES-3260810065415.fits,TRES-3,2026-08-09T23:54:15.693-0700,2026-08-09,,Clear
TRES-3260810065717.fits,observations\2026-08-10\TRES-3\session_01\TRES-3260810065717.fits,TRES-3,2026-08-09T23:57:17.092-0700,2026-08-09,,Clear
TRES-3260810070015.fits,observations\2026-08-10\TRES-3\session_01\TRES-3260810070015.fits,TRES-3,2026-08-10T00:00:15.899-0700,2026-08-10,,Clear
TRES-3260810070316.fits,observations\2026-08-10\TRES-3\session_01\TRES-3260810070316.fits,TRES-3,2026-08-10T00:03:16.513-0700,2026-08-10,,Clear
TRES-3260810070616.fits,observations\2026-08-10\TRES-3\session_01\TRES-3260810070616.fits,TRES-3,2026-08-10T00:06:16.012-0700,2026-08-10,,Clear
TRES-3260810070915.fits,observations\2026-08-10\TRES-3\session_01\TRES-3260810070915.fits,TRES-3,2026-08-10T00:09:15.500-0700,2026-08-10,,Clear
TRES-3260810071217.fits,observations\2026-08-10\TRES-3\session_01\TRES-3260810071217.fits,TRES-3,2026-08-10T00:12:17.114-0700,2026-08-10,,Clear
TRES-3260810071516.fits,observations\2026-08-10\TRES-3\session_01\TRES-3260810071516.fits,TRES-3,2026-08-10T00:15:16.629-0700,2026-08-10,,Clear
TRES-3260810071817.fits,observations\2026-08-10\TRES-3\session_01\TRES-3260810071817.fits,TRES-3,2026-08-10T00:18:17.143-0700,2026-08-10,,Clear
TRES-3260810072115.fits,observations\2026-08-10\TRES-3\session_01\TRES-3260810072115.fits,TRES-3,2026-08-10T00:21:15.535-0700,2026-08-10,,Clear
TRES-3260810072417.fits,observations\2026-08-10\TRES-3\session_01\TRES-3260810072417.fits,TRES-3,2026-08-10T00:24:17.094-0700,2026-08-10,,Clear
TRES-3260810072715.fits,observations\2026-08-10\TRES-3\session_01\TRES-3260810072715.fits,TRES-3,2026-08-10T00:27:15.589-0700,2026-08-10,,Clear
TRES-3260810073016.fits,observations\2026-08-10\TRES-3\session_01\TRES-3260810073016.fits,TRES-3,2026-08-10T00:30:16.164-0700,2026-08-10,,Clear
TRES-3260810073315.fits,observations\2026-08-10\TRES-3\session_01\TRES-3260810073315.fits,TRES-3,2026-08-10T00:33:15.736-0700,2026-08-10,,Clear
TRES-3260810073616.fits,observations\2026-08-10\TRES-3\session_01\TRES-3260810073616.fits,TRES-3,2026-08-10T00:36:16.322-0700,2026-08-10,,Clear
TRES-3260810073915.fits,observations\2026-08-10\TRES-3\session_01\TRES-3260810073915.fits,TRES-3,2026-08-10T00:39:15.959-0700,2026-08-10,,Clear
TRES-3260810074215.fits,observations\2026-08-10\TRES-3\session_01\TRES-3260810074215.fits,TRES-3,2026-08-10T00:42:15.553-0700,2026-08-10,,Clear
TRES-3260810074516.fits,observations\2026-08-10\TRES-3\session_01\TRES-3260810074516.fits,TRES-3,2026-08-10T00:45:16.360-0700,2026-08-10,,Clear
TRES-3260810074815.fits,observations\2026-08-10\TRES-3\session_01\TRES-3260810074815.fits,TRES-3,2026-08-10T00:48:15.974-0700,2026-08-10,,Clear
TRES-3260810075116.fits,observations\2026-08-10\TRES-3\session_01\TRES-3260810075116.fits,TRES-3,2026-08-10T00:51:16.512-0700,2026-08-10,,Clear
TRES-3260810075416.fits,observations\2026-08-10\TRES-3\session_01\TRES-3260810075416.fits,TRES-3,2026-08-10T00:54:16.228-0700,2026-08-10,,Clear
TRES-3260810075716.fits,observations\2026-08-10\TRES-3\session_01\TRES-3260810075716.fits,TRES-3,2026-08-10T00:57:16.675-0700,2026-08-10,,Clear
TRES-3260810080016.fits,observations\2026-08-10\TRES-3\session_01\TRES-3260810080016.fits,TRES-3,2026-08-10T01:00:16.242-0700,2026-08-10,,Clear
TRES-3260810080315.fits,observations\2026-08-10\TRES-3\session_01\TRES-3260810080315.fits,TRES-3,2026-08-10T01:03:15.778-0700,2026-08-10,,Clear
TRES-3260810080615.fits,observations\2026-08-10\TRES-3\session_01\TRES-3260810080615.fits,TRES-3,2026-08-10T01:06:15.385-0700,2026-08-10,,Clear
TRES-3260810080915.fits,observations\2026-08-10\TRES-3\session_01\TRES-3260810080915.fits,TRES-3,2026-08-10T01:09:15.895-0700,2026-08-10,,Clear
TRES-3260810081216.fits,observations\2026-08-10\TRES-3\session_01\TRES-3260810081216.fits,TRES-3,2026-08-10T01:12:16.996-0700,2026-08-10,,Clear
TRES-3260810081515.fits,observations\2026-08-10\TRES-3\session_01\TRES-3260810081515.fits,TRES-3,2026-08-10T01:15:15.580-0700,2026-08-10,,Clear
TRES-3260810081815.fits,observations\2026-08-10\TRES-3\session_01\TRES-3260810081815.fits,TRES-3,2026-08-10T01:18:15.985-0700,2026-08-10,,Clear
TRES-3260810082115.fits,observations\2026-08-10\TRES-3\session_01\TRES-3260810082115.fits,TRES-3,2026-08-10T01:21:15.481-0700,2026-08-10,,Clear
TRES-3260810082417.fits,observations\2026-08-10\TRES-3\session_01\TRES-3260810082417.fits,TRES-3,2026-08-10T01:24:17.038-0700,2026-08-10,,Clear
TRES-3260810082715.fits,observations\2026-08-10\TRES-3\session_01\TRES-3260810082715.fits,TRES-3,2026-08-10T01:27:15.517-0700,2026-08-10,,Clear
TRES-3260810083015.fits,observations\2026-08-10\TRES-3\session_01\TRES-3260810083015.fits,TRES-3,2026-08-10T01:30:15.939-0700,2026-08-10,,Clear
TRES-3260810083315.fits,observations\2026-08-10\TRES-3\session_01\TRES-3260810083315.fits,TRES-3,2026-08-10T01:33:15.297-0700,2026-08-10,,Clear
TRES-3260810083615.fits,observations\2026-08-10\TRES-3\session_01\TRES-3260810083615.fits,TRES-3,2026-08-10T01:36:15.668-0700,2026-08-10,,Clear
TRES-3260810083916.fits,observations\2026-08-10\TRES-3\session_01\TRES-3260810083916.fits,TRES-3,2026-08-10T01:39:16.045-0700,2026-08-10,,Clear
TRES-3260810084215.fits,observations\2026-08-10\TRES-3\session_01\TRES-3260810084215.fits,TRES-3,2026-08-10T01:42:15.414-0700,2026-08-10,,Clear
TRES-3260810084516.fits,observations\2026-08-10\TRES-3\session_01\TRES-3260810084516.fits,TRES-3,2026-08-10T01:45:16.017-0700,2026-08-10,,Clear
TRES-3260810084816.fits,observations\2026-08-10\TRES-3\session_01\TRES-3260810084816.fits,TRES-3,2026-08-10T01:48:16.526-0700,2026-08-10,,Clear
TRES-3260810085117.fits,observations\2026-08-10\TRES-3\session_01\TRES-3260810085117.fits,TRES-3,2026-08-10T01:51:17.138-0700,2026-08-10,,Clear
TRES-3260810085416.fits,observations\2026-08-10\TRES-3\session_01\TRES-3260810085416.fits,TRES-3,2026-08-10T01:54:16.608-0700,2026-08-10,,Clear
TRES-3260810085717.fits,observations\2026-08-10\TRES-3\session_01\TRES-3260810085717.fits,TRES-3,2026-08-10T01:57:17.142-0700,2026-08-10,,Clear
TRES-3260810090015.fits,observations\2026-08-10\TRES-3\session_01\TRES-3260810090015.fits,TRES-3,2026-08-10T02:00:15.866-0700,2026-08-10,,Clear
TRES-3260810090708.fits,observations\2026-08-10\TRES-3\session_01\TRES-3260810090708.fits,TRES-3,2026-08-10T02:07:08.523-0700,2026-08-10,,Clear
TRES-3260810091249.fits,observations\2026-08-10\TRES-3\session_01\TRES-3260810091249.fits,TRES-3,2026-08-10T02:12:49.988-0700,2026-08-10,,Clear
TRES-3260810091436.fits,observations\2026-08-10\TRES-3\session_01\TRES-3260810091436.fits,TRES-3,2026-08-10T02:14:36.194-0700,2026-08-10,,Clear
TRES-3260810092014.fits,observations\2026-08-10\TRES-3\session_01\TRES-3260810092014.fits,TRES-3,2026-08-10T02:20:14.756-0700,2026-08-10,,Clear
TRES-3260810092552.fits,observations\2026-08-10\TRES-3\session_01\TRES-3260810092552.fits,TRES-3,2026-08-10T02:25:52.331-0700,2026-08-10,,Clear
TRES-3260810093318.fits,observations\2026-08-10\TRES-3\session_01\TRES-3260810093318.fits,TRES-3,2026-08-10T02:33:18.323-0700,2026-08-10,,Clear
TRES-3260810093856.fits,observations\2026-08-10\TRES-3\session_01\TRES-3260810093856.fits,TRES-3,2026-08-10T02:38:56.827-0700,2026-08-10,,Clear
TRES-3260810094042.fits,observations\2026-08-10\TRES-3\session_01\TRES-3260810094042.fits,TRES-3,2026-08-10T02:40:42.061-0700,2026-08-10,,Clear
TRES-3260810094809.fits,observations\2026-08-10\TRES-3\session_01\TRES-3260810094809.fits,TRES-3,2026-08-10T02:48:09.946-0700,2026-08-10,,Clear
TRES-3260810094956.fits,observations\2026-08-10\TRES-3\session_01\TRES-3260810094956.fits,TRES-3,2026-08-10T02:49:56.192-0700,2026-08-10,,Clear
TRES-3260810095534.fits,observations\2026-08-10\TRES-3\session_01\TRES-3260810095534.fits,TRES-3,2026-08-10T02:55:34.777-0700,2026-08-10,,Clear
WASP-2260811065433.fits,observations\2026-08-11\WASP-2\session_01\WASP-2260811065433.fits,WASP-2,2026-08-10T23:54:33.864-0700,2026-08-10,,Clear
WASP-2260811065834.fits,observations\2026-08-11\WASP-2\session_01\WASP-2260811065834.fits,WASP-2,2026-08-10T23:58:34.954-0700,2026-08-10,,Clear
WASP-2260811070235.fits,observations\2026-08-11\WASP-2\session_01\WASP-2260811070235.fits,WASP-2,2026-08-11T00:02:35.872-0700,2026-08-11,,Clear
WASP-2260811070422.fits,observations\2026-08-11\WASP-2\session_01\WASP-2260811070422.fits,WASP-2,2026-08-11T00:04:22.182-0700,2026-08-11,,Clear
WASP-2260811070615.fits,observations\2026-08-11\WASP-2\session_01\WASP-2260811070615.fits,WASP-2,2026-08-11T00:06:15.458-0700,2026-08-11,,Clear
WASP-2260811070915.fits,observations\2026-08-11\WASP-2\session_01\WASP-2260811070915.fits,WASP-2,2026-08-11T00:09:15.744-0700,2026-08-11,,Clear
WASP-2260811071216.fits,observations\2026-08-11\WASP-2\session_01\WASP-2260811071216.fits,WASP-2,2026-08-11T00:12:16.011-0700,2026-08-11,,Clear
WASP-2260811071516.fits,observations\2026-08-11\WASP-2\session_01\WASP-2260811071516.fits,WASP-2,2026-08-11T00:15:16.395-0700,2026-08-11,,Clear
WASP-2260811071817.fits,observations\2026-08-11\WASP-2\session_01\WASP-2260811071817.fits,WASP-2,2026-08-11T00:18:17.050-0700,2026-08-11,,Clear
WASP-2260811072116.fits,observations\2026-08-11\WASP-2\session_01\WASP-2260811072116.fits,WASP-2,2026-08-11T00:21:16.118-0700,2026-08-11,,Clear
WASP-2260811072417.fits,observations\2026-08-11\WASP-2\session_01\WASP-2260811072417.fits,WASP-2,2026-08-11T00:24:17.102-0700,2026-08-11,,Clear
WASP-2260811072716.fits,observations\2026-08-11\WASP-2\session_01\WASP-2260811072716.fits,WASP-2,2026-08-11T00:27:16.168-0700,2026-08-11,,Clear
WASP-2260811073015.fits,observations\2026-08-11\WASP-2\session_01\WASP-2260811073015.fits,WASP-2,2026-08-11T00:30:15.978-0700,2026-08-11,,Clear
WASP-2260811073315.fits,observations\2026-08-11\WASP-2\session_01\WASP-2260811073315.fits,WASP-2,2026-08-11T00:33:15.360-0700,2026-08-11,,Clear
WASP-2260811073615.fits,observations\2026-08-11\WASP-2\session_01\WASP-2260811073615.fits,WASP-2,2026-08-11T00:36:15.728-0700,2026-08-11,,Clear
WASP-2260811073917.fits,observations\2026-08-11\WASP-2\session_01\WASP-2260811073917.fits,WASP-2,2026-08-11T00:39:17.170-0700,2026-08-11,,Clear
WASP-2260811074216.fits,observations\2026-08-11\WASP-2\session_01\WASP-2260811074216.fits,WASP-2,2026-08-11T00:42:16.285-0700,2026-08-11,,Clear
WASP-2260811074516.fits,observations\2026-08-11\WASP-2\session_01\WASP-2260811074516.fits,WASP-2,2026-08-11T00:45:16.926-0700,2026-08-11,,Clear
WASP-2260811074816.fits,observations\2026-08-11\WASP-2\session_01\WASP-2260811074816.fits,WASP-2,2026-08-11T00:48:16.412-0700,2026-08-11,,Clear
WASP-2260811075115.fits,observations\2026-08-11\WASP-2\session_01\WASP-2260811075115.fits,WASP-2,2026-08-11T00:51:15.598-0700,2026-08-11,,Clear
WASP-2260811075416.fits,observations\2026-08-11\WASP-2\session_01\WASP-2260811075416.fits,WASP-2,2026-08-11T00:54:16.401-0700,2026-08-11,,Clear
WASP-2260811075716.fits,observations\2026-08-11\WASP-2\session_01\WASP-2260811075716.fits,WASP-2,2026-08-11T00:57:16.918-0700,2026-08-11,,Clear
WASP-2260811080016.fits,observations\2026-08-11\WASP-2\session_01\WASP-2260811080016.fits,WASP-2,2026-08-11T01:00:16.657-0700,2026-08-11,,Clear
WASP-2260811080315.fits,observations\2026-08-11\WASP-2\session_01\WASP-2260811080315.fits,WASP-2,2026-08-11T01:03:15.535-0700,2026-08-11,,Clear
WASP-2260811080616.fits,observations\2026-08-11\WASP-2\session_01\WASP-2260811080616.fits,WASP-2,2026-08-11T01:06:16.543-0700,2026-08-11,,Clear
WASP-2260811080915.fits,observations\2026-08-11\WASP-2\session_01\WASP-2260811080915.fits,WASP-2,2026-08-11T01:09:15.999-0700,2026-08-11,,Clear
WASP-2260811081216.fits,observations\2026-08-11\WASP-2\session_01\WASP-2260811081216.fits,WASP-2,2026-08-11T01:12:16.522-0700,2026-08-11,,Clear
WASP-2260811081516.fits,observations\2026-08-11\WASP-2\session_01\WASP-2260811081516.fits,WASP-2,2026-08-11T01:15:16.034-0700,2026-08-11,,Clear
WASP-2260811081816.fits,observations\2026-08-11\WASP-2\session_01\WASP-2260811081816.fits,WASP-2,2026-08-11T01:18:16.564-0700,2026-08-11,,Clear
WASP-2260811082117.fits,observations\2026-08-11\WASP-2\session_01\WASP-2260811082117.fits,WASP-2,2026-08-11T01:21:17.146-0700,2026-08-11,,Clear
WASP-2260811082415.fits,observations\2026-08-11\WASP-2\session_01\WASP-2260811082415.fits,WASP-2,2026-08-11T01:24:15.869-0700,2026-08-11,,Clear
WASP-2260811082716.fits,observations\2026-08-11\WASP-2\session_01\WASP-2260811082716.fits,WASP-2,2026-08-11T01:27:16.659-0700,2026-08-11,,Clear
WASP-2260811083015.fits,observations\2026-08-11\WASP-2\session_01\WASP-2260811083015.fits,WASP-2,2026-08-11T01:30:15.925-0700,2026-08-11,,Clear
WASP-2260811083315.fits,observations\2026-08-11\WASP-2\session_01\WASP-2260811083315.fits,WASP-2,2026-08-11T01:33:15.492-0700,2026-08-11,,Clear
WASP-2260811083616.fits,observations\2026-08-11\WASP-2\session_01\WASP-2260811083616.fits,WASP-2,2026-08-11T01:36:16.851-0700,2026-08-11,,Clear
WASP-2260811083917.fits,observations\2026-08-11\WASP-2\session_01\WASP-2260811083917.fits,WASP-2,2026-08-11T01:39:17.268-0700,2026-08-11,,Clear
WASP-2260811084215.fits,observations\2026-08-11\WASP-2\session_01\WASP-2260811084215.fits,WASP-2,2026-08-11T01:42:15.739-0700,2026-08-11,,Clear
WASP-2260811084515.fits,observations\2026-08-11\WASP-2\session_01\WASP-2260811084515.fits,WASP-2,2026-08-11T01:45:15.278-0700,2026-08-11,,Clear
WASP-2260811084815.fits,observations\2026-08-11\WASP-2\session_01\WASP-2260811084815.fits,WASP-2,2026-08-11T01:48:15.366-0700,2026-08-11,,Clear
WASP-2260811085115.fits,observations\2026-08-11\WASP-2\session_01\WASP-2260811085115.fits,WASP-2,2026-08-11T01:51:15.672-0700,2026-08-11,,Clear
WASP-2260811085416.fits,observations\2026-08-11\WASP-2\session_01\WASP-2260811085416.fits,WASP-2,2026-08-11T01:54:16.076-0700,2026-08-11,,Clear
WASP-2260811085716.fits,observations\2026-08-11\WASP-2\session_01\WASP-2260811085716.fits,WASP-2,2026-08-11T01:57:16.703-0700,2026-08-11,,Clear
WASP-2260811090015.fits,observations\2026-08-11\WASP-2\session_01\WASP-2260811090015.fits,WASP-2,2026-08-11T02:00:15.518-0700,2026-08-11,,Clear
WASP-2260811090317.fits,observations\2026-08-11\WASP-2\session_01\WASP-2260811090317.fits,WASP-2,2026-08-11T02:03:17.092-0700,2026-08-11,,Clear
WASP-2260811090618.fits,observations\2026-08-11\WASP-2\session_01\WASP-2260811090618.fits,WASP-2,2026-08-11T02:06:18.609-0700,2026-08-11,,Clear
WASP-2260811090916.fits,observations\2026-08-11\WASP-2\session_01\WASP-2260811090916.fits,WASP-2,2026-08-11T02:09:16.321-0700,2026-08-11,,Clear
WASP-2260811091215.fits,observations\2026-08-11\WASP-2\session_01\WASP-2260811091215.fits,WASP-2,2026-08-11T02:12:15.887-0700,2026-08-11,,Clear
WASP-2260811091516.fits,observations\2026-08-11\WASP-2\session_01\WASP-2260811091516.fits,WASP-2,2026-08-11T02:15:16.368-0700,2026-08-11,,Clear
WASP-2260811091816.fits,observations\2026-08-11\WASP-2\session_01\WASP-2260811091816.fits,WASP-2,2026-08-11T02:18:16.023-0700,2026-08-11,,Clear
WASP-2260811092117.fits,observations\2026-08-11\WASP-2\session_01\WASP-2260811092117.fits,WASP-2,2026-08-11T02:21:17.089-0700,2026-08-11,,Clear
WASP-2260811092416.fits,observations\2026-08-11\WASP-2\session_01\WASP-2260811092416.fits,WASP-2,2026-08-11T02:24:16.730-0700,2026-08-11,,Clear
WASP-2260811092716.fits,observations\2026-08-11\WASP-2\session_01\WASP-2260811092716.fits,WASP-2,2026-08-11T02:27:16.810-0700,2026-08-11,,Clear
WASP-2260811093015.fits,observations\2026-08-11\WASP-2\session_01\WASP-2260811093015.fits,WASP-2,2026-08-11T02:30:15.755-0700,2026-08-11,,Clear
WASP-2260811093315.fits,observations\2026-08-11\WASP-2\session_01\WASP-2260811093315.fits,WASP-2,2026-08-11T02:33:15.801-0700,2026-08-11,,Clear
WASP-2260811093617.fits,observations\2026-08-11\WASP-2\session_01\WASP-2260811093617.fits,WASP-2,2026-08-11T02:36:17.555-0700,2026-08-11,,Clear
WASP-2260811093916.fits,observations\2026-08-11\WASP-2\session_01\WASP-2260811093916.fits,WASP-2,2026-08-11T02:39:16.381-0700,2026-08-11,,Clear
WASP-2260811094217.fits,observations\2026-08-11\WASP-2\session_01\WASP-2260811094217.fits,WASP-2,2026-08-11T02:42:17.138-0700,2026-08-11,,Clear
WASP-2260811094515.fits,observations\2026-08-11\WASP-2\session_01\WASP-2260811094515.fits,WASP-2,2026-08-11T02:45:15.879-0700,2026-08-11,,Clear
WASP-2260811094815.fits,observations\2026-08-11\WASP-2\session_01\WASP-2260811094815.fits,WASP-2,2026-08-11T02:48:15.329-0700,2026-08-11,,Clear
WASP-2260811095117.fits,observations\2026-08-11\WASP-2\session_01\WASP-2260811095117.fits,WASP-2,2026-08-11T02:51:17.176-0700,2026-08-11,,Clear
WASP-2260811095415.fits,observations\2026-08-11\WASP-2\session_01\WASP-2260811095415.fits,WASP-2,2026-08-11T02:54:15.343-0700,2026-08-11,,Clear
WASP-2260811095716.fits,observations\2026-08-11\WASP-2\session_01\WASP-2260811095716.fits,WASP-2,2026-08-11T02:57:16.363-0700,2026-08-11,,Clear
WASP-2260811100016.fits,observations\2026-08-11\WASP-2\session_01\WASP-2260811100016.fits,WASP-2,2026-08-11T03:00:16.056-0700,2026-08-11,,Clear
WASP-2260811100316.fits,observations\2026-08-11\WASP-2\session_01\WASP-2260811100316.fits,WASP-2,2026-08-11T03:03:16.708-0700,2026-08-11,,Clear
WASP-2260811100616.fits,observations\2026-08-11\WASP-2\session_01\WASP-2260811100616.fits,WASP-2,2026-08-11T03:06:16.302-0700,2026-08-11,,Clear
WASP-2260811100916.fits,observations\2026-08-11\WASP-2\session_01\WASP-2260811100916.fits,WASP-2,2026-08-11T03:09:16.808-0700,2026-08-11,,Clear
WASP-2260811101216.fits,observations\2026-08-11\WASP-2\session_01\WASP-2260811101216.fits,WASP-2,2026-08-11T03:12:16.502-0700,2026-08-11,,Clear
WASP-2260811101516.fits,observations\2026-08-11\WASP-2\session_01\WASP-2260811101516.fits,WASP-2,2026-08-11T03:15:16.112-0700,2026-08-11,,Clear
WASP-2260811101815.fits,observations\2026-08-11\WASP-2\session_01\WASP-2260811101815.fits,WASP-2,2026-08-11T03:18:15.688-0700,2026-08-11,,Clear
WASP-2260811102117.fits,observations\2026-08-11\WASP-2\session_01\WASP-2260811102117.fits,WASP-2,2026-08-11T03:21:17.382-0700,2026-08-11,,Clear
WASP-2260811102416.fits,observations\2026-08-11\WASP-2\session_01\WASP-2260811102416.fits,WASP-2,2026-08-11T03:24:16.399-0700,2026-08-11,,Clear
WASP-2260811102716.fits,observations\2026-08-11\WASP-2\session_01\WASP-2260811102716.fits,WASP-2,2026-08-11T03:27:16.899-0700,2026-08-11,,Clear
WASP-2260811103015.fits,observations\2026-08-11\WASP-2\session_01\WASP-2260811103015.fits,WASP-2,2026-08-11T03:30:15.556-0700,2026-08-11,,Clear
WASP-2260811103315.fits,observations\2026-08-11\WASP-2\session_01\WASP-2260811103315.fits,WASP-2,2026-08-11T03:33:15.943-0700,2026-08-11,,Clear
WASP-2260811103617.fits,observations\2026-08-11\WASP-2\session_01\WASP-2260811103617.fits,WASP-2,2026-08-11T03:36:17.149-0700,2026-08-11,,Clear
WASP-2260811103915.fits,observations\2026-08-11\WASP-2\session_01\WASP-2260811103915.fits,WASP-2,2026-08-11T03:39:15.819-0700,2026-08-11,,Clear
WASP-2260811104216.fits,observations\2026-08-11\WASP-2\session_01\WASP-2260811104216.fits,WASP-2,2026-08-11T03:42:16.675-0700,2026-08-11,,Clear
WASP-2260811104516.fits,observations\2026-08-11\WASP-2\session_01\WASP-2260811104516.fits,WASP-2,2026-08-11T03:45:16.331-0700,2026-08-11,,Clear
TRES-3260814040928.fits,observations\2026-08-14\TRES-3\session_01\TRES-3260814040928.fits,TRES-3,2026-08-13T21:09:28.759-0700,2026-08-13,,Clear
TRES-3260814041319.fits,observations\2026-08-14\TRES-3\session_01\TRES-3260814041319.fits,TRES-3,2026-08-13T21:13:19.572-0700,2026-08-13,,Clear
TRES-3260814041712.fits,observations\2026-08-14\TRES-3\session_01\TRES-3260814041712.fits,TRES-3,2026-08-13T21:17:12.331-0700,2026-08-13,,Clear
TRES-3260814041858.fits,observations\2026-08-14\TRES-3\session_01\TRES-3260814041858.fits,TRES-3,2026-08-13T21:18:58.704-0700,2026-08-13,,Clear
TRES-3260814042116.fits,observations\2026-08-14\TRES-3\session_01\TRES-3260814042116.fits,TRES-3,2026-08-13T21:21:16.578-0700,2026-08-13,,Clear
TRES-3260814042416.fits,observations\2026-08-14\TRES-3\session_01\TRES-3260814042416.fits,TRES-3,2026-08-13T21:24:16.888-0700,2026-08-13,,Clear
TRES-3260814042716.fits,observations\2026-08-14\TRES-3\session_01\TRES-3260814042716.fits,TRES-3,2026-08-13T21:27:16.306-0700,2026-08-13,,Clear
TRES-3260814043015.fits,observations\2026-08-14\TRES-3\session_01\TRES-3260814043015.fits,TRES-3,2026-08-13T21:30:15.613-0700,2026-08-13,,Clear
TRES-3260814043317.fits,observations\2026-08-14\TRES-3\session_01\TRES-3260814043317.fits,TRES-3,2026-08-13T21:33:17.109-0700,2026-08-13,,Clear
TRES-3260814043615.fits,observations\2026-08-14\TRES-3\session_01\TRES-3260814043615.fits,TRES-3,2026-08-13T21:36:15.871-0700,2026-08-13,,Clear
TRES-3260814043917.fits,observations\2026-08-14\TRES-3\session_01\TRES-3260814043917.fits,TRES-3,2026-08-13T21:39:17.187-0700,2026-08-13,,Clear
TRES-3260814044216.fits,observations\2026-08-14\TRES-3\session_01\TRES-3260814044216.fits,TRES-3,2026-08-13T21:42:16.238-0700,2026-08-13,,Clear
TRES-3260814044517.fits,observations\2026-08-14\TRES-3\session_01\TRES-3260814044517.fits,TRES-3,2026-08-13T21:45:17.169-0700,2026-08-13,,Clear
TRES-3260814044816.fits,observations\2026-08-14\TRES-3\session_01\TRES-3260814044816.fits,TRES-3,2026-08-13T21:48:16.416-0700,2026-08-13,,Clear
TRES-3260814045116.fits,observations\2026-08-14\TRES-3\session_01\TRES-3260814045116.fits,TRES-3,2026-08-13T21:51:16.376-0700,2026-08-13,,Clear
TRES-3260814045417.fits,observations\2026-08-14\TRES-3\session_01\TRES-3260814045417.fits,TRES-3,2026-08-13T21:54:17.330-0700,2026-08-13,,Clear
TRES-3260814045716.fits,observations\2026-08-14\TRES-3\session_01\TRES-3260814045716.fits,TRES-3,2026-08-13T21:57:16.238-0700,2026-08-13,,Clear
TRES-3260814050017.fits,observations\2026-08-14\TRES-3\session_01\TRES-3260814050017.fits,TRES-3,2026-08-13T22:00:17.184-0700,2026-08-13,,Clear
TRES-3260814050315.fits,observations\2026-08-14\TRES-3\session_01\TRES-3260814050315.fits,TRES-3,2026-08-13T22:03:15.807-0700,2026-08-13,,Clear
TRES-3260814050616.fits,observations\2026-08-14\TRES-3\session_01\TRES-3260814050616.fits,TRES-3,2026-08-13T22:06:16.081-0700,2026-08-13,,Clear
TRES-3260814050916.fits,observations\2026-08-14\TRES-3\session_01\TRES-3260814050916.fits,TRES-3,2026-08-13T22:09:16.965-0700,2026-08-13,,Clear
TRES-3260814051216.fits,observations\2026-08-14\TRES-3\session_01\TRES-3260814051216.fits,TRES-3,2026-08-13T22:12:16.911-0700,2026-08-13,,Clear
TRES-3260814051517.fits,observations\2026-08-14\TRES-3\session_01\TRES-3260814051517.fits,TRES-3,2026-08-13T22:15:17.111-0700,2026-08-13,,Clear
TRES-3260814051817.fits,observations\2026-08-14\TRES-3\session_01\TRES-3260814051817.fits,TRES-3,2026-08-13T22:18:17.561-0700,2026-08-13,,Clear
TRES-3260814052116.fits,observations\2026-08-14\TRES-3\session_01\TRES-3260814052116.fits,TRES-3,2026-08-13T22:21:16.561-0700,2026-08-13,,Clear
TRES-3260814052416.fits,observations\2026-08-14\TRES-3\session_01\TRES-3260814052416.fits,TRES-3,2026-08-13T22:24:16.775-0700,2026-08-13,,Clear
TRES-3260814052717.fits,observations\2026-08-14\TRES-3\session_01\TRES-3260814052717.fits,TRES-3,2026-08-13T22:27:17.124-0700,2026-08-13,,Clear
TRES-3260814053017.fits,observations\2026-08-14\TRES-3\session_01\TRES-3260814053017.fits,TRES-3,2026-08-13T22:30:17.926-0700,2026-08-13,,Clear
TRES-3260814053317.fits,observations\2026-08-14\TRES-3\session_01\TRES-3260814053317.fits,TRES-3,2026-08-13T22:33:17.183-0700,2026-08-13,,Clear
TRES-3260814053616.fits,observations\2026-08-14\TRES-3\session_01\TRES-3260814053616.fits,TRES-3,2026-08-13T22:36:16.217-0700,2026-08-13,,Clear
TRES-3260814053916.fits,observations\2026-08-14\TRES-3\session_01\TRES-3260814053916.fits,TRES-3,2026-08-13T22:39:16.231-0700,2026-08-13,,Clear
TRES-3260814054217.fits,observations\2026-08-14\TRES-3\session_01\TRES-3260814054217.fits,TRES-3,2026-08-13T22:42:17.171-0700,2026-08-13,,Clear
TRES-3260814054517.fits,observations\2026-08-14\TRES-3\session_01\TRES-3260814054517.fits,TRES-3,2026-08-13T22:45:17.181-0700,2026-08-13,,Clear
TRES-3260814054816.fits,observations\2026-08-14\TRES-3\session_01\TRES-3260814054816.fits,TRES-3,2026-08-13T22:48:16.195-0700,2026-08-13,,Clear
TRES-3260814055117.fits,observations\2026-08-14\TRES-3\session_01\TRES-3260814055117.fits,TRES-3,2026-08-13T22:51:17.030-0700,2026-08-13,,Clear
TRES-3260814055417.fits,observations\2026-08-14\TRES-3\session_01\TRES-3260814055417.fits,TRES-3,2026-08-13T22:54:17.031-0700,2026-08-13,,Clear
TRES-3260814055716.fits,observations\2026-08-14\TRES-3\session_01\TRES-3260814055716.fits,TRES-3,2026-08-13T22:57:16.324-0700,2026-08-13,,Clear
TRES-3260814060017.fits,observations\2026-08-14\TRES-3\session_01\TRES-3260814060017.fits,TRES-3,2026-08-13T23:00:17.420-0700,2026-08-13,,Clear
TRES-3260814060316.fits,observations\2026-08-14\TRES-3\session_01\TRES-3260814060316.fits,TRES-3,2026-08-13T23:03:16.846-0700,2026-08-13,,Clear
TRES-3260814060616.fits,observations\2026-08-14\TRES-3\session_01\TRES-3260814060616.fits,TRES-3,2026-08-13T23:06:16.900-0700,2026-08-13,,Clear
TRES-3260814060916.fits,observations\2026-08-14\TRES-3\session_01\TRES-3260814060916.fits,TRES-3,2026-08-13T23:09:16.187-0700,2026-08-13,,Clear
TRES-3260814061216.fits,observations\2026-08-14\TRES-3\session_01\TRES-3260814061216.fits,TRES-3,2026-08-13T23:12:16.648-0700,2026-08-13,,Clear
TRES-3260814061516.fits,observations\2026-08-14\TRES-3\session_01\TRES-3260814061516.fits,TRES-3,2026-08-13T23:15:16.468-0700,2026-08-13,,Clear
TRES-3260814061816.fits,observations\2026-08-14\TRES-3\session_01\TRES-3260814061816.fits,TRES-3,2026-08-13T23:18:16.449-0700,2026-08-13,,Clear
TRES-3260814062116.fits,observations\2026-08-14\TRES-3\session_01\TRES-3260814062116.fits,TRES-3,2026-08-13T23:21:16.337-0700,2026-08-13,,Clear
TRES-3260814062416.fits,observations\2026-08-14\TRES-3\session_01\TRES-3260814062416.fits,TRES-3,2026-08-13T23:24:16.721-0700,2026-08-13,,Clear
TRES-3260814062715.fits,observations\2026-08-14\TRES-3\session_01\TRES-3260814062715.fits,TRES-3,2026-08-13T23:27:15.648-0700,2026-08-13,,Clear
TRES-3260814063016.fits,observations\2026-08-14\TRES-3\session_01\TRES-3260814063016.fits,TRES-3,2026-08-13T23:30:16.591-0700,2026-08-13,,Clear
TRES-3260814063316.fits,observations\2026-08-14\TRES-3\session_01\TRES-3260814063316.fits,TRES-3,2026-08-13T23:33:16.557-0700,2026-08-13,,Clear
TRES-3260814063616.fits,observations\2026-08-14\TRES-3\session_01\TRES-3260814063616.fits,TRES-3,2026-08-13T23:36:16.678-0700,2026-08-13,,Clear
TRES-3260814063916.fits,observations\2026-08-14\TRES-3\session_01\TRES-3260814063916.fits,TRES-3,2026-08-13T23:39:16.613-0700,2026-08-13,,Clear
CoRoT-2260816044002.fits,observations\2026-08-16\CoRoT-2\session_01\CoRoT-2260816044002.fits,CoRoT-2,2026-08-15T21:40:02.011-0700,2026-08-15,,Clear
CoRoT-2260816044215.fits,observations\2026-08-16\CoRoT-2\session_01\CoRoT-2260816044215.fits,CoRoT-2,2026-08-15T21:42:15.468-0700,2026-08-15,,Clear
CoRoT-2260816044515.fits,observations\2026-08-16\CoRoT-2\session_01\CoRoT-2260816044515.fits,CoRoT-2,2026-08-15T21:45:15.775-0700,2026-08-15,,Clear
CoRoT-2260816044815.fits,observations\2026-08-16\CoRoT-2\session_01\CoRoT-2260816044815.fits,CoRoT-2,2026-08-15T21:48:15.283-0700,2026-08-15,,Clear
CoRoT-2260816045115.fits,observations\2026-08-16\CoRoT-2\session_01\CoRoT-2260816045115.fits,CoRoT-2,2026-08-15T21:51:15.688-0700,2026-08-15,,Clear
CoRoT-2260816045416.fits,observations\2026-08-16\CoRoT-2\session_01\CoRoT-2260816045416.fits,CoRoT-2,2026-08-15T21:54:16.108-0700,2026-08-15,,Clear
CoRoT-2260816045716.fits,observations\2026-08-16\CoRoT-2\session_01\CoRoT-2260816045716.fits,CoRoT-2,2026-08-15T21:57:16.545-0700,2026-08-15,,Clear
CoRoT-2260816050015.fits,observations\2026-08-16\CoRoT-2\session_01\CoRoT-2260816050015.fits,CoRoT-2,2026-08-15T22:00:15.986-0700,2026-08-15,,Clear
CoRoT-2260816050315.fits,observations\2026-08-16\CoRoT-2\session_01\CoRoT-2260816050315.fits,CoRoT-2,2026-08-15T22:03:15.395-0700,2026-08-15,,Clear
CoRoT-2260816050615.fits,observations\2026-08-16\CoRoT-2\session_01\CoRoT-2260816050615.fits,CoRoT-2,2026-08-15T22:06:15.900-0700,2026-08-15,,Clear
CoRoT-2260816050915.fits,observations\2026-08-16\CoRoT-2\session_01\CoRoT-2260816050915.fits,CoRoT-2,2026-08-15T22:09:15.402-0700,2026-08-15,,Clear
CoRoT-2260816051215.fits,observations\2026-08-16\CoRoT-2\session_01\CoRoT-2260816051215.fits,CoRoT-2,2026-08-15T22:12:15.864-0700,2026-08-15,,Clear
CoRoT-2260816051515.fits,observations\2026-08-16\CoRoT-2\session_01\CoRoT-2260816051515.fits,CoRoT-2,2026-08-15T22:15:15.254-0700,2026-08-15,,Clear
CoRoT-2260816051815.fits,observations\2026-08-16\CoRoT-2\session_01\CoRoT-2260816051815.fits,CoRoT-2,2026-08-15T22:18:15.812-0700,2026-08-15,,Clear
CoRoT-2260816052115.fits,observations\2026-08-16\CoRoT-2\session_01\CoRoT-2260816052115.fits,CoRoT-2,2026-08-15T22:21:15.229-0700,2026-08-15,,Clear
CoRoT-2260816052415.fits,observations\2026-08-16\CoRoT-2\session_01\CoRoT-2260816052415.fits,CoRoT-2,2026-08-15T22:24:15.686-0700,2026-08-15,,Clear
CoRoT-2260816053015.fits,observations\2026-08-16\CoRoT-2\session_01\CoRoT-2260816053015.fits,CoRoT-2,2026-08-15T22:30:15.673-0700,2026-08-15,,Clear
CoRoT-2260816053316.fits,observations\2026-08-16\CoRoT-2\session_01\CoRoT-2260816053316.fits,CoRoT-2,2026-08-15T22:33:16.090-0700,2026-08-15,,Clear
CoRoT-2260816053616.fits,observations\2026-08-16\CoRoT-2\session_01\CoRoT-2260816053616.fits,CoRoT-2,2026-08-15T22:36:16.577-0700,2026-08-15,,Clear
CoRoT-2260816053916.fits,observations\2026-08-16\CoRoT-2\session_01\CoRoT-2260816053916.fits,CoRoT-2,2026-08-15T22:39:16.083-0700,2026-08-15,,Clear
CoRoT-2260816054215.fits,observations\2026-08-16\CoRoT-2\session_01\CoRoT-2260816054215.fits,CoRoT-2,2026-08-15T22:42:15.501-0700,2026-08-15,,Clear
CoRoT-2260816054515.fits,observations\2026-08-16\CoRoT-2\session_01\CoRoT-2260816054515.fits,CoRoT-2,2026-08-15T22:45:15.974-0700,2026-08-15,,Clear
CoRoT-2260816054815.fits,observations\2026-08-16\CoRoT-2\session_01\CoRoT-2260816054815.fits,CoRoT-2,2026-08-15T22:48:15.419-0700,2026-08-15,,Clear
CoRoT-2260816055115.fits,observations\2026-08-16\CoRoT-2\session_01\CoRoT-2260816055115.fits,CoRoT-2,2026-08-15T22:51:15.915-0700,2026-08-15,,Clear
CoRoT-2260816055415.fits,observations\2026-08-16\CoRoT-2\session_01\CoRoT-2260816055415.fits,CoRoT-2,2026-08-15T22:54:15.383-0700,2026-08-15,,Clear
CoRoT-2260816055715.fits,observations\2026-08-16\CoRoT-2\session_01\CoRoT-2260816055715.fits,CoRoT-2,2026-08-15T22:57:15.987-0700,2026-08-15,,Clear
CoRoT-2260816060015.fits,observations\2026-08-16\CoRoT-2\session_01\CoRoT-2260816060015.fits,CoRoT-2,2026-08-15T23:00:15.422-0700,2026-08-15,,Clear
CoRoT-2260816060315.fits,observations\2026-08-16\CoRoT-2\session_01\CoRoT-2260816060315.fits,CoRoT-2,2026-08-15T23:03:15.815-0700,2026-08-15,,Clear
CoRoT-2260816060616.fits,observations\2026-08-16\CoRoT-2\session_01\CoRoT-2260816060616.fits,CoRoT-2,2026-08-15T23:06:16.120-0700,2026-08-15,,Clear
CoRoT-2260816060915.fits,observations\2026-08-16\CoRoT-2\session_01\CoRoT-2260816060915.fits,CoRoT-2,2026-08-15T23:09:15.524-0700,2026-08-15,,Clear
CoRoT-2260816061215.fits,observations\2026-08-16\CoRoT-2\session_01\CoRoT-2260816061215.fits,CoRoT-2,2026-08-15T23:12:15.893-0700,2026-08-15,,Clear
CoRoT-2260816061515.fits,observations\2026-08-16\CoRoT-2\session_01\CoRoT-2260816061515.fits,CoRoT-2,2026-08-15T23:15:15.326-0700,2026-08-15,,Clear
CoRoT-2260816061815.fits,observations\2026-08-16\CoRoT-2\session_01\CoRoT-2260816061815.fits,CoRoT-2,2026-08-15T23:18:15.764-0700,2026-08-15,,Clear
CoRoT-2260816062116.fits,observations\2026-08-16\CoRoT-2\session_01\CoRoT-2260816062116.fits,CoRoT-2,2026-08-15T23:21:16.107-0700,2026-08-15,,Clear
CoRoT-2260816062415.fits,observations\2026-08-16\CoRoT-2\session_01\CoRoT-2260816062415.fits,CoRoT-2,2026-08-15T23:24:15.532-0700,2026-08-15,,Clear
CoRoT-2260816062715.fits,observations\2026-08-16\CoRoT-2\session_01\CoRoT-2260816062715.fits,CoRoT-2,2026-08-15T23:27:15.956-0700,2026-08-15,,Clear
CoRoT-2260816063015.fits,observations\2026-08-16\CoRoT-2\session_01\CoRoT-2260816063015.fits,CoRoT-2,2026-08-15T23:30:15.330-0700,2026-08-15,,Clear
CoRoT-2260816063315.fits,observations\2026-08-16\CoRoT-2\session_01\CoRoT-2260816063315.fits,CoRoT-2,2026-08-15T23:33:15.659-0700,2026-08-15,,Clear
CoRoT-2260816063616.fits,observations\2026-08-16\CoRoT-2\session_01\CoRoT-2260816063616.fits,CoRoT-2,2026-08-15T23:36:16.066-0700,2026-08-15,,Clear
CoRoT-2260816063915.fits,observations\2026-08-16\CoRoT-2\session_01\CoRoT-2260816063915.fits,CoRoT-2,2026-08-15T23:39:15.623-0700,2026-08-15,,Clear
CoRoT-2260816064216.fits,observations\2026-08-16\CoRoT-2\session_01\CoRoT-2260816064216.fits,CoRoT-2,2026-08-15T23:42:16.067-0700,2026-08-15,,Clear
CoRoT-2260816064515.fits,observations\2026-08-16\CoRoT-2\session_01\CoRoT-2260816064515.fits,CoRoT-2,2026-08-15T23:45:15.449-0700,2026-08-15,,Clear
CoRoT-2260816064815.fits,observations\2026-08-16\CoRoT-2\session_01\CoRoT-2260816064815.fits,CoRoT-2,2026-08-15T23:48:15.770-0700,2026-08-15,,Clear
CoRoT-2260816065115.fits,observations\2026-08-16\CoRoT-2\session_01\CoRoT-2260816065115.fits,CoRoT-2,2026-08-15T23:51:15.163-0700,2026-08-15,,Clear
CoRoT-2260816065415.fits,observations\2026-08-16\CoRoT-2\session_01\CoRoT-2260816065415.fits,CoRoT-2,2026-08-15T23:54:15.511-0700,2026-08-15,,Clear
CoRoT-2260816065716.fits,observations\2026-08-16\CoRoT-2\session_01\CoRoT-2260816065716.fits,CoRoT-2,2026-08-15T23:57:16.031-0700,2026-08-15,,Clear
CoRoT-2260816070015.fits,observations\2026-08-16\CoRoT-2\session_01\CoRoT-2260816070015.fits,CoRoT-2,2026-08-16T00:00:15.371-0700,2026-08-16,,Clear
CoRoT-2260816070315.fits,observations\2026-08-16\CoRoT-2\session_01\CoRoT-2260816070315.fits,CoRoT-2,2026-08-16T00:03:15.757-0700,2026-08-16,,Clear
CoRoT-2260816070615.fits,observations\2026-08-16\CoRoT-2\session_01\CoRoT-2260816070615.fits,CoRoT-2,2026-08-16T00:06:15.150-0700,2026-08-16,,Clear
CoRoT-2260816070916.fits,observations\2026-08-16\CoRoT-2\session_01\CoRoT-2260816070916.fits,CoRoT-2,2026-08-16T00:09:16.628-0700,2026-08-16,,Clear
CoRoT-2260816071216.fits,observations\2026-08-16\CoRoT-2\session_01\CoRoT-2260816071216.fits,CoRoT-2,2026-08-16T00:12:16.056-0700,2026-08-16,,Clear
CoRoT-2260816071515.fits,observations\2026-08-16\CoRoT-2\session_01\CoRoT-2260816071515.fits,CoRoT-2,2026-08-16T00:15:15.401-0700,2026-08-16,,Clear
CoRoT-2260816071815.fits,observations\2026-08-16\CoRoT-2\session_01\CoRoT-2260816071815.fits,CoRoT-2,2026-08-16T00:18:15.816-0700,2026-08-16,,Clear
CoRoT-2260816072115.fits,observations\2026-08-16\CoRoT-2\session_01\CoRoT-2260816072115.fits,CoRoT-2,2026-08-16T00:21:15.147-0700,2026-08-16,,Clear
CoRoT-2260816072416.fits,observations\2026-08-16\CoRoT-2\session_01\CoRoT-2260816072416.fits,CoRoT-2,2026-08-16T00:24:16.605-0700,2026-08-16,,Clear
CoRoT-2260816072715.fits,observations\2026-08-16\CoRoT-2\session_01\CoRoT-2260816072715.fits,CoRoT-2,2026-08-16T00:27:15.282-0700,2026-08-16,,Clear
CoRoT-2260816073015.fits,observations\2026-08-16\CoRoT-2\session_01\CoRoT-2260816073015.fits,CoRoT-2,2026-08-16T00:30:15.826-0700,2026-08-16,,Clear
CoRoT-2260816073316.fits,observations\2026-08-16\CoRoT-2\session_01\CoRoT-2260816073316.fits,CoRoT-2,2026-08-16T00:33:16.349-0700,2026-08-16,,Clear
CoRoT-2260816073615.fits,observations\2026-08-16\CoRoT-2\session_01\CoRoT-2260816073615.fits,CoRoT-2,2026-08-16T00:36:15.829-0700,2026-08-16,,Clear
CoRoT-2260816073915.fits,observations\2026-08-16\CoRoT-2\session_01\CoRoT-2260816073915.fits,CoRoT-2,2026-08-16T00:39:15.257-0700,2026-08-16,,Clear
CoRoT-2260816074215.fits,observations\2026-08-16\CoRoT-2\session_01\CoRoT-2260816074215.fits,CoRoT-2,2026-08-16T00:42:15.656-0700,2026-08-16,,Clear
CoRoT-2260816074516.fits,observations\2026-08-16\CoRoT-2\session_01\CoRoT-2260816074516.fits,CoRoT-2,2026-08-16T00:45:16.046-0700,2026-08-16,,Clear
CoRoT-2260816074816.fits,observations\2026-08-16\CoRoT-2\session_01\CoRoT-2260816074816.fits,CoRoT-2,2026-08-16T00:48:16.542-0700,2026-08-16,,Clear
CoRoT-2260816075115.fits,observations\2026-08-16\CoRoT-2\session_01\CoRoT-2260816075115.fits,CoRoT-2,2026-08-16T00:51:15.944-0700,2026-08-16,,Clear
CoRoT-2260816075415.fits,observations\2026-08-16\CoRoT-2\session_01\CoRoT-2260816075415.fits,CoRoT-2,2026-08-16T00:54:15.477-0700,2026-08-16,,Clear
CoRoT-2260816075715.fits,observations\2026-08-16\CoRoT-2\session_01\CoRoT-2260816075715.fits,CoRoT-2,2026-08-16T00:57:15.914-0700,2026-08-16,,Clear
CoRoT-2260816080015.fits,observations\2026-08-16\CoRoT-2\session_01\CoRoT-2260816080015.fits,CoRoT-2,2026-08-16T01:00:15.413-0700,2026-08-16,,Clear
CoRoT-2260816080316.fits,observations\2026-08-16\CoRoT-2\session_01\CoRoT-2260816080316.fits,CoRoT-2,2026-08-16T01:03:16.824-0700,2026-08-16,,Clear
CoRoT-2260816080615.fits,observations\2026-08-16\CoRoT-2\session_01\CoRoT-2260816080615.fits,CoRoT-2,2026-08-16T01:06:15.168-0700,2026-08-16,,Clear
CoRoT-2260816080915.fits,observations\2026-08-16\CoRoT-2\session_01\CoRoT-2260816080915.fits,CoRoT-2,2026-08-16T01:09:15.561-0700,2026-08-16,,Clear
CoRoT-2260816081216.fits,observations\2026-08-16\CoRoT-2\session_01\CoRoT-2260816081216.fits,CoRoT-2,2026-08-16T01:12:16.062-0700,2026-08-16,,Clear
CoRoT-2260816081515.fits,observations\2026-08-16\CoRoT-2\session_01\CoRoT-2260816081515.fits,CoRoT-2,2026-08-16T01:15:15.404-0700,2026-08-16,,Clear
CoRoT-2260816081815.fits,observations\2026-08-16\CoRoT-2\session_01\CoRoT-2260816081815.fits,CoRoT-2,2026-08-16T01:18:15.993-0700,2026-08-16,,Clear
CoRoT-2260816082115.fits,observations\2026-08-16\CoRoT-2\session_01\CoRoT-2260816082115.fits,CoRoT-2,2026-08-16T01:21:15.442-0700,2026-08-16,,Clear
CoRoT-2260816082415.fits,observations\2026-08-16\CoRoT-2\session_01\CoRoT-2260816082415.fits,CoRoT-2,2026-08-16T01:24:15.996-0700,2026-08-16,,Clear
CoRoT-2260816082715.fits,observations\2026-08-16\CoRoT-2\session_01\CoRoT-2260816082715.fits,CoRoT-2,2026-08-16T01:27:15.438-0700,2026-08-16,,Clear
CoRoT-2260816083015.fits,observations\2026-08-16\CoRoT-2\session_01\CoRoT-2260816083015.fits,CoRoT-2,2026-08-16T01:30:15.910-0700,2026-08-16,,Clear
CoRoT-2260816083316.fits,observations\2026-08-16\CoRoT-2\session_01\CoRoT-2260816083316.fits,CoRoT-2,2026-08-16T01:33:16.350-0700,2026-08-16,,Clear
CoRoT-2260816083615.fits,observations\2026-08-16\CoRoT-2\session_01\CoRoT-2260816083615.fits,CoRoT-2,2026-08-16T01:36:15.745-0700,2026-08-16,,Clear
CoRoT-2260816083915.fits,observations\2026-08-16\CoRoT-2\session_01\CoRoT-2260816083915.fits,CoRoT-2,2026-08-16T01:39:15.255-0700,2026-08-16,,Clear
CoRoT-2260816084215.fits,observations\2026-08-16\CoRoT-2\session_01\CoRoT-2260816084215.fits,CoRoT-2,2026-08-16T01:42:15.763-0700,2026-08-16,,Clear
CoRoT-2260816084517.fits,observations\2026-08-16\CoRoT-2\session_01\CoRoT-2260816084517.fits,CoRoT-2,2026-08-16T01:45:17.089-0700,2026-08-16,,Clear
CoRoT-2260816084816.fits,observations\2026-08-16\CoRoT-2\session_01\CoRoT-2260816084816.fits,CoRoT-2,2026-08-16T01:48:16.621-0700,2026-08-16,,Clear
CoRoT-2260816085116.fits,observations\2026-08-16\CoRoT-2\session_01\CoRoT-2260816085116.fits,CoRoT-2,2026-08-16T01:51:16.079-0700,2026-08-16,,Clear
CoRoT-2260816085415.fits,observations\2026-08-16\CoRoT-2\session_01\CoRoT-2260816085415.fits,CoRoT-2,2026-08-16T01:54:15.442-0700,2026-08-16,,Clear
CoRoT-2260816085715.fits,observations\2026-08-16\CoRoT-2\session_01\CoRoT-2260816085715.fits,CoRoT-2,2026-08-16T01:57:15.925-0700,2026-08-16,,Clear
TRES-5260817091750.fits,observations\2026-08-17\TRES-5\session_01\TRES-5260817091750.fits,TRES-5,2026-08-17T02:17:50.399-0700,2026-08-17,,Clear
TRES-5260817092423.fits,observations\2026-08-17\TRES-5\session_01\TRES-5260817092423.fits,TRES-5,2026-08-17T02:24:23.429-0700,2026-08-17,,Clear
TRES-5260817092606.fits,observations\2026-08-17\TRES-5\session_01\TRES-5260817092606.fits,TRES-5,2026-08-17T02:26:06.717-0700,2026-08-17,,Clear
TRES-5260817093238.fits,observations\2026-08-17\TRES-5\session_01\TRES-5260817093238.fits,TRES-5,2026-08-17T02:32:38.686-0700,2026-08-17,,Clear
TRES-5260817093730.fits,observations\2026-08-17\TRES-5\session_01\TRES-5260817093730.fits,TRES-5,2026-08-17T02:37:30.855-0700,2026-08-17,,Clear
TRES-5260817093914.fits,observations\2026-08-17\TRES-5\session_01\TRES-5260817093914.fits,TRES-5,2026-08-17T02:39:14.112-0700,2026-08-17,,Clear
TRES-5260817094059.fits,observations\2026-08-17\TRES-5\session_01\TRES-5260817094059.fits,TRES-5,2026-08-17T02:40:59.288-0700,2026-08-17,,Clear
TRES-5260817094242.fits,observations\2026-08-17\TRES-5\session_01\TRES-5260817094242.fits,TRES-5,2026-08-17T02:42:42.458-0700,2026-08-17,,Clear
TRES-5260817094427.fits,observations\2026-08-17\TRES-5\session_01\TRES-5260817094427.fits,TRES-5,2026-08-17T02:44:27.649-0700,2026-08-17,,Clear
TRES-5260817094610.fits,observations\2026-08-17\TRES-5\session_01\TRES-5260817094610.fits,TRES-5,2026-08-17T02:46:10.829-0700,2026-08-17,,Clear
TRES-5260817094753.fits,observations\2026-08-17\TRES-5\session_01\TRES-5260817094753.fits,TRES-5,2026-08-17T02:47:53.996-0700,2026-08-17,,Clear
TRES-5260817094938.fits,observations\2026-08-17\TRES-5\session_01\TRES-5260817094938.fits,TRES-5,2026-08-17T02:49:38.113-0700,2026-08-17,,Clear
TRES-5260817095122.fits,observations\2026-08-17\TRES-5\session_01\TRES-5260817095122.fits,TRES-5,2026-08-17T02:51:22.291-0700,2026-08-17,,Clear
TRES-5260817095415.fits,observations\2026-08-17\TRES-5\session_01\TRES-5260817095415.fits,TRES-5,2026-08-17T02:54:15.561-0700,2026-08-17,,Clear
TRES-5260817095716.fits,observations\2026-08-17\TRES-5\session_01\TRES-5260817095716.fits,TRES-5,2026-08-17T02:57:16.047-0700,2026-08-17,,Clear
TRES-5260817100015.fits,observations\2026-08-17\TRES-5\session_01\TRES-5260817100015.fits,TRES-5,2026-08-17T03:00:15.435-0700,2026-08-17,,Clear
TRES-5260817100315.fits,observations\2026-08-17\TRES-5\session_01\TRES-5260817100315.fits,TRES-5,2026-08-17T03:03:15.829-0700,2026-08-17,,Clear
TRES-5260817100616.fits,observations\2026-08-17\TRES-5\session_01\TRES-5260817100616.fits,TRES-5,2026-08-17T03:06:16.073-0700,2026-08-17,,Clear
TRES-5260817100915.fits,observations\2026-08-17\TRES-5\session_01\TRES-5260817100915.fits,TRES-5,2026-08-17T03:09:15.603-0700,2026-08-17,,Clear
TRES-5260817101216.fits,observations\2026-08-17\TRES-5\session_01\TRES-5260817101216.fits,TRES-5,2026-08-17T03:12:16.977-0700,2026-08-17,,Clear
TRES-5260817101515.fits,observations\2026-08-17\TRES-5\session_01\TRES-5260817101515.fits,TRES-5,2026-08-17T03:15:15.269-0700,2026-08-17,,Clear
TRES-5260817101815.fits,observations\2026-08-17\TRES-5\session_01\TRES-5260817101815.fits,TRES-5,2026-08-17T03:18:15.662-0700,2026-08-17,,Clear
TRES-5260817102116.fits,observations\2026-08-17\TRES-5\session_01\TRES-5260817102116.fits,TRES-5,2026-08-17T03:21:16.069-0700,2026-08-17,,Clear
TRES-5260817102415.fits,observations\2026-08-17\TRES-5\session_01\TRES-5260817102415.fits,TRES-5,2026-08-17T03:24:15.511-0700,2026-08-17,,Clear
TRES-5260817102715.fits,observations\2026-08-17\TRES-5\session_01\TRES-5260817102715.fits,TRES-5,2026-08-17T03:27:15.746-0700,2026-08-17,,Clear
TRES-5260817103015.fits,observations\2026-08-17\TRES-5\session_01\TRES-5260817103015.fits,TRES-5,2026-08-17T03:30:15.192-0700,2026-08-17,,Clear
TRES-5260817103316.fits,observations\2026-08-17\TRES-5\session_01\TRES-5260817103316.fits,TRES-5,2026-08-17T03:33:16.611-0700,2026-08-17,,Clear
TRES-5260817103616.fits,observations\2026-08-17\TRES-5\session_01\TRES-5260817103616.fits,TRES-5,2026-08-17T03:36:16.255-0700,2026-08-17,,Clear
TRES-5260817103915.fits,observations\2026-08-17\TRES-5\session_01\TRES-5260817103915.fits,TRES-5,2026-08-17T03:39:15.707-0700,2026-08-17,,Clear
TRES-5260817104216.fits,observations\2026-08-17\TRES-5\session_01\TRES-5260817104216.fits,TRES-5,2026-08-17T03:42:16.150-0700,2026-08-17,,Clear
TRES-5260817104515.fits,observations\2026-08-17\TRES-5\session_01\TRES-5260817104515.fits,TRES-5,2026-08-17T03:45:15.653-0700,2026-08-17,,Clear
TRES-5260817104815.fits,observations\2026-08-17\TRES-5\session_01\TRES-5260817104815.fits,TRES-5,2026-08-17T03:48:15.985-0700,2026-08-17,,Clear
TRES-5260817105115.fits,observations\2026-08-17\TRES-5\session_01\TRES-5260817105115.fits,TRES-5,2026-08-17T03:51:15.347-0700,2026-08-17,,Clear
TRES-5260817105415.fits,observations\2026-08-17\TRES-5\session_01\TRES-5260817105415.fits,TRES-5,2026-08-17T03:54:15.761-0700,2026-08-17,,Clear
TRES-5260817105715.fits,observations\2026-08-17\TRES-5\session_01\TRES-5260817105715.fits,TRES-5,2026-08-17T03:57:15.255-0700,2026-08-17,,Clear
TRES-5260817110015.fits,observations\2026-08-17\TRES-5\session_01\TRES-5260817110015.fits,TRES-5,2026-08-17T04:00:15.837-0700,2026-08-17,,Clear
TRES-5260817110315.fits,observations\2026-08-17\TRES-5\session_01\TRES-5260817110315.fits,TRES-5,2026-08-17T04:03:15.195-0700,2026-08-17,,Clear
TRES-5260817110616.fits,observations\2026-08-17\TRES-5\session_01\TRES-5260817110616.fits,TRES-5,2026-08-17T04:06:16.522-0700,2026-08-17,,Clear
TRES-5260817110915.fits,observations\2026-08-17\TRES-5\session_01\TRES-5260817110915.fits,TRES-5,2026-08-17T04:09:15.850-0700,2026-08-17,,Clear
TRES-5260817111215.fits,observations\2026-08-17\TRES-5\session_01\TRES-5260817111215.fits,TRES-5,2026-08-17T04:12:15.211-0700,2026-08-17,,Clear
TRES-5260817111515.fits,observations\2026-08-17\TRES-5\session_01\TRES-5260817111515.fits,TRES-5,2026-08-17T04:15:15.713-0700,2026-08-17,,Clear
TRES-5260817111815.fits,observations\2026-08-17\TRES-5\session_01\TRES-5260817111815.fits,TRES-5,2026-08-17T04:18:15.268-0700,2026-08-17,,Clear
TRES-5260817112115.fits,observations\2026-08-17\TRES-5\session_01\TRES-5260817112115.fits,TRES-5,2026-08-17T04:21:15.600-0700,2026-08-17,,Clear
TRES-5260817112416.fits,observations\2026-08-17\TRES-5\session_01\TRES-5260817112416.fits,TRES-5,2026-08-17T04:24:16.967-0700,2026-08-17,,Clear
TRES-5260817112715.fits,observations\2026-08-17\TRES-5\session_01\TRES-5260817112715.fits,TRES-5,2026-08-17T04:27:15.257-0700,2026-08-17,,Clear
TRES-5260817113015.fits,observations\2026-08-17\TRES-5\session_01\TRES-5260817113015.fits,TRES-5,2026-08-17T04:30:15.588-0700,2026-08-17,,Clear
TRES-5260817113315.fits,observations\2026-08-17\TRES-5\session_01\TRES-5260817113315.fits,TRES-5,2026-08-17T04:33:15.936-0700,2026-08-17,,Clear
TRES-5260817113615.fits,observations\2026-08-17\TRES-5\session_01\TRES-5260817113615.fits,TRES-5,2026-08-17T04:36:15.345-0700,2026-08-17,,Clear
TRES-5260817113915.fits,observations\2026-08-17\TRES-5\session_01\TRES-5260817113915.fits,TRES-5,2026-08-17T04:39:15.697-0700,2026-08-17,,Clear
TRES-5260817114216.fits,observations\2026-08-17\TRES-5\session_01\TRES-5260817114216.fits,TRES-5,2026-08-17T04:42:16.076-0700,2026-08-17,,Clear
TRES-5260817114516.fits,observations\2026-08-17\TRES-5\session_01\TRES-5260817114516.fits,TRES-5,2026-08-17T04:45:16.424-0700,2026-08-17,,Clear
TRES-5260817114815.fits,observations\2026-08-17\TRES-5\session_01\TRES-5260817114815.fits,TRES-5,2026-08-17T04:48:15.753-0700,2026-08-17,,Clear
TRES-5260817115116.fits,observations\2026-08-17\TRES-5\session_01\TRES-5260817115116.fits,TRES-5,2026-08-17T04:51:16.048-0700,2026-08-17,,Clear
TRES-5260817115416.fits,observations\2026-08-17\TRES-5\session_01\TRES-5260817115416.fits,TRES-5,2026-08-17T04:54:16.357-0700,2026-08-17,,Clear
TRES-5260817120203.fits,observations\2026-08-17\TRES-5\session_01\TRES-5260817120203.fits,TRES-5,2026-08-17T05:02:03.628-0700,2026-08-17,,Clear
TRES-5260817120952.fits,observations\2026-08-17\TRES-5\session_01\TRES-5260817120952.fits,TRES-5,2026-08-17T05:09:52.861-0700,2026-08-17,,Clear
TRES-5260817121746.fits,observations\2026-08-17\TRES-5\session_01\TRES-5260817121746.fits,TRES-5,2026-08-17T05:17:46.115-0700,2026-08-17,,Clear
TRES-5260817122550.fits,observations\2026-08-17\TRES-5\session_01\TRES-5260817122550.fits,TRES-5,2026-08-17T05:25:50.578-0700,2026-08-17,,Clear
TRES-5260817123344.fits,observations\2026-08-17\TRES-5\session_01\TRES-5260817123344.fits,TRES-5,2026-08-17T05:33:44.687-0700,2026-08-17,,Clear
TRES-5260817124139.fits,observations\2026-08-17\TRES-5\session_01\TRES-5260817124139.fits,TRES-5,2026-08-17T05:41:39.936-0700,2026-08-17,,Clear
TRES-5260817124936.fits,observations\2026-08-17\TRES-5\session_01\TRES-5260817124936.fits,TRES-5,2026-08-17T05:49:36.210-0700,2026-08-17,,Clear
TRES-5260817125735.fits,observations\2026-08-17\TRES-5\session_01\TRES-5260817125735.fits,TRES-5,2026-08-17T05:57:35.450-0700,2026-08-17,,Clear
TRES-5260817130536.fits,observations\2026-08-17\TRES-5\session_01\TRES-5260817130536.fits,TRES-5,2026-08-17T06:05:36.720-0700,2026-08-17,,Clear
TRES-5260817131349.fits,observations\2026-08-17\TRES-5\session_01\TRES-5260817131349.fits,TRES-5,2026-08-17T06:13:49.133-0700,2026-08-17,,Clear
TRES-5260817132155.fits,observations\2026-08-17\TRES-5\session_01\TRES-5260817132155.fits,TRES-5,2026-08-17T06:21:55.480-0700,2026-08-17,,Clear
TRES-5260817133002.fits,observations\2026-08-17\TRES-5\session_01\TRES-5260817133002.fits,TRES-5,2026-08-17T06:30:02.844-0700,2026-08-17,,Clear
TRES-5260817133809.fits,observations\2026-08-17\TRES-5\session_01\TRES-5260817133809.fits,TRES-5,2026-08-17T06:38:09.219-0700,2026-08-17,,Clear
TRES-5260817134616.fits,observations\2026-08-17\TRES-5\session_01\TRES-5260817134616.fits,TRES-5,2026-08-17T06:46:16.600-0700,2026-08-17,,Clear
TRES-5260817135425.fits,observations\2026-08-17\TRES-5\session_01\TRES-5260817135425.fits,TRES-5,2026-08-17T06:54:25.968-0700,2026-08-17,,Clear
TRES-5260817140233.fits,observations\2026-08-17\TRES-5\session_01\TRES-5260817140233.fits,TRES-5,2026-08-17T07:02:33.347-0700,2026-08-17,,Clear
TRES-5260817140932.fits,observations\2026-08-17\TRES-5\session_01\TRES-5260817140932.fits,TRES-5,2026-08-17T07:09:32.823-0700,2026-08-17,,Clear
TRES-5260817141136.fits,observations\2026-08-17\TRES-5\session_01\TRES-5260817141136.fits,TRES-5,2026-08-17T07:11:36.339-0700,2026-08-17,,Clear
TRES-5260817141952.fits,observations\2026-08-17\TRES-5\session_01\TRES-5260817141952.fits,TRES-5,2026-08-17T07:19:52.723-0700,2026-08-17,,Clear
TRES-5260817142801.fits,observations\2026-08-17\TRES-5\session_01\TRES-5260817142801.fits,TRES-5,2026-08-17T07:28:01.998-0700,2026-08-17,,Clear
Qatar-1260818082449.fits,observations\2026-08-18\Qatar-1\session_01\Qatar-1260818082449.fits,Qatar-1,2026-08-18T01:24:49.906-0700,2026-08-18,,Clear
Qatar-1260818082715.fits,observations\2026-08-18\Qatar-1\session_01\Qatar-1260818082715.fits,Qatar-1,2026-08-18T01:27:15.461-0700,2026-08-18,,Clear
Qatar-1260818083016.fits,observations\2026-08-18\Qatar-1\session_01\Qatar-1260818083016.fits,Qatar-1,2026-08-18T01:30:16.788-0700,2026-08-18,,Clear
Qatar-1260818083316.fits,observations\2026-08-18\Qatar-1\session_01\Qatar-1260818083316.fits,Qatar-1,2026-08-18T01:33:16.158-0700,2026-08-18,,Clear
Qatar-1260818083615.fits,observations\2026-08-18\Qatar-1\session_01\Qatar-1260818083615.fits,Qatar-1,2026-08-18T01:36:15.528-0700,2026-08-18,,Clear
Qatar-1260818083916.fits,observations\2026-08-18\Qatar-1\session_01\Qatar-1260818083916.fits,Qatar-1,2026-08-18T01:39:16.942-0700,2026-08-18,,Clear
Qatar-1260818084215.fits,observations\2026-08-18\Qatar-1\session_01\Qatar-1260818084215.fits,Qatar-1,2026-08-18T01:42:15.374-0700,2026-08-18,,Clear
Qatar-1260818084515.fits,observations\2026-08-18\Qatar-1\session_01\Qatar-1260818084515.fits,Qatar-1,2026-08-18T01:45:15.732-0700,2026-08-18,,Clear
Qatar-1260818084815.fits,observations\2026-08-18\Qatar-1\session_01\Qatar-1260818084815.fits,Qatar-1,2026-08-18T01:48:15.174-0700,2026-08-18,,Clear
Qatar-1260818085115.fits,observations\2026-08-18\Qatar-1\session_01\Qatar-1260818085115.fits,Qatar-1,2026-08-18T01:51:15.476-0700,2026-08-18,,Clear
Qatar-1260818085415.fits,observations\2026-08-18\Qatar-1\session_01\Qatar-1260818085415.fits,Qatar-1,2026-08-18T01:54:15.830-0700,2026-08-18,,Clear
Qatar-1260818085716.fits,observations\2026-08-18\Qatar-1\session_01\Qatar-1260818085716.fits,Qatar-1,2026-08-18T01:57:16.249-0700,2026-08-18,,Clear
Qatar-1260818090016.fits,observations\2026-08-18\Qatar-1\session_01\Qatar-1260818090016.fits,Qatar-1,2026-08-18T02:00:16.671-0700,2026-08-18,,Clear
Qatar-1260818090316.fits,observations\2026-08-18\Qatar-1\session_01\Qatar-1260818090316.fits,Qatar-1,2026-08-18T02:03:16.918-0700,2026-08-18,,Clear
Qatar-1260818090615.fits,observations\2026-08-18\Qatar-1\session_01\Qatar-1260818090615.fits,Qatar-1,2026-08-18T02:06:15.169-0700,2026-08-18,,Clear
Qatar-1260818090915.fits,observations\2026-08-18\Qatar-1\session_01\Qatar-1260818090915.fits,Qatar-1,2026-08-18T02:09:15.591-0700,2026-08-18,,Clear
Qatar-1260818091215.fits,observations\2026-08-18\Qatar-1\session_01\Qatar-1260818091215.fits,Qatar-1,2026-08-18T02:12:15.971-0700,2026-08-18,,Clear
Qatar-1260818091515.fits,observations\2026-08-18\Qatar-1\session_01\Qatar-1260818091515.fits,Qatar-1,2026-08-18T02:15:15.198-0700,2026-08-18,,Clear
Qatar-1260818091816.fits,observations\2026-08-18\Qatar-1\session_01\Qatar-1260818091816.fits,Qatar-1,2026-08-18T02:18:16.537-0700,2026-08-18,,Clear
Qatar-1260818092117.fits,observations\2026-08-18\Qatar-1\session_01\Qatar-1260818092117.fits,Qatar-1,2026-08-18T02:21:17.011-0700,2026-08-18,,Clear
Qatar-1260818092415.fits,observations\2026-08-18\Qatar-1\session_01\Qatar-1260818092415.fits,Qatar-1,2026-08-18T02:24:15.300-0700,2026-08-18,,Clear
Qatar-1260818092715.fits,observations\2026-08-18\Qatar-1\session_01\Qatar-1260818092715.fits,Qatar-1,2026-08-18T02:27:15.667-0700,2026-08-18,,Clear
Qatar-1260818093015.fits,observations\2026-08-18\Qatar-1\session_01\Qatar-1260818093015.fits,Qatar-1,2026-08-18T02:30:15.977-0700,2026-08-18,,Clear
Qatar-1260818093316.fits,observations\2026-08-18\Qatar-1\session_01\Qatar-1260818093316.fits,Qatar-1,2026-08-18T02:33:16.341-0700,2026-08-18,,Clear
Qatar-1260818093615.fits,observations\2026-08-18\Qatar-1\session_01\Qatar-1260818093615.fits,Qatar-1,2026-08-18T02:36:15.845-0700,2026-08-18,,Clear
Qatar-1260818093916.fits,observations\2026-08-18\Qatar-1\session_01\Qatar-1260818093916.fits,Qatar-1,2026-08-18T02:39:16.175-0700,2026-08-18,,Clear
Qatar-1260818094216.fits,observations\2026-08-18\Qatar-1\session_01\Qatar-1260818094216.fits,Qatar-1,2026-08-18T02:42:16.561-0700,2026-08-18,,Clear
Qatar-1260818094516.fits,observations\2026-08-18\Qatar-1\session_01\Qatar-1260818094516.fits,Qatar-1,2026-08-18T02:45:16.032-0700,2026-08-18,,Clear
Qatar-1260818094815.fits,observations\2026-08-18\Qatar-1\session_01\Qatar-1260818094815.fits,Qatar-1,2026-08-18T02:48:15.299-0700,2026-08-18,,Clear
Qatar-1260818095116.fits,observations\2026-08-18\Qatar-1\session_01\Qatar-1260818095116.fits,Qatar-1,2026-08-18T02:51:16.638-0700,2026-08-18,,Clear
Qatar-1260818095416.fits,observations\2026-08-18\Qatar-1\session_01\Qatar-1260818095416.fits,Qatar-1,2026-08-18T02:54:16.034-0700,2026-08-18,,Clear
Qatar-1260818095715.fits,observations\2026-08-18\Qatar-1\session_01\Qatar-1260818095715.fits,Qatar-1,2026-08-18T02:57:15.381-0700,2026-08-18,,Clear
Qatar-1260818100015.fits,observations\2026-08-18\Qatar-1\session_01\Qatar-1260818100015.fits,Qatar-1,2026-08-18T03:00:15.797-0700,2026-08-18,,Clear
Qatar-1260818100315.fits,observations\2026-08-18\Qatar-1\session_01\Qatar-1260818100315.fits,Qatar-1,2026-08-18T03:03:15.243-0700,2026-08-18,,Clear
Qatar-1260818100616.fits,observations\2026-08-18\Qatar-1\session_01\Qatar-1260818100616.fits,Qatar-1,2026-08-18T03:06:16.554-0700,2026-08-18,,Clear
Qatar-1260818100915.fits,observations\2026-08-18\Qatar-1\session_01\Qatar-1260818100915.fits,Qatar-1,2026-08-18T03:09:15.930-0700,2026-08-18,,Clear
Qatar-1260818101215.fits,observations\2026-08-18\Qatar-1\session_01\Qatar-1260818101215.fits,Qatar-1,2026-08-18T03:12:15.259-0700,2026-08-18,,Clear
Qatar-1260818101515.fits,observations\2026-08-18\Qatar-1\session_01\Qatar-1260818101515.fits,Qatar-1,2026-08-18T03:15:15.654-0700,2026-08-18,,Clear
Qatar-1260818101817.fits,observations\2026-08-18\Qatar-1\session_01\Qatar-1260818101817.fits,Qatar-1,2026-08-18T03:18:17.049-0700,2026-08-18,,Clear
Qatar-1260818102115.fits,observations\2026-08-18\Qatar-1\session_01\Qatar-1260818102115.fits,Qatar-1,2026-08-18T03:21:15.414-0700,2026-08-18,,Clear
Qatar-1260818102415.fits,observations\2026-08-18\Qatar-1\session_01\Qatar-1260818102415.fits,Qatar-1,2026-08-18T03:24:15.801-0700,2026-08-18,,Clear
Qatar-1260818102716.fits,observations\2026-08-18\Qatar-1\session_01\Qatar-1260818102716.fits,Qatar-1,2026-08-18T03:27:16.223-0700,2026-08-18,,Clear
Qatar-1260818103015.fits,observations\2026-08-18\Qatar-1\session_01\Qatar-1260818103015.fits,Qatar-1,2026-08-18T03:30:15.814-0700,2026-08-18,,Clear
Qatar-1260818103315.fits,observations\2026-08-18\Qatar-1\session_01\Qatar-1260818103315.fits,Qatar-1,2026-08-18T03:33:15.292-0700,2026-08-18,,Clear
Qatar-1260818103615.fits,observations\2026-08-18\Qatar-1\session_01\Qatar-1260818103615.fits,Qatar-1,2026-08-18T03:36:15.674-0700,2026-08-18,,Clear
Qatar-1260818103916.fits,observations\2026-08-18\Qatar-1\session_01\Qatar-1260818103916.fits,Qatar-1,2026-08-18T03:39:16.084-0700,2026-08-18,,Clear
Qatar-1260818104216.fits,observations\2026-08-18\Qatar-1\session_01\Qatar-1260818104216.fits,Qatar-1,2026-08-18T03:42:16.433-0700,2026-08-18,,Clear
Qatar-1260818104515.fits,observations\2026-08-18\Qatar-1\session_01\Qatar-1260818104515.fits,Qatar-1,2026-08-18T03:45:15.777-0700,2026-08-18,,Clear
Qatar-1260818104815.fits,observations\2026-08-18\Qatar-1\session_01\Qatar-1260818104815.fits,Qatar-1,2026-08-18T03:48:15.250-0700,2026-08-18,,Clear
Qatar-1260818105115.fits,observations\2026-08-18\Qatar-1\session_01\Qatar-1260818105115.fits,Qatar-1,2026-08-18T03:51:15.620-0700,2026-08-18,,Clear
Qatar-1260818105415.fits,observations\2026-08-18\Qatar-1\session_01\Qatar-1260818105415.fits,Qatar-1,2026-08-18T03:54:15.852-0700,2026-08-18,,Clear
Qatar-1260818105715.fits,observations\2026-08-18\Qatar-1\session_01\Qatar-1260818105715.fits,Qatar-1,2026-08-18T03:57:15.254-0700,2026-08-18,,Clear
Qatar-1260818110015.fits,observations\2026-08-18\Qatar-1\session_01\Qatar-1260818110015.fits,Qatar-1,2026-08-18T04:00:15.648-0700,2026-08-18,,Clear
Qatar-1260818110316.fits,observations\2026-08-18\Qatar-1\session_01\Qatar-1260818110316.fits,Qatar-1,2026-08-18T04:03:16.063-0700,2026-08-18,,Clear
Qatar-1260818110615.fits,observations\2026-08-18\Qatar-1\session_01\Qatar-1260818110615.fits,Qatar-1,2026-08-18T04:06:15.572-0700,2026-08-18,,Clear
Qatar-1260818110917.fits,observations\2026-08-18\Qatar-1\session_01\Qatar-1260818110917.fits,Qatar-1,2026-08-18T04:09:17.023-0700,2026-08-18,,Clear
Qatar-1260818111215.fits,observations\2026-08-18\Qatar-1\session_01\Qatar-1260818111215.fits,Qatar-1,2026-08-18T04:12:15.445-0700,2026-08-18,,Clear
Qatar-1260818111516.fits,observations\2026-08-18\Qatar-1\session_01\Qatar-1260818111516.fits,Qatar-1,2026-08-18T04:15:16.800-0700,2026-08-18,,Clear
Qatar-1260818111816.fits,observations\2026-08-18\Qatar-1\session_01\Qatar-1260818111816.fits,Qatar-1,2026-08-18T04:18:16.265-0700,2026-08-18,,Clear
Qatar-1260818112115.fits,observations\2026-08-18\Qatar-1\session_01\Qatar-1260818112115.fits,Qatar-1,2026-08-18T04:21:15.755-0700,2026-08-18,,Clear
Qatar-1260818112415.fits,observations\2026-08-18\Qatar-1\session_01\Qatar-1260818112415.fits,Qatar-1,2026-08-18T04:24:15.210-0700,2026-08-18,,Clear
Qatar-1260818112715.fits,observations\2026-08-18\Qatar-1\session_01\Qatar-1260818112715.fits,Qatar-1,2026-08-18T04:27:15.441-0700,2026-08-18,,Clear
Qatar-1260818113015.fits,observations\2026-08-18\Qatar-1\session_01\Qatar-1260818113015.fits,Qatar-1,2026-08-18T04:30:15.918-0700,2026-08-18,,Clear
Qatar-1260818113315.fits,observations\2026-08-18\Qatar-1\session_01\Qatar-1260818113315.fits,Qatar-1,2026-08-18T04:33:15.255-0700,2026-08-18,,Clear
Qatar-1260818113615.fits,observations\2026-08-18\Qatar-1\session_01\Qatar-1260818113615.fits,Qatar-1,2026-08-18T04:36:15.666-0700,2026-08-18,,Clear
Qatar-1260818113916.fits,observations\2026-08-18\Qatar-1\session_01\Qatar-1260818113916.fits,Qatar-1,2026-08-18T04:39:16.126-0700,2026-08-18,,Clear
Qatar-1260818114215.fits,observations\2026-08-18\Qatar-1\session_01\Qatar-1260818114215.fits,Qatar-1,2026-08-18T04:42:15.504-0700,2026-08-18,,Clear
Qatar-1260818114516.fits,observations\2026-08-18\Qatar-1\session_01\Qatar-1260818114516.fits,Qatar-1,2026-08-18T04:45:16.900-0700,2026-08-18,,Clear
Qatar-1260818114815.fits,observations\2026-08-18\Qatar-1\session_01\Qatar-1260818114815.fits,Qatar-1,2026-08-18T04:48:15.188-0700,2026-08-18,,Clear
Qatar-1260818115115.fits,observations\2026-08-18\Qatar-1\session_01\Qatar-1260818115115.fits,Qatar-1,2026-08-18T04:51:15.609-0700,2026-08-18,,Clear
Qatar-1260818115415.fits,observations\2026-08-18\Qatar-1\session_01\Qatar-1260818115415.fits,Qatar-1,2026-08-18T04:54:15.992-0700,2026-08-18,,Clear
Qatar-1260818120204.fits,observations\2026-08-18\Qatar-1\session_01\Qatar-1260818120204.fits,Qatar-1,2026-08-18T05:02:04.180-0700,2026-08-18,,Clear
Qatar-1260818120955.fits,observations\2026-08-18\Qatar-1\session_01\Qatar-1260818120955.fits,Qatar-1,2026-08-18T05:09:55.376-0700,2026-08-18,,Clear
Qatar-1260818121750.fits,observations\2026-08-18\Qatar-1\session_01\Qatar-1260818121750.fits,Qatar-1,2026-08-18T05:17:50.523-0700,2026-08-18,,Clear
Qatar-1260818122545.fits,observations\2026-08-18\Qatar-1\session_01\Qatar-1260818122545.fits,Qatar-1,2026-08-18T05:25:45.780-0700,2026-08-18,,Clear
TRES-5260820082456.fits,observations\2026-08-20\TRES-5\session_01\TRES-5260820082456.fits,TRES-5,2026-08-20T01:24:56.775-0700,2026-08-20,,Clear
TRES-5260820082716.fits,observations\2026-08-20\TRES-5\session_01\TRES-5260820082716.fits,TRES-5,2026-08-20T01:27:16.123-0700,2026-08-20,,Clear
TRES-5260820083016.fits,observations\2026-08-20\TRES-5\session_01\TRES-5260820083016.fits,TRES-5,2026-08-20T01:30:16.545-0700,2026-08-20,,Clear
TRES-5260820083615.fits,observations\2026-08-20\TRES-5\session_01\TRES-5260820083615.fits,TRES-5,2026-08-20T01:36:15.197-0700,2026-08-20,,Clear
TRES-5260820083915.fits,observations\2026-08-20\TRES-5\session_01\TRES-5260820083915.fits,TRES-5,2026-08-20T01:39:15.485-0700,2026-08-20,,Clear
TRES-5260820084216.fits,observations\2026-08-20\TRES-5\session_01\TRES-5260820084216.fits,TRES-5,2026-08-20T01:42:16.014-0700,2026-08-20,,Clear
TRES-5260820084515.fits,observations\2026-08-20\TRES-5\session_01\TRES-5260820084515.fits,TRES-5,2026-08-20T01:45:15.422-0700,2026-08-20,,Clear
TRES-5260820084815.fits,observations\2026-08-20\TRES-5\session_01\TRES-5260820084815.fits,TRES-5,2026-08-20T01:48:15.761-0700,2026-08-20,,Clear
TRES-5260820085115.fits,observations\2026-08-20\TRES-5\session_01\TRES-5260820085115.fits,TRES-5,2026-08-20T01:51:15.172-0700,2026-08-20,,Clear
TRES-5260820085416.fits,observations\2026-08-20\TRES-5\session_01\TRES-5260820085416.fits,TRES-5,2026-08-20T01:54:16.558-0700,2026-08-20,,Clear
TRES-5260820085716.fits,observations\2026-08-20\TRES-5\session_01\TRES-5260820085716.fits,TRES-5,2026-08-20T01:57:16.034-0700,2026-08-20,,Clear
TRES-5260820090015.fits,observations\2026-08-20\TRES-5\session_01\TRES-5260820090015.fits,TRES-5,2026-08-20T02:00:15.389-0700,2026-08-20,,Clear
TRES-5260820090315.fits,observations\2026-08-20\TRES-5\session_01\TRES-5260820090315.fits,TRES-5,2026-08-20T02:03:15.680-0700,2026-08-20,,Clear
TRES-5260820090617.fits,observations\2026-08-20\TRES-5\session_01\TRES-5260820090617.fits,TRES-5,2026-08-20T02:06:17.072-0700,2026-08-20,,Clear
TRES-5260820090915.fits,observations\2026-08-20\TRES-5\session_01\TRES-5260820090915.fits,TRES-5,2026-08-20T02:09:15.416-0700,2026-08-20,,Clear
TRES-5260820091215.fits,observations\2026-08-20\TRES-5\session_01\TRES-5260820091215.fits,TRES-5,2026-08-20T02:12:15.826-0700,2026-08-20,,Clear
TRES-5260820091515.fits,observations\2026-08-20\TRES-5\session_01\TRES-5260820091515.fits,TRES-5,2026-08-20T02:15:15.235-0700,2026-08-20,,Clear
TRES-5260820091815.fits,observations\2026-08-20\TRES-5\session_01\TRES-5260820091815.fits,TRES-5,2026-08-20T02:18:15.730-0700,2026-08-20,,Clear
TRES-5260820092116.fits,observations\2026-08-20\TRES-5\session_01\TRES-5260820092116.fits,TRES-5,2026-08-20T02:21:16.030-0700,2026-08-20,,Clear
TRES-5260820092415.fits,observations\2026-08-20\TRES-5\session_01\TRES-5260820092415.fits,TRES-5,2026-08-20T02:24:15.448-0700,2026-08-20,,Clear
TRES-5260820092716.fits,observations\2026-08-20\TRES-5\session_01\TRES-5260820092716.fits,TRES-5,2026-08-20T02:27:16.763-0700,2026-08-20,,Clear
TRES-5260820093016.fits,observations\2026-08-20\TRES-5\session_01\TRES-5260820093016.fits,TRES-5,2026-08-20T02:30:16.109-0700,2026-08-20,,Clear
TRES-5260820093315.fits,observations\2026-08-20\TRES-5\session_01\TRES-5260820093315.fits,TRES-5,2026-08-20T02:33:15.478-0700,2026-08-20,,Clear
TRES-5260820093615.fits,observations\2026-08-20\TRES-5\session_01\TRES-5260820093615.fits,TRES-5,2026-08-20T02:36:15.859-0700,2026-08-20,,Clear
TRES-5260820093915.fits,observations\2026-08-20\TRES-5\session_01\TRES-5260820093915.fits,TRES-5,2026-08-20T02:39:15.155-0700,2026-08-20,,Clear
TRES-5260820094215.fits,observations\2026-08-20\TRES-5\session_01\TRES-5260820094215.fits,TRES-5,2026-08-20T02:42:15.678-0700,2026-08-20,,Clear
TRES-5260820094516.fits,observations\2026-08-20\TRES-5\session_01\TRES-5260820094516.fits,TRES-5,2026-08-20T02:45:16.036-0700,2026-08-20,,Clear
TRES-5260820094815.fits,observations\2026-08-20\TRES-5\session_01\TRES-5260820094815.fits,TRES-5,2026-08-20T02:48:15.493-0700,2026-08-20,,Clear
TRES-5260820095115.fits,observations\2026-08-20\TRES-5\session_01\TRES-5260820095115.fits,TRES-5,2026-08-20T02:51:15.810-0700,2026-08-20,,Clear
TRES-5260820095415.fits,observations\2026-08-20\TRES-5\session_01\TRES-5260820095415.fits,TRES-5,2026-08-20T02:54:15.201-0700,2026-08-20,,Clear
TRES-5260820095715.fits,observations\2026-08-20\TRES-5\session_01\TRES-5260820095715.fits,TRES-5,2026-08-20T02:57:15.611-0700,2026-08-20,,Clear
TRES-5260820100015.fits,observations\2026-08-20\TRES-5\session_01\TRES-5260820100015.fits,TRES-5,2026-08-20T03:00:15.895-0700,2026-08-20,,Clear
TRES-5260820100315.fits,observations\2026-08-20\TRES-5\session_01\TRES-5260820100315.fits,TRES-5,2026-08-20T03:03:15.179-0700,2026-08-20,,Clear
TRES-5260820100616.fits,observations\2026-08-20\TRES-5\session_01\TRES-5260820100616.fits,TRES-5,2026-08-20T03:06:16.488-0700,2026-08-20,,Clear
TRES-5260820100915.fits,observations\2026-08-20\TRES-5\session_01\TRES-5260820100915.fits,TRES-5,2026-08-20T03:09:15.851-0700,2026-08-20,,Clear
TRES-5260820101215.fits,observations\2026-08-20\TRES-5\session_01\TRES-5260820101215.fits,TRES-5,2026-08-20T03:12:15.171-0700,2026-08-20,,Clear
TRES-5260820101515.fits,observations\2026-08-20\TRES-5\session_01\TRES-5260820101515.fits,TRES-5,2026-08-20T03:15:15.610-0700,2026-08-20,,Clear
TRES-5260820101816.fits,observations\2026-08-20\TRES-5\session_01\TRES-5260820101816.fits,TRES-5,2026-08-20T03:18:16.045-0700,2026-08-20,,Clear
TRES-5260820102115.fits,observations\2026-08-20\TRES-5\session_01\TRES-5260820102115.fits,TRES-5,2026-08-20T03:21:15.325-0700,2026-08-20,,Clear
TRES-5260820102415.fits,observations\2026-08-20\TRES-5\session_01\TRES-5260820102415.fits,TRES-5,2026-08-20T03:24:15.651-0700,2026-08-20,,Clear
TRES-5260820102715.fits,observations\2026-08-20\TRES-5\session_01\TRES-5260820102715.fits,TRES-5,2026-08-20T03:27:15.952-0700,2026-08-20,,Clear
TRES-5260820103015.fits,observations\2026-08-20\TRES-5\session_01\TRES-5260820103015.fits,TRES-5,2026-08-20T03:30:15.242-0700,2026-08-20,,Clear
TRES-5260820103315.fits,observations\2026-08-20\TRES-5\session_01\TRES-5260820103315.fits,TRES-5,2026-08-20T03:33:15.637-0700,2026-08-20,,Clear
TRES-5260820103616.fits,observations\2026-08-20\TRES-5\session_01\TRES-5260820103616.fits,TRES-5,2026-08-20T03:36:16.033-0700,2026-08-20,,Clear
TRES-5260820103915.fits,observations\2026-08-20\TRES-5\session_01\TRES-5260820103915.fits,TRES-5,2026-08-20T03:39:15.422-0700,2026-08-20,,Clear
TRES-5260820104215.fits,observations\2026-08-20\TRES-5\session_01\TRES-5260820104215.fits,TRES-5,2026-08-20T03:42:15.828-0700,2026-08-20,,Clear
TRES-5260820104516.fits,observations\2026-08-20\TRES-5\session_01\TRES-5260820104516.fits,TRES-5,2026-08-20T03:45:16.243-0700,2026-08-20,,Clear
TRES-5260820104815.fits,observations\2026-08-20\TRES-5\session_01\TRES-5260820104815.fits,TRES-5,2026-08-20T03:48:15.529-0700,2026-08-20,,Clear
TRES-5260820105115.fits,observations\2026-08-20\TRES-5\session_01\TRES-5260820105115.fits,TRES-5,2026-08-20T03:51:15.859-0700,2026-08-20,,Clear
TRES-5260820105415.fits,observations\2026-08-20\TRES-5\session_01\TRES-5260820105415.fits,TRES-5,2026-08-20T03:54:15.228-0700,2026-08-20,,Clear
TRES-5260820105715.fits,observations\2026-08-20\TRES-5\session_01\TRES-5260820105715.fits,TRES-5,2026-08-20T03:57:15.645-0700,2026-08-20,,Clear
TRES-5260820110016.fits,observations\2026-08-20\TRES-5\session_01\TRES-5260820110016.fits,TRES-5,2026-08-20T04:00:16.932-0700,2026-08-20,,Clear
TRES-5260820110315.fits,observations\2026-08-20\TRES-5\session_01\TRES-5260820110315.fits,TRES-5,2026-08-20T04:03:15.371-0700,2026-08-20,,Clear
TRES-5260820110615.fits,observations\2026-08-20\TRES-5\session_01\TRES-5260820110615.fits,TRES-5,2026-08-20T04:06:15.666-0700,2026-08-20,,Clear
TRES-5260820110916.fits,observations\2026-08-20\TRES-5\session_01\TRES-5260820110916.fits,TRES-5,2026-08-20T04:09:16.123-0700,2026-08-20,,Clear
TRES-5260820111216.fits,observations\2026-08-20\TRES-5\session_01\TRES-5260820111216.fits,TRES-5,2026-08-20T04:12:16.421-0700,2026-08-20,,Clear
TRES-5260820111516.fits,observations\2026-08-20\TRES-5\session_01\TRES-5260820111516.fits,TRES-5,2026-08-20T04:15:16.990-0700,2026-08-20,,Clear
TRES-5260820111815.fits,observations\2026-08-20\TRES-5\session_01\TRES-5260820111815.fits,TRES-5,2026-08-20T04:18:15.410-0700,2026-08-20,,Clear
TRES-5260820112115.fits,observations\2026-08-20\TRES-5\session_01\TRES-5260820112115.fits,TRES-5,2026-08-20T04:21:15.746-0700,2026-08-20,,Clear
TRES-5260820112416.fits,observations\2026-08-20\TRES-5\session_01\TRES-5260820112416.fits,TRES-5,2026-08-20T04:24:16.108-0700,2026-08-20,,Clear
TRES-5260820112716.fits,observations\2026-08-20\TRES-5\session_01\TRES-5260820112716.fits,TRES-5,2026-08-20T04:27:16.465-0700,2026-08-20,,Clear
TRES-5260820113015.fits,observations\2026-08-20\TRES-5\session_01\TRES-5260820113015.fits,TRES-5,2026-08-20T04:30:15.883-0700,2026-08-20,,Clear
TRES-5260820113316.fits,observations\2026-08-20\TRES-5\session_01\TRES-5260820113316.fits,TRES-5,2026-08-20T04:33:16.141-0700,2026-08-20,,Clear
TRES-5260820113615.fits,observations\2026-08-20\TRES-5\session_01\TRES-5260820113615.fits,TRES-5,2026-08-20T04:36:15.570-0700,2026-08-20,,Clear
TRES-5260820113915.fits,observations\2026-08-20\TRES-5\session_01\TRES-5260820113915.fits,TRES-5,2026-08-20T04:39:15.889-0700,2026-08-20,,Clear
TRES-5260820114216.fits,observations\2026-08-20\TRES-5\session_01\TRES-5260820114216.fits,TRES-5,2026-08-20T04:42:16.266-0700,2026-08-20,,Clear
TRES-5260820114515.fits,observations\2026-08-20\TRES-5\session_01\TRES-5260820114515.fits,TRES-5,2026-08-20T04:45:15.673-0700,2026-08-20,,Clear
TRES-5260820114817.fits,observations\2026-08-20\TRES-5\session_01\TRES-5260820114817.fits,TRES-5,2026-08-20T04:48:17.145-0700,2026-08-20,,Clear
TRES-5260820115115.fits,observations\2026-08-20\TRES-5\session_01\TRES-5260820115115.fits,TRES-5,2026-08-20T04:51:15.525-0700,2026-08-20,,Clear
TRES-5260820115415.fits,observations\2026-08-20\TRES-5\session_01\TRES-5260820115415.fits,TRES-5,2026-08-20T04:54:15.870-0700,2026-08-20,,Clear
TRES-5260820115716.fits,observations\2026-08-20\TRES-5\session_01\TRES-5260820115716.fits,TRES-5,2026-08-20T04:57:16.276-0700,2026-08-20,,Clear
TRES-5260820120508.fits,observations\2026-08-20\TRES-5\session_01\TRES-5260820120508.fits,TRES-5,2026-08-20T05:05:08.479-0700,2026-08-20,,Clear
TRES-5260820121301.fits,observations\2026-08-20\TRES-5\session_01\TRES-5260820121301.fits,TRES-5,2026-08-20T05:13:01.883-0700,2026-08-20,,Clear
TRES-5260820122059.fits,observations\2026-08-20\TRES-5\session_01\TRES-5260820122059.fits,TRES-5,2026-08-20T05:20:59.071-0700,2026-08-20,,Clear
Qatar-1260821043741.fits,observations\2026-08-21\Qatar-1\session_01\Qatar-1260821043741.fits,Qatar-1,2026-08-20T21:37:41.530-0700,2026-08-20,,Clear
Qatar-1260821043927.fits,observations\2026-08-21\Qatar-1\session_01\Qatar-1260821043927.fits,Qatar-1,2026-08-20T21:39:27.733-0700,2026-08-20,,Clear
Qatar-1260821044219.fits,observations\2026-08-21\Qatar-1\session_01\Qatar-1260821044219.fits,Qatar-1,2026-08-20T21:42:19.066-0700,2026-08-20,,Clear
Qatar-1260821044515.fits,observations\2026-08-21\Qatar-1\session_01\Qatar-1260821044515.fits,Qatar-1,2026-08-20T21:45:15.463-0700,2026-08-20,,Clear
Qatar-1260821044816.fits,observations\2026-08-21\Qatar-1\session_01\Qatar-1260821044816.fits,Qatar-1,2026-08-20T21:48:16.847-0700,2026-08-20,,Clear
Qatar-1260821045116.fits,observations\2026-08-21\Qatar-1\session_01\Qatar-1260821045116.fits,Qatar-1,2026-08-20T21:51:16.189-0700,2026-08-20,,Clear
Qatar-1260821045415.fits,observations\2026-08-21\Qatar-1\session_01\Qatar-1260821045415.fits,Qatar-1,2026-08-20T21:54:15.602-0700,2026-08-20,,Clear
Qatar-1260821045715.fits,observations\2026-08-21\Qatar-1\session_01\Qatar-1260821045715.fits,Qatar-1,2026-08-20T21:57:15.895-0700,2026-08-20,,Clear
Qatar-1260821050015.fits,observations\2026-08-21\Qatar-1\session_01\Qatar-1260821050015.fits,Qatar-1,2026-08-20T22:00:15.306-0700,2026-08-20,,Clear
Qatar-1260821050315.fits,observations\2026-08-21\Qatar-1\session_01\Qatar-1260821050315.fits,Qatar-1,2026-08-20T22:03:15.579-0700,2026-08-20,,Clear
Qatar-1260821050615.fits,observations\2026-08-21\Qatar-1\session_01\Qatar-1260821050615.fits,Qatar-1,2026-08-20T22:06:15.933-0700,2026-08-20,,Clear
Qatar-1260821050915.fits,observations\2026-08-21\Qatar-1\session_01\Qatar-1260821050915.fits,Qatar-1,2026-08-20T22:09:15.234-0700,2026-08-20,,Clear
Qatar-1260821051216.fits,observations\2026-08-21\Qatar-1\session_01\Qatar-1260821051216.fits,Qatar-1,2026-08-20T22:12:16.638-0700,2026-08-20,,Clear
Qatar-1260821051516.fits,observations\2026-08-21\Qatar-1\session_01\Qatar-1260821051516.fits,Qatar-1,2026-08-20T22:15:16.077-0700,2026-08-20,,Clear
Qatar-1260821051815.fits,observations\2026-08-21\Qatar-1\session_01\Qatar-1260821051815.fits,Qatar-1,2026-08-20T22:18:15.424-0700,2026-08-20,,Clear
Qatar-1260821052116.fits,observations\2026-08-21\Qatar-1\session_01\Qatar-1260821052116.fits,Qatar-1,2026-08-20T22:21:16.649-0700,2026-08-20,,Clear
Qatar-1260821052416.fits,observations\2026-08-21\Qatar-1\session_01\Qatar-1260821052416.fits,Qatar-1,2026-08-20T22:24:16.983-0700,2026-08-20,,Clear
Qatar-1260821052715.fits,observations\2026-08-21\Qatar-1\session_01\Qatar-1260821052715.fits,Qatar-1,2026-08-20T22:27:15.287-0700,2026-08-20,,Clear
Qatar-1260821053015.fits,observations\2026-08-21\Qatar-1\session_01\Qatar-1260821053015.fits,Qatar-1,2026-08-20T22:30:15.874-0700,2026-08-20,,Clear
Qatar-1260821053315.fits,observations\2026-08-21\Qatar-1\session_01\Qatar-1260821053315.fits,Qatar-1,2026-08-20T22:33:15.288-0700,2026-08-20,,Clear
Qatar-1260821053616.fits,observations\2026-08-21\Qatar-1\session_01\Qatar-1260821053616.fits,Qatar-1,2026-08-20T22:36:16.718-0700,2026-08-20,,Clear
Qatar-1260821053916.fits,observations\2026-08-21\Qatar-1\session_01\Qatar-1260821053916.fits,Qatar-1,2026-08-20T22:39:16.949-0700,2026-08-20,,Clear
Qatar-1260821054215.fits,observations\2026-08-21\Qatar-1\session_01\Qatar-1260821054215.fits,Qatar-1,2026-08-20T22:42:15.366-0700,2026-08-20,,Clear
Qatar-1260821054515.fits,observations\2026-08-21\Qatar-1\session_01\Qatar-1260821054515.fits,Qatar-1,2026-08-20T22:45:15.790-0700,2026-08-20,,Clear
Qatar-1260821054815.fits,observations\2026-08-21\Qatar-1\session_01\Qatar-1260821054815.fits,Qatar-1,2026-08-20T22:48:15.156-0700,2026-08-20,,Clear
Qatar-1260821055115.fits,observations\2026-08-21\Qatar-1\session_01\Qatar-1260821055115.fits,Qatar-1,2026-08-20T22:51:15.486-0700,2026-08-20,,Clear
Qatar-1260821055415.fits,observations\2026-08-21\Qatar-1\session_01\Qatar-1260821055415.fits,Qatar-1,2026-08-20T22:54:15.858-0700,2026-08-20,,Clear
Qatar-1260821055715.fits,observations\2026-08-21\Qatar-1\session_01\Qatar-1260821055715.fits,Qatar-1,2026-08-20T22:57:15.228-0700,2026-08-20,,Clear
Qatar-1260821060016.fits,observations\2026-08-21\Qatar-1\session_01\Qatar-1260821060016.fits,Qatar-1,2026-08-20T23:00:16.582-0700,2026-08-20,,Clear
Qatar-1260821060316.fits,observations\2026-08-21\Qatar-1\session_01\Qatar-1260821060316.fits,Qatar-1,2026-08-20T23:03:16.966-0700,2026-08-20,,Clear
Qatar-1260821060615.fits,observations\2026-08-21\Qatar-1\session_01\Qatar-1260821060615.fits,Qatar-1,2026-08-20T23:06:15.335-0700,2026-08-20,,Clear
Qatar-1260821060915.fits,observations\2026-08-21\Qatar-1\session_01\Qatar-1260821060915.fits,Qatar-1,2026-08-20T23:09:15.711-0700,2026-08-20,,Clear
Qatar-1260821061216.fits,observations\2026-08-21\Qatar-1\session_01\Qatar-1260821061216.fits,Qatar-1,2026-08-20T23:12:16.144-0700,2026-08-20,,Clear
Qatar-1260821061516.fits,observations\2026-08-21\Qatar-1\session_01\Qatar-1260821061516.fits,Qatar-1,2026-08-20T23:15:16.607-0700,2026-08-20,,Clear
Qatar-1260821061816.fits,observations\2026-08-21\Qatar-1\session_01\Qatar-1260821061816.fits,Qatar-1,2026-08-20T23:18:16.040-0700,2026-08-20,,Clear
Qatar-1260821062115.fits,observations\2026-08-21\Qatar-1\session_01\Qatar-1260821062115.fits,Qatar-1,2026-08-20T23:21:15.427-0700,2026-08-20,,Clear
Qatar-1260821062415.fits,observations\2026-08-21\Qatar-1\session_01\Qatar-1260821062415.fits,Qatar-1,2026-08-20T23:24:15.982-0700,2026-08-20,,Clear
Qatar-1260821062715.fits,observations\2026-08-21\Qatar-1\session_01\Qatar-1260821062715.fits,Qatar-1,2026-08-20T23:27:15.420-0700,2026-08-20,,Clear
Qatar-1260821063015.fits,observations\2026-08-21\Qatar-1\session_01\Qatar-1260821063015.fits,Qatar-1,2026-08-20T23:30:15.871-0700,2026-08-20,,Clear
Qatar-1260821063315.fits,observations\2026-08-21\Qatar-1\session_01\Qatar-1260821063315.fits,Qatar-1,2026-08-20T23:33:15.360-0700,2026-08-20,,Clear
Qatar-1260821063615.fits,observations\2026-08-21\Qatar-1\session_01\Qatar-1260821063615.fits,Qatar-1,2026-08-20T23:36:15.843-0700,2026-08-20,,Clear
Qatar-1260821063915.fits,observations\2026-08-21\Qatar-1\session_01\Qatar-1260821063915.fits,Qatar-1,2026-08-20T23:39:15.176-0700,2026-08-20,,Clear
Qatar-1260821064215.fits,observations\2026-08-21\Qatar-1\session_01\Qatar-1260821064215.fits,Qatar-1,2026-08-20T23:42:15.503-0700,2026-08-20,,Clear
Qatar-1260821064515.fits,observations\2026-08-21\Qatar-1\session_01\Qatar-1260821064515.fits,Qatar-1,2026-08-20T23:45:15.874-0700,2026-08-20,,Clear
Qatar-1260821064815.fits,observations\2026-08-21\Qatar-1\session_01\Qatar-1260821064815.fits,Qatar-1,2026-08-20T23:48:15.170-0700,2026-08-20,,Clear
Qatar-1260821065115.fits,observations\2026-08-21\Qatar-1\session_01\Qatar-1260821065115.fits,Qatar-1,2026-08-20T23:51:15.492-0700,2026-08-20,,Clear
Qatar-1260821065415.fits,observations\2026-08-21\Qatar-1\session_01\Qatar-1260821065415.fits,Qatar-1,2026-08-20T23:54:15.786-0700,2026-08-20,,Clear
Qatar-1260821065715.fits,observations\2026-08-21\Qatar-1\session_01\Qatar-1260821065715.fits,Qatar-1,2026-08-20T23:57:15.172-0700,2026-08-20,,Clear
Qatar-1260821070015.fits,observations\2026-08-21\Qatar-1\session_01\Qatar-1260821070015.fits,Qatar-1,2026-08-21T00:00:15.575-0700,2026-08-21,,Clear
Qatar-1260821070315.fits,observations\2026-08-21\Qatar-1\session_01\Qatar-1260821070315.fits,Qatar-1,2026-08-21T00:03:15.933-0700,2026-08-21,,Clear
Qatar-1260821070616.fits,observations\2026-08-21\Qatar-1\session_01\Qatar-1260821070616.fits,Qatar-1,2026-08-21T00:06:16.302-0700,2026-08-21,,Clear
Qatar-1260821070915.fits,observations\2026-08-21\Qatar-1\session_01\Qatar-1260821070915.fits,Qatar-1,2026-08-21T00:09:15.690-0700,2026-08-21,,Clear
Qatar-1260821071216.fits,observations\2026-08-21\Qatar-1\session_01\Qatar-1260821071216.fits,Qatar-1,2026-08-21T00:12:16.208-0700,2026-08-21,,Clear
Qatar-1260821071515.fits,observations\2026-08-21\Qatar-1\session_01\Qatar-1260821071515.fits,Qatar-1,2026-08-21T00:15:15.597-0700,2026-08-21,,Clear
Qatar-1260821071817.fits,observations\2026-08-21\Qatar-1\session_01\Qatar-1260821071817.fits,Qatar-1,2026-08-21T00:18:17.025-0700,2026-08-21,,Clear
Qatar-1260821072115.fits,observations\2026-08-21\Qatar-1\session_01\Qatar-1260821072115.fits,Qatar-1,2026-08-21T00:21:15.362-0700,2026-08-21,,Clear
Qatar-1260821072415.fits,observations\2026-08-21\Qatar-1\session_01\Qatar-1260821072415.fits,Qatar-1,2026-08-21T00:24:15.672-0700,2026-08-21,,Clear
Qatar-1260821072717.fits,observations\2026-08-21\Qatar-1\session_01\Qatar-1260821072717.fits,Qatar-1,2026-08-21T00:27:17.117-0700,2026-08-21,,Clear
Qatar-1260821073015.fits,observations\2026-08-21\Qatar-1\session_01\Qatar-1260821073015.fits,Qatar-1,2026-08-21T00:30:15.537-0700,2026-08-21,,Clear
Qatar-1260821073316.fits,observations\2026-08-21\Qatar-1\session_01\Qatar-1260821073316.fits,Qatar-1,2026-08-21T00:33:16.018-0700,2026-08-21,,Clear
Qatar-1260821073615.fits,observations\2026-08-21\Qatar-1\session_01\Qatar-1260821073615.fits,Qatar-1,2026-08-21T00:36:15.462-0700,2026-08-21,,Clear
Qatar-1260821073916.fits,observations\2026-08-21\Qatar-1\session_01\Qatar-1260821073916.fits,Qatar-1,2026-08-21T00:39:16.778-0700,2026-08-21,,Clear
Qatar-1260821074217.fits,observations\2026-08-21\Qatar-1\session_01\Qatar-1260821074217.fits,Qatar-1,2026-08-21T00:42:17.046-0700,2026-08-21,,Clear
Qatar-1260821074515.fits,observations\2026-08-21\Qatar-1\session_01\Qatar-1260821074515.fits,Qatar-1,2026-08-21T00:45:15.332-0700,2026-08-21,,Clear
Qatar-1260821074815.fits,observations\2026-08-21\Qatar-1\session_01\Qatar-1260821074815.fits,Qatar-1,2026-08-21T00:48:15.873-0700,2026-08-21,,Clear
Qatar-1260821075115.fits,observations\2026-08-21\Qatar-1\session_01\Qatar-1260821075115.fits,Qatar-1,2026-08-21T00:51:15.291-0700,2026-08-21,,Clear
Qatar-1260821075415.fits,observations\2026-08-21\Qatar-1\session_01\Qatar-1260821075415.fits,Qatar-1,2026-08-21T00:54:15.752-0700,2026-08-21,,Clear
Qatar-1260821075715.fits,observations\2026-08-21\Qatar-1\session_01\Qatar-1260821075715.fits,Qatar-1,2026-08-21T00:57:15.235-0700,2026-08-21,,Clear
Qatar-1260821080016.fits,observations\2026-08-21\Qatar-1\session_01\Qatar-1260821080016.fits,Qatar-1,2026-08-21T01:00:16.681-0700,2026-08-21,,Clear
Qatar-1260821080316.fits,observations\2026-08-21\Qatar-1\session_01\Qatar-1260821080316.fits,Qatar-1,2026-08-21T01:03:16.050-0700,2026-08-21,,Clear
Qatar-1260821080615.fits,observations\2026-08-21\Qatar-1\session_01\Qatar-1260821080615.fits,Qatar-1,2026-08-21T01:06:15.381-0700,2026-08-21,,Clear
Qatar-1260821080916.fits,observations\2026-08-21\Qatar-1\session_01\Qatar-1260821080916.fits,Qatar-1,2026-08-21T01:09:16.781-0700,2026-08-21,,Clear
Qatar-1260821081215.fits,observations\2026-08-21\Qatar-1\session_01\Qatar-1260821081215.fits,Qatar-1,2026-08-21T01:12:15.185-0700,2026-08-21,,Clear
Qatar-1260821081515.fits,observations\2026-08-21\Qatar-1\session_01\Qatar-1260821081515.fits,Qatar-1,2026-08-21T01:15:15.581-0700,2026-08-21,,Clear
CoRoT-2260823035758.fits,observations\2026-08-23\CoRoT-2\session_01\CoRoT-2260823035758.fits,CoRoT-2,2026-08-22T20:57:58.009-0700,2026-08-22,,Clear
CoRoT-2260823040015.fits,observations\2026-08-23\CoRoT-2\session_01\CoRoT-2260823040015.fits,CoRoT-2,2026-08-22T21:00:15.500-0700,2026-08-22,,Clear
CoRoT-2260823040315.fits,observations\2026-08-23\CoRoT-2\session_01\CoRoT-2260823040315.fits,CoRoT-2,2026-08-22T21:03:15.938-0700,2026-08-22,,Clear
CoRoT-2260823040615.fits,observations\2026-08-23\CoRoT-2\session_01\CoRoT-2260823040615.fits,CoRoT-2,2026-08-22T21:06:15.311-0700,2026-08-22,,Clear
CoRoT-2260823040915.fits,observations\2026-08-23\CoRoT-2\session_01\CoRoT-2260823040915.fits,CoRoT-2,2026-08-22T21:09:15.731-0700,2026-08-22,,Clear
CoRoT-2260823041215.fits,observations\2026-08-23\CoRoT-2\session_01\CoRoT-2260823041215.fits,CoRoT-2,2026-08-22T21:12:15.157-0700,2026-08-22,,Clear
CoRoT-2260823041515.fits,observations\2026-08-23\CoRoT-2\session_01\CoRoT-2260823041515.fits,CoRoT-2,2026-08-22T21:15:15.504-0700,2026-08-22,,Clear
CoRoT-2260823041815.fits,observations\2026-08-23\CoRoT-2\session_01\CoRoT-2260823041815.fits,CoRoT-2,2026-08-22T21:18:15.901-0700,2026-08-22,,Clear
CoRoT-2260823042115.fits,observations\2026-08-23\CoRoT-2\session_01\CoRoT-2260823042115.fits,CoRoT-2,2026-08-22T21:21:15.390-0700,2026-08-22,,Clear
CoRoT-2260823042415.fits,observations\2026-08-23\CoRoT-2\session_01\CoRoT-2260823042415.fits,CoRoT-2,2026-08-22T21:24:15.915-0700,2026-08-22,,Clear
CoRoT-2260823042715.fits,observations\2026-08-23\CoRoT-2\session_01\CoRoT-2260823042715.fits,CoRoT-2,2026-08-22T21:27:15.370-0700,2026-08-22,,Clear
CoRoT-2260823043015.fits,observations\2026-08-23\CoRoT-2\session_01\CoRoT-2260823043015.fits,CoRoT-2,2026-08-22T21:30:15.968-0700,2026-08-22,,Clear
CoRoT-2260823043315.fits,observations\2026-08-23\CoRoT-2\session_01\CoRoT-2260823043315.fits,CoRoT-2,2026-08-22T21:33:15.541-0700,2026-08-22,,Clear
CoRoT-2260823043615.fits,observations\2026-08-23\CoRoT-2\session_01\CoRoT-2260823043615.fits,CoRoT-2,2026-08-22T21:36:15.944-0700,2026-08-22,,Clear
CoRoT-2260823043915.fits,observations\2026-08-23\CoRoT-2\session_01\CoRoT-2260823043915.fits,CoRoT-2,2026-08-22T21:39:15.301-0700,2026-08-22,,Clear
CoRoT-2260823044215.fits,observations\2026-08-23\CoRoT-2\session_01\CoRoT-2260823044215.fits,CoRoT-2,2026-08-22T21:42:15.751-0700,2026-08-22,,Clear
CoRoT-2260823044516.fits,observations\2026-08-23\CoRoT-2\session_01\CoRoT-2260823044516.fits,CoRoT-2,2026-08-22T21:45:16.124-0700,2026-08-22,,Clear
CoRoT-2260823044815.fits,observations\2026-08-23\CoRoT-2\session_01\CoRoT-2260823044815.fits,CoRoT-2,2026-08-22T21:48:15.499-0700,2026-08-22,,Clear
CoRoT-2260823045115.fits,observations\2026-08-23\CoRoT-2\session_01\CoRoT-2260823045115.fits,CoRoT-2,2026-08-22T21:51:15.916-0700,2026-08-22,,Clear
CoRoT-2260823045415.fits,observations\2026-08-23\CoRoT-2\session_01\CoRoT-2260823045415.fits,CoRoT-2,2026-08-22T21:54:15.262-0700,2026-08-22,,Clear
CoRoT-2260823045715.fits,observations\2026-08-23\CoRoT-2\session_01\CoRoT-2260823045715.fits,CoRoT-2,2026-08-22T21:57:15.665-0700,2026-08-22,,Clear
CoRoT-2260823050015.fits,observations\2026-08-23\CoRoT-2\session_01\CoRoT-2260823050015.fits,CoRoT-2,2026-08-22T22:00:15.980-0700,2026-08-22,,Clear
CoRoT-2260823050315.fits,observations\2026-08-23\CoRoT-2\session_01\CoRoT-2260823050315.fits,CoRoT-2,2026-08-22T22:03:15.548-0700,2026-08-22,,Clear
CoRoT-2260823050615.fits,observations\2026-08-23\CoRoT-2\session_01\CoRoT-2260823050615.fits,CoRoT-2,2026-08-22T22:06:15.903-0700,2026-08-22,,Clear
CoRoT-2260823050915.fits,observations\2026-08-23\CoRoT-2\session_01\CoRoT-2260823050915.fits,CoRoT-2,2026-08-22T22:09:15.246-0700,2026-08-22,,Clear
CoRoT-2260823051215.fits,observations\2026-08-23\CoRoT-2\session_01\CoRoT-2260823051215.fits,CoRoT-2,2026-08-22T22:12:15.630-0700,2026-08-22,,Clear
CoRoT-2260823051516.fits,observations\2026-08-23\CoRoT-2\session_01\CoRoT-2260823051516.fits,CoRoT-2,2026-08-22T22:15:16.062-0700,2026-08-22,,Clear
CoRoT-2260823051815.fits,observations\2026-08-23\CoRoT-2\session_01\CoRoT-2260823051815.fits,CoRoT-2,2026-08-22T22:18:15.438-0700,2026-08-22,,Clear
CoRoT-2260823052115.fits,observations\2026-08-23\CoRoT-2\session_01\CoRoT-2260823052115.fits,CoRoT-2,2026-08-22T22:21:15.779-0700,2026-08-22,,Clear
CoRoT-2260823052416.fits,observations\2026-08-23\CoRoT-2\session_01\CoRoT-2260823052416.fits,CoRoT-2,2026-08-22T22:24:16.128-0700,2026-08-22,,Clear
CoRoT-2260823052715.fits,observations\2026-08-23\CoRoT-2\session_01\CoRoT-2260823052715.fits,CoRoT-2,2026-08-22T22:27:15.490-0700,2026-08-22,,Clear
CoRoT-2260823053015.fits,observations\2026-08-23\CoRoT-2\session_01\CoRoT-2260823053015.fits,CoRoT-2,2026-08-22T22:30:15.956-0700,2026-08-22,,Clear
CoRoT-2260823053315.fits,observations\2026-08-23\CoRoT-2\session_01\CoRoT-2260823053315.fits,CoRoT-2,2026-08-22T22:33:15.340-0700,2026-08-22,,Clear
CoRoT-2260823053616.fits,observations\2026-08-23\CoRoT-2\session_01\CoRoT-2260823053616.fits,CoRoT-2,2026-08-22T22:36:16.756-0700,2026-08-22,,Clear
CoRoT-2260823053915.fits,observations\2026-08-23\CoRoT-2\session_01\CoRoT-2260823053915.fits,CoRoT-2,2026-08-22T22:39:15.191-0700,2026-08-22,,Clear
CoRoT-2260823054215.fits,observations\2026-08-23\CoRoT-2\session_01\CoRoT-2260823054215.fits,CoRoT-2,2026-08-22T22:42:15.555-0700,2026-08-22,,Clear
CoRoT-2260823054515.fits,observations\2026-08-23\CoRoT-2\session_01\CoRoT-2260823054515.fits,CoRoT-2,2026-08-22T22:45:15.989-0700,2026-08-22,,Clear
CoRoT-2260823054815.fits,observations\2026-08-23\CoRoT-2\session_01\CoRoT-2260823054815.fits,CoRoT-2,2026-08-22T22:48:15.484-0700,2026-08-22,,Clear
CoRoT-2260823055115.fits,observations\2026-08-23\CoRoT-2\session_01\CoRoT-2260823055115.fits,CoRoT-2,2026-08-22T22:51:15.985-0700,2026-08-22,,Clear
CoRoT-2260823055415.fits,observations\2026-08-23\CoRoT-2\session_01\CoRoT-2260823055415.fits,CoRoT-2,2026-08-22T22:54:15.402-0700,2026-08-22,,Clear
CoRoT-2260823055715.fits,observations\2026-08-23\CoRoT-2\session_01\CoRoT-2260823055715.fits,CoRoT-2,2026-08-22T22:57:15.760-0700,2026-08-22,,Clear
CoRoT-2260823060016.fits,observations\2026-08-23\CoRoT-2\session_01\CoRoT-2260823060016.fits,CoRoT-2,2026-08-22T23:00:16.112-0700,2026-08-22,,Clear
CoRoT-2260823060315.fits,observations\2026-08-23\CoRoT-2\session_01\CoRoT-2260823060315.fits,CoRoT-2,2026-08-22T23:03:15.456-0700,2026-08-22,,Clear
CoRoT-2260823060615.fits,observations\2026-08-23\CoRoT-2\session_01\CoRoT-2260823060615.fits,CoRoT-2,2026-08-22T23:06:15.842-0700,2026-08-22,,Clear
CoRoT-2260823061216.fits,observations\2026-08-23\CoRoT-2\session_01\CoRoT-2260823061216.fits,CoRoT-2,2026-08-22T23:12:16.690-0700,2026-08-22,,Clear
CoRoT-2260823061516.fits,observations\2026-08-23\CoRoT-2\session_01\CoRoT-2260823061516.fits,CoRoT-2,2026-08-22T23:15:16.039-0700,2026-08-22,,Clear
CoRoT-2260823061815.fits,observations\2026-08-23\CoRoT-2\session_01\CoRoT-2260823061815.fits,CoRoT-2,2026-08-22T23:18:15.407-0700,2026-08-22,,Clear
CoRoT-2260823062115.fits,observations\2026-08-23\CoRoT-2\session_01\CoRoT-2260823062115.fits,CoRoT-2,2026-08-22T23:21:15.791-0700,2026-08-22,,Clear
CoRoT-2260823062415.fits,observations\2026-08-23\CoRoT-2\session_01\CoRoT-2260823062415.fits,CoRoT-2,2026-08-22T23:24:15.270-0700,2026-08-22,,Clear
CoRoT-2260823062715.fits,observations\2026-08-23\CoRoT-2\session_01\CoRoT-2260823062715.fits,CoRoT-2,2026-08-22T23:27:15.688-0700,2026-08-22,,Clear
CoRoT-2260823063016.fits,observations\2026-08-23\CoRoT-2\session_01\CoRoT-2260823063016.fits,CoRoT-2,2026-08-22T23:30:16.015-0700,2026-08-22,,Clear
CoRoT-2260823063315.fits,observations\2026-08-23\CoRoT-2\session_01\CoRoT-2260823063315.fits,CoRoT-2,2026-08-22T23:33:15.549-0700,2026-08-22,,Clear
CoRoT-2260823063616.fits,observations\2026-08-23\CoRoT-2\session_01\CoRoT-2260823063616.fits,CoRoT-2,2026-08-22T23:36:16.944-0700,2026-08-22,,Clear
CoRoT-2260823063916.fits,observations\2026-08-23\CoRoT-2\session_01\CoRoT-2260823063916.fits,CoRoT-2,2026-08-22T23:39:16.377-0700,2026-08-22,,Clear
CoRoT-2260823064215.fits,observations\2026-08-23\CoRoT-2\session_01\CoRoT-2260823064215.fits,CoRoT-2,2026-08-22T23:42:15.875-0700,2026-08-22,,Clear
CoRoT-2260823064515.fits,observations\2026-08-23\CoRoT-2\session_01\CoRoT-2260823064515.fits,CoRoT-2,2026-08-22T23:45:15.334-0700,2026-08-22,,Clear
CoRoT-2260823064816.fits,observations\2026-08-23\CoRoT-2\session_01\CoRoT-2260823064816.fits,CoRoT-2,2026-08-22T23:48:16.714-0700,2026-08-22,,Clear
CoRoT-2260823065115.fits,observations\2026-08-23\CoRoT-2\session_01\CoRoT-2260823065115.fits,CoRoT-2,2026-08-22T23:51:15.162-0700,2026-08-22,,Clear
CoRoT-2260823065415.fits,observations\2026-08-23\CoRoT-2\session_01\CoRoT-2260823065415.fits,CoRoT-2,2026-08-22T23:54:15.522-0700,2026-08-22,,Clear
CoRoT-2260823065715.fits,observations\2026-08-23\CoRoT-2\session_01\CoRoT-2260823065715.fits,CoRoT-2,2026-08-22T23:57:15.977-0700,2026-08-22,,Clear
CoRoT-2260823070015.fits,observations\2026-08-23\CoRoT-2\session_01\CoRoT-2260823070015.fits,CoRoT-2,2026-08-23T00:00:15.505-0700,2026-08-23,,Clear
CoRoT-2260823070316.fits,observations\2026-08-23\CoRoT-2\session_01\CoRoT-2260823070316.fits,CoRoT-2,2026-08-23T00:03:16.911-0700,2026-08-23,,Clear
CoRoT-2260823070615.fits,observations\2026-08-23\CoRoT-2\session_01\CoRoT-2260823070615.fits,CoRoT-2,2026-08-23T00:06:15.296-0700,2026-08-23,,Clear
CoRoT-2260823070915.fits,observations\2026-08-23\CoRoT-2\session_01\CoRoT-2260823070915.fits,CoRoT-2,2026-08-23T00:09:15.720-0700,2026-08-23,,Clear
CoRoT-2260823071216.fits,observations\2026-08-23\CoRoT-2\session_01\CoRoT-2260823071216.fits,CoRoT-2,2026-08-23T00:12:16.087-0700,2026-08-23,,Clear
CoRoT-2260823071515.fits,observations\2026-08-23\CoRoT-2\session_01\CoRoT-2260823071515.fits,CoRoT-2,2026-08-23T00:15:15.482-0700,2026-08-23,,Clear
CoRoT-2260823071815.fits,observations\2026-08-23\CoRoT-2\session_01\CoRoT-2260823071815.fits,CoRoT-2,2026-08-23T00:18:15.791-0700,2026-08-23,,Clear
CoRoT-2260823072115.fits,observations\2026-08-23\CoRoT-2\session_01\CoRoT-2260823072115.fits,CoRoT-2,2026-08-23T00:21:15.145-0700,2026-08-23,,Clear
CoRoT-2260823072415.fits,observations\2026-08-23\CoRoT-2\session_01\CoRoT-2260823072415.fits,CoRoT-2,2026-08-23T00:24:15.594-0700,2026-08-23,,Clear
CoRoT-2260823072715.fits,observations\2026-08-23\CoRoT-2\session_01\CoRoT-2260823072715.fits,CoRoT-2,2026-08-23T00:27:15.981-0700,2026-08-23,,Clear
CoRoT-2260823073015.fits,observations\2026-08-23\CoRoT-2\session_01\CoRoT-2260823073015.fits,CoRoT-2,2026-08-23T00:30:15.453-0700,2026-08-23,,Clear
CoRoT-2260823073315.fits,observations\2026-08-23\CoRoT-2\session_01\CoRoT-2260823073315.fits,CoRoT-2,2026-08-23T00:33:15.809-0700,2026-08-23,,Clear
CoRoT-2260823073615.fits,observations\2026-08-23\CoRoT-2\session_01\CoRoT-2260823073615.fits,CoRoT-2,2026-08-23T00:36:15.226-0700,2026-08-23,,Clear
CoRoT-2260823073915.fits,observations\2026-08-23\CoRoT-2\session_01\CoRoT-2260823073915.fits,CoRoT-2,2026-08-23T00:39:15.639-0700,2026-08-23,,Clear
CoRoT-2260823074216.fits,observations\2026-08-23\CoRoT-2\session_01\CoRoT-2260823074216.fits,CoRoT-2,2026-08-23T00:42:16.063-0700,2026-08-23,,Clear
CoRoT-2260823074515.fits,observations\2026-08-23\CoRoT-2\session_01\CoRoT-2260823074515.fits,CoRoT-2,2026-08-23T00:45:15.494-0700,2026-08-23,,Clear
CoRoT-2260823074815.fits,observations\2026-08-23\CoRoT-2\session_01\CoRoT-2260823074815.fits,CoRoT-2,2026-08-23T00:48:15.899-0700,2026-08-23,,Clear
CoRoT-2260823075115.fits,observations\2026-08-23\CoRoT-2\session_01\CoRoT-2260823075115.fits,CoRoT-2,2026-08-23T00:51:15.312-0700,2026-08-23,,Clear
CoRoT-2260823075415.fits,observations\2026-08-23\CoRoT-2\session_01\CoRoT-2260823075415.fits,CoRoT-2,2026-08-23T00:54:15.700-0700,2026-08-23,,Clear
CoRoT-2260823075716.fits,observations\2026-08-23\CoRoT-2\session_01\CoRoT-2260823075716.fits,CoRoT-2,2026-08-23T00:57:16.116-0700,2026-08-23,,Clear
CoRoT-2260823080015.fits,observations\2026-08-23\CoRoT-2\session_01\CoRoT-2260823080015.fits,CoRoT-2,2026-08-23T01:00:15.592-0700,2026-08-23,,Clear
CoRoT-2260823080315.fits,observations\2026-08-23\CoRoT-2\session_01\CoRoT-2260823080315.fits,CoRoT-2,2026-08-23T01:03:15.942-0700,2026-08-23,,Clear
CoRoT-2260823080615.fits,observations\2026-08-23\CoRoT-2\session_01\CoRoT-2260823080615.fits,CoRoT-2,2026-08-23T01:06:15.432-0700,2026-08-23,,Clear
CoRoT-2260823080915.fits,observations\2026-08-23\CoRoT-2\session_01\CoRoT-2260823080915.fits,CoRoT-2,2026-08-23T01:09:15.820-0700,2026-08-23,,Clear
CoRoT-2260823081215.fits,observations\2026-08-23\CoRoT-2\session_01\CoRoT-2260823081215.fits,CoRoT-2,2026-08-23T01:12:15.189-0700,2026-08-23,,Clear
CoRoT-2260823081515.fits,observations\2026-08-23\CoRoT-2\session_01\CoRoT-2260823081515.fits,CoRoT-2,2026-08-23T01:15:15.644-0700,2026-08-23,,Clear
WASP-2260824045231.fits,observations\2026-08-24\WASP-2\session_01\WASP-2260824045231.fits,WASP-2,2026-08-23T21:52:31.321-0700,2026-08-23,,Clear
WASP-2260824045415.fits,observations\2026-08-24\WASP-2\session_01\WASP-2260824045415.fits,WASP-2,2026-08-23T21:54:15.499-0700,2026-08-23,,Clear
WASP-2260824045715.fits,observations\2026-08-24\WASP-2\session_01\WASP-2260824045715.fits,WASP-2,2026-08-23T21:57:15.947-0700,2026-08-23,,Clear
WASP-2260824050015.fits,observations\2026-08-24\WASP-2\session_01\WASP-2260824050015.fits,WASP-2,2026-08-23T22:00:15.372-0700,2026-08-23,,Clear
WASP-2260824050316.fits,observations\2026-08-24\WASP-2\session_01\WASP-2260824050316.fits,WASP-2,2026-08-23T22:03:16.712-0700,2026-08-23,,Clear
WASP-2260824050616.fits,observations\2026-08-24\WASP-2\session_01\WASP-2260824050616.fits,WASP-2,2026-08-23T22:06:16.030-0700,2026-08-23,,Clear
WASP-2260824050915.fits,observations\2026-08-24\WASP-2\session_01\WASP-2260824050915.fits,WASP-2,2026-08-23T22:09:15.374-0700,2026-08-23,,Clear
WASP-2260824051215.fits,observations\2026-08-24\WASP-2\session_01\WASP-2260824051215.fits,WASP-2,2026-08-23T22:12:15.762-0700,2026-08-23,,Clear
WASP-2260824051516.fits,observations\2026-08-24\WASP-2\session_01\WASP-2260824051516.fits,WASP-2,2026-08-23T22:15:16.092-0700,2026-08-23,,Clear
WASP-2260824051815.fits,observations\2026-08-24\WASP-2\session_01\WASP-2260824051815.fits,WASP-2,2026-08-23T22:18:15.475-0700,2026-08-23,,Clear
WASP-2260824052115.fits,observations\2026-08-24\WASP-2\session_01\WASP-2260824052115.fits,WASP-2,2026-08-23T22:21:15.856-0700,2026-08-23,,Clear
WASP-2260824052415.fits,observations\2026-08-24\WASP-2\session_01\WASP-2260824052415.fits,WASP-2,2026-08-23T22:24:15.159-0700,2026-08-23,,Clear
WASP-2260824052715.fits,observations\2026-08-24\WASP-2\session_01\WASP-2260824052715.fits,WASP-2,2026-08-23T22:27:15.512-0700,2026-08-23,,Clear
WASP-2260824053017.fits,observations\2026-08-24\WASP-2\session_01\WASP-2260824053017.fits,WASP-2,2026-08-23T22:30:17.002-0700,2026-08-23,,Clear
WASP-2260824053316.fits,observations\2026-08-24\WASP-2\session_01\WASP-2260824053316.fits,WASP-2,2026-08-23T22:33:16.452-0700,2026-08-23,,Clear
WASP-2260824053616.fits,observations\2026-08-24\WASP-2\session_01\WASP-2260824053616.fits,WASP-2,2026-08-23T22:36:16.852-0700,2026-08-23,,Clear
WASP-2260824053915.fits,observations\2026-08-24\WASP-2\session_01\WASP-2260824053915.fits,WASP-2,2026-08-23T22:39:15.244-0700,2026-08-23,,Clear
WASP-2260824054216.fits,observations\2026-08-24\WASP-2\session_01\WASP-2260824054216.fits,WASP-2,2026-08-23T22:42:16.637-0700,2026-08-23,,Clear
WASP-2260824054516.fits,observations\2026-08-24\WASP-2\session_01\WASP-2260824054516.fits,WASP-2,2026-08-23T22:45:16.148-0700,2026-08-23,,Clear
WASP-2260824054815.fits,observations\2026-08-24\WASP-2\session_01\WASP-2260824054815.fits,WASP-2,2026-08-23T22:48:15.409-0700,2026-08-23,,Clear
WASP-2260824055115.fits,observations\2026-08-24\WASP-2\session_01\WASP-2260824055115.fits,WASP-2,2026-08-23T22:51:15.942-0700,2026-08-23,,Clear
WASP-2260824055415.fits,observations\2026-08-24\WASP-2\session_01\WASP-2260824055415.fits,WASP-2,2026-08-23T22:54:15.429-0700,2026-08-23,,Clear
WASP-2260824055715.fits,observations\2026-08-24\WASP-2\session_01\WASP-2260824055715.fits,WASP-2,2026-08-23T22:57:15.770-0700,2026-08-23,,Clear
WASP-2260824060015.fits,observations\2026-08-24\WASP-2\session_01\WASP-2260824060015.fits,WASP-2,2026-08-23T23:00:15.198-0700,2026-08-23,,Clear
WASP-2260824060315.fits,observations\2026-08-24\WASP-2\session_01\WASP-2260824060315.fits,WASP-2,2026-08-23T23:03:15.545-0700,2026-08-23,,Clear
WASP-2260824060615.fits,observations\2026-08-24\WASP-2\session_01\WASP-2260824060615.fits,WASP-2,2026-08-23T23:06:15.900-0700,2026-08-23,,Clear
WASP-2260824060915.fits,observations\2026-08-24\WASP-2\session_01\WASP-2260824060915.fits,WASP-2,2026-08-23T23:09:15.314-0700,2026-08-23,,Clear
WASP-2260824061215.fits,observations\2026-08-24\WASP-2\session_01\WASP-2260824061215.fits,WASP-2,2026-08-23T23:12:15.788-0700,2026-08-23,,Clear
WASP-2260824061516.fits,observations\2026-08-24\WASP-2\session_01\WASP-2260824061516.fits,WASP-2,2026-08-23T23:15:16.138-0700,2026-08-23,,Clear
WASP-2260824061815.fits,observations\2026-08-24\WASP-2\session_01\WASP-2260824061815.fits,WASP-2,2026-08-23T23:18:15.403-0700,2026-08-23,,Clear
WASP-2260824062115.fits,observations\2026-08-24\WASP-2\session_01\WASP-2260824062115.fits,WASP-2,2026-08-23T23:21:15.825-0700,2026-08-23,,Clear
WASP-2260824062415.fits,observations\2026-08-24\WASP-2\session_01\WASP-2260824062415.fits,WASP-2,2026-08-23T23:24:15.206-0700,2026-08-23,,Clear
WASP-2260824062715.fits,observations\2026-08-24\WASP-2\session_01\WASP-2260824062715.fits,WASP-2,2026-08-23T23:27:15.578-0700,2026-08-23,,Clear
WASP-2260824063016.fits,observations\2026-08-24\WASP-2\session_01\WASP-2260824063016.fits,WASP-2,2026-08-23T23:30:16.047-0700,2026-08-23,,Clear
WASP-2260824063315.fits,observations\2026-08-24\WASP-2\session_01\WASP-2260824063315.fits,WASP-2,2026-08-23T23:33:15.370-0700,2026-08-23,,Clear
WASP-2260824063615.fits,observations\2026-08-24\WASP-2\session_01\WASP-2260824063615.fits,WASP-2,2026-08-23T23:36:15.679-0700,2026-08-23,,Clear
WASP-2260824063916.fits,observations\2026-08-24\WASP-2\session_01\WASP-2260824063916.fits,WASP-2,2026-08-23T23:39:16.023-0700,2026-08-23,,Clear
WASP-2260824064215.fits,observations\2026-08-24\WASP-2\session_01\WASP-2260824064215.fits,WASP-2,2026-08-23T23:42:15.428-0700,2026-08-23,,Clear
WASP-2260824064516.fits,observations\2026-08-24\WASP-2\session_01\WASP-2260824064516.fits,WASP-2,2026-08-23T23:45:16.891-0700,2026-08-23,,Clear
WASP-2260824064815.fits,observations\2026-08-24\WASP-2\session_01\WASP-2260824064815.fits,WASP-2,2026-08-23T23:48:15.312-0700,2026-08-23,,Clear
WASP-2260824065115.fits,observations\2026-08-24\WASP-2\session_01\WASP-2260824065115.fits,WASP-2,2026-08-23T23:51:15.705-0700,2026-08-23,,Clear
WASP-2260824065416.fits,observations\2026-08-24\WASP-2\session_01\WASP-2260824065416.fits,WASP-2,2026-08-23T23:54:16.053-0700,2026-08-23,,Clear
WASP-2260824065715.fits,observations\2026-08-24\WASP-2\session_01\WASP-2260824065715.fits,WASP-2,2026-08-23T23:57:15.424-0700,2026-08-23,,Clear
WASP-2260824070015.fits,observations\2026-08-24\WASP-2\session_01\WASP-2260824070015.fits,WASP-2,2026-08-24T00:00:15.856-0700,2026-08-24,,Clear
WASP-2260824070315.fits,observations\2026-08-24\WASP-2\session_01\WASP-2260824070315.fits,WASP-2,2026-08-24T00:03:15.326-0700,2026-08-24,,Clear
WASP-2260824070615.fits,observations\2026-08-24\WASP-2\session_01\WASP-2260824070615.fits,WASP-2,2026-08-24T00:06:15.690-0700,2026-08-24,,Clear
WASP-2260824070916.fits,observations\2026-08-24\WASP-2\session_01\WASP-2260824070916.fits,WASP-2,2026-08-24T00:09:16.135-0700,2026-08-24,,Clear
WASP-2260824071215.fits,observations\2026-08-24\WASP-2\session_01\WASP-2260824071215.fits,WASP-2,2026-08-24T00:12:15.530-0700,2026-08-24,,Clear
WASP-2260824071515.fits,observations\2026-08-24\WASP-2\session_01\WASP-2260824071515.fits,WASP-2,2026-08-24T00:15:15.898-0700,2026-08-24,,Clear
WASP-2260824071815.fits,observations\2026-08-24\WASP-2\session_01\WASP-2260824071815.fits,WASP-2,2026-08-24T00:18:15.311-0700,2026-08-24,,Clear
WASP-2260824072115.fits,observations\2026-08-24\WASP-2\session_01\WASP-2260824072115.fits,WASP-2,2026-08-24T00:21:15.686-0700,2026-08-24,,Clear
WASP-2260824072416.fits,observations\2026-08-24\WASP-2\session_01\WASP-2260824072416.fits,WASP-2,2026-08-24T00:24:16.019-0700,2026-08-24,,Clear
WASP-2260824072716.fits,observations\2026-08-24\WASP-2\session_01\WASP-2260824072716.fits,WASP-2,2026-08-24T00:27:16.402-0700,2026-08-24,,Clear
WASP-2260824073015.fits,observations\2026-08-24\WASP-2\session_01\WASP-2260824073015.fits,WASP-2,2026-08-24T00:30:15.816-0700,2026-08-24,,Clear
WASP-2260824073315.fits,observations\2026-08-24\WASP-2\session_01\WASP-2260824073315.fits,WASP-2,2026-08-24T00:33:15.185-0700,2026-08-24,,Clear
WASP-2260824073615.fits,observations\2026-08-24\WASP-2\session_01\WASP-2260824073615.fits,WASP-2,2026-08-24T00:36:15.533-0700,2026-08-24,,Clear
WASP-2260824073915.fits,observations\2026-08-24\WASP-2\session_01\WASP-2260824073915.fits,WASP-2,2026-08-24T00:39:15.978-0700,2026-08-24,,Clear
WASP-2260824074215.fits,observations\2026-08-24\WASP-2\session_01\WASP-2260824074215.fits,WASP-2,2026-08-24T00:42:15.350-0700,2026-08-24,,Clear
WASP-2260824074515.fits,observations\2026-08-24\WASP-2\session_01\WASP-2260824074515.fits,WASP-2,2026-08-24T00:45:15.661-0700,2026-08-24,,Clear
WASP-2260824074815.fits,observations\2026-08-24\WASP-2\session_01\WASP-2260824074815.fits,WASP-2,2026-08-24T00:48:15.975-0700,2026-08-24,,Clear
WASP-2260824075115.fits,observations\2026-08-24\WASP-2\session_01\WASP-2260824075115.fits,WASP-2,2026-08-24T00:51:15.384-0700,2026-08-24,,Clear
WASP-2260824075416.fits,observations\2026-08-24\WASP-2\session_01\WASP-2260824075416.fits,WASP-2,2026-08-24T00:54:16.831-0700,2026-08-24,,Clear
WASP-2260824075715.fits,observations\2026-08-24\WASP-2\session_01\WASP-2260824075715.fits,WASP-2,2026-08-24T00:57:15.233-0700,2026-08-24,,Clear
WASP-2260824080015.fits,observations\2026-08-24\WASP-2\session_01\WASP-2260824080015.fits,WASP-2,2026-08-24T01:00:15.668-0700,2026-08-24,,Clear
WASP-2260824080316.fits,observations\2026-08-24\WASP-2\session_01\WASP-2260824080316.fits,WASP-2,2026-08-24T01:03:16.078-0700,2026-08-24,,Clear
WASP-2260824080615.fits,observations\2026-08-24\WASP-2\session_01\WASP-2260824080615.fits,WASP-2,2026-08-24T01:06:15.465-0700,2026-08-24,,Clear
WASP-2260824080915.fits,observations\2026-08-24\WASP-2\session_01\WASP-2260824080915.fits,WASP-2,2026-08-24T01:09:15.785-0700,2026-08-24,,Clear
WASP-2260824081215.fits,observations\2026-08-24\WASP-2\session_01\WASP-2260824081215.fits,WASP-2,2026-08-24T01:12:15.341-0700,2026-08-24,,Clear
WASP-2260824081515.fits,observations\2026-08-24\WASP-2\session_01\WASP-2260824081515.fits,WASP-2,2026-08-24T01:15:15.751-0700,2026-08-24,,Clear
WASP-2260824081816.fits,observations\2026-08-24\WASP-2\session_01\WASP-2260824081816.fits,WASP-2,2026-08-24T01:18:16.150-0700,2026-08-24,,Clear
WASP-2260824082115.fits,observations\2026-08-24\WASP-2\session_01\WASP-2260824082115.fits,WASP-2,2026-08-24T01:21:15.538-0700,2026-08-24,,Clear
WASP-2260824082415.fits,observations\2026-08-24\WASP-2\session_01\WASP-2260824082415.fits,WASP-2,2026-08-24T01:24:15.968-0700,2026-08-24,,Clear
WASP-2260824082715.fits,observations\2026-08-24\WASP-2\session_01\WASP-2260824082715.fits,WASP-2,2026-08-24T01:27:15.273-0700,2026-08-24,,Clear
WASP-2260824083015.fits,observations\2026-08-24\WASP-2\session_01\WASP-2260824083015.fits,WASP-2,2026-08-24T01:30:15.718-0700,2026-08-24,,Clear
WASP-2260824083316.fits,observations\2026-08-24\WASP-2\session_01\WASP-2260824083316.fits,WASP-2,2026-08-24T01:33:16.153-0700,2026-08-24,,Clear
WASP-2260824083615.fits,observations\2026-08-24\WASP-2\session_01\WASP-2260824083615.fits,WASP-2,2026-08-24T01:36:15.447-0700,2026-08-24,,Clear
WASP-2260824083916.fits,observations\2026-08-24\WASP-2\session_01\WASP-2260824083916.fits,WASP-2,2026-08-24T01:39:16.874-0700,2026-08-24,,Clear
TRES-5260826064446.fits,observations\2026-08-26\TRES-5\session_01\TRES-5260826064446.fits,TRES-5,2026-08-25T23:44:46.938-0700,2026-08-25,,Clear
TRES-5260826064630.fits,observations\2026-08-26\TRES-5\session_01\TRES-5260826064630.fits,TRES-5,2026-08-25T23:46:30.182-0700,2026-08-25,,Clear
TRES-5260826064815.fits,observations\2026-08-26\TRES-5\session_01\TRES-5260826064815.fits,TRES-5,2026-08-25T23:48:15.285-0700,2026-08-25,,Clear
TRES-5260826065116.fits,observations\2026-08-26\TRES-5\session_01\TRES-5260826065116.fits,TRES-5,2026-08-25T23:51:16.826-0700,2026-08-25,,Clear
TRES-5260826065416.fits,observations\2026-08-26\TRES-5\session_01\TRES-5260826065416.fits,TRES-5,2026-08-25T23:54:16.151-0700,2026-08-25,,Clear
TRES-5260826065715.fits,observations\2026-08-26\TRES-5\session_01\TRES-5260826065715.fits,TRES-5,2026-08-25T23:57:15.561-0700,2026-08-25,,Clear
TRES-5260826070015.fits,observations\2026-08-26\TRES-5\session_01\TRES-5260826070015.fits,TRES-5,2026-08-26T00:00:15.915-0700,2026-08-26,,Clear
TRES-5260826070315.fits,observations\2026-08-26\TRES-5\session_01\TRES-5260826070315.fits,TRES-5,2026-08-26T00:03:15.462-0700,2026-08-26,,Clear
TRES-5260826070615.fits,observations\2026-08-26\TRES-5\session_01\TRES-5260826070615.fits,TRES-5,2026-08-26T00:06:15.907-0700,2026-08-26,,Clear
TRES-5260826070915.fits,observations\2026-08-26\TRES-5\session_01\TRES-5260826070915.fits,TRES-5,2026-08-26T00:09:15.178-0700,2026-08-26,,Clear
TRES-5260826071215.fits,observations\2026-08-26\TRES-5\session_01\TRES-5260826071215.fits,TRES-5,2026-08-26T00:12:15.486-0700,2026-08-26,,Clear
TRES-5260826071516.fits,observations\2026-08-26\TRES-5\session_01\TRES-5260826071516.fits,TRES-5,2026-08-26T00:15:16.786-0700,2026-08-26,,Clear
TRES-5260826071816.fits,observations\2026-08-26\TRES-5\session_01\TRES-5260826071816.fits,TRES-5,2026-08-26T00:18:16.058-0700,2026-08-26,,Clear
TRES-5260826072115.fits,observations\2026-08-26\TRES-5\session_01\TRES-5260826072115.fits,TRES-5,2026-08-26T00:21:15.402-0700,2026-08-26,,Clear
TRES-5260826072415.fits,observations\2026-08-26\TRES-5\session_01\TRES-5260826072415.fits,TRES-5,2026-08-26T00:24:15.946-0700,2026-08-26,,Clear
TRES-5260826072716.fits,observations\2026-08-26\TRES-5\session_01\TRES-5260826072716.fits,TRES-5,2026-08-26T00:27:16.276-0700,2026-08-26,,Clear
TRES-5260826073016.fits,observations\2026-08-26\TRES-5\session_01\TRES-5260826073016.fits,TRES-5,2026-08-26T00:30:16.840-0700,2026-08-26,,Clear
TRES-5260826073315.fits,observations\2026-08-26\TRES-5\session_01\TRES-5260826073315.fits,TRES-5,2026-08-26T00:33:15.153-0700,2026-08-26,,Clear
TRES-5260826073615.fits,observations\2026-08-26\TRES-5\session_01\TRES-5260826073615.fits,TRES-5,2026-08-26T00:36:15.494-0700,2026-08-26,,Clear
TRES-5260826073915.fits,observations\2026-08-26\TRES-5\session_01\TRES-5260826073915.fits,TRES-5,2026-08-26T00:39:15.966-0700,2026-08-26,,Clear
TRES-5260826074215.fits,observations\2026-08-26\TRES-5\session_01\TRES-5260826074215.fits,TRES-5,2026-08-26T00:42:15.489-0700,2026-08-26,,Clear
TRES-5260826074516.fits,observations\2026-08-26\TRES-5\session_01\TRES-5260826074516.fits,TRES-5,2026-08-26T00:45:16.822-0700,2026-08-26,,Clear
TRES-5260826074815.fits,observations\2026-08-26\TRES-5\session_01\TRES-5260826074815.fits,TRES-5,2026-08-26T00:48:15.159-0700,2026-08-26,,Clear
TRES-5260826075115.fits,observations\2026-08-26\TRES-5\session_01\TRES-5260826075115.fits,TRES-5,2026-08-26T00:51:15.531-0700,2026-08-26,,Clear
TRES-5260826075416.fits,observations\2026-08-26\TRES-5\session_01\TRES-5260826075416.fits,TRES-5,2026-08-26T00:54:16.985-0700,2026-08-26,,Clear
TRES-5260826075716.fits,observations\2026-08-26\TRES-5\session_01\TRES-5260826075716.fits,TRES-5,2026-08-26T00:57:16.437-0700,2026-08-26,,Clear
TRES-5260826080015.fits,observations\2026-08-26\TRES-5\session_01\TRES-5260826080015.fits,TRES-5,2026-08-26T01:00:15.998-0700,2026-08-26,,Clear
TRES-5260826080315.fits,observations\2026-08-26\TRES-5\session_01\TRES-5260826080315.fits,TRES-5,2026-08-26T01:03:15.405-0700,2026-08-26,,Clear
TRES-5260826080615.fits,observations\2026-08-26\TRES-5\session_01\TRES-5260826080615.fits,TRES-5,2026-08-26T01:06:15.786-0700,2026-08-26,,Clear
TRES-5260826080916.fits,observations\2026-08-26\TRES-5\session_01\TRES-5260826080916.fits,TRES-5,2026-08-26T01:09:16.034-0700,2026-08-26,,Clear
TRES-5260826081215.fits,observations\2026-08-26\TRES-5\session_01\TRES-5260826081215.fits,TRES-5,2026-08-26T01:12:15.515-0700,2026-08-26,,Clear
TRES-5260826081516.fits,observations\2026-08-26\TRES-5\session_01\TRES-5260826081516.fits,TRES-5,2026-08-26T01:15:16.870-0700,2026-08-26,,Clear
TRES-5260826081815.fits,observations\2026-08-26\TRES-5\session_01\TRES-5260826081815.fits,TRES-5,2026-08-26T01:18:15.252-0700,2026-08-26,,Clear
TRES-5260826082115.fits,observations\2026-08-26\TRES-5\session_01\TRES-5260826082115.fits,TRES-5,2026-08-26T01:21:15.808-0700,2026-08-26,,Clear
TRES-5260826082415.fits,observations\2026-08-26\TRES-5\session_01\TRES-5260826082415.fits,TRES-5,2026-08-26T01:24:15.183-0700,2026-08-26,,Clear
TRES-5260826082715.fits,observations\2026-08-26\TRES-5\session_01\TRES-5260826082715.fits,TRES-5,2026-08-26T01:27:15.586-0700,2026-08-26,,Clear
TRES-5260826083015.fits,observations\2026-08-26\TRES-5\session_01\TRES-5260826083015.fits,TRES-5,2026-08-26T01:30:15.930-0700,2026-08-26,,Clear
TRES-5260826083316.fits,observations\2026-08-26\TRES-5\session_01\TRES-5260826083316.fits,TRES-5,2026-08-26T01:33:16.321-0700,2026-08-26,,Clear
TRES-5260826083616.fits,observations\2026-08-26\TRES-5\session_01\TRES-5260826083616.fits,TRES-5,2026-08-26T01:36:16.690-0700,2026-08-26,,Clear
TRES-5260826083915.fits,observations\2026-08-26\TRES-5\session_01\TRES-5260826083915.fits,TRES-5,2026-08-26T01:39:15.949-0700,2026-08-26,,Clear
TRES-5260826084215.fits,observations\2026-08-26\TRES-5\session_01\TRES-5260826084215.fits,TRES-5,2026-08-26T01:42:15.381-0700,2026-08-26,,Clear
TRES-5260826084515.fits,observations\2026-08-26\TRES-5\session_01\TRES-5260826084515.fits,TRES-5,2026-08-26T01:45:15.749-0700,2026-08-26,,Clear
TRES-5260826084816.fits,observations\2026-08-26\TRES-5\session_01\TRES-5260826084816.fits,TRES-5,2026-08-26T01:48:16.157-0700,2026-08-26,,Clear
TRES-5260826085116.fits,observations\2026-08-26\TRES-5\session_01\TRES-5260826085116.fits,TRES-5,2026-08-26T01:51:16.477-0700,2026-08-26,,Clear
TRES-5260826085417.fits,observations\2026-08-26\TRES-5\session_01\TRES-5260826085417.fits,TRES-5,2026-08-26T01:54:17.089-0700,2026-08-26,,Clear
TRES-5260826085715.fits,observations\2026-08-26\TRES-5\session_01\TRES-5260826085715.fits,TRES-5,2026-08-26T01:57:15.521-0700,2026-08-26,,Clear
TRES-5260826090015.fits,observations\2026-08-26\TRES-5\session_01\TRES-5260826090015.fits,TRES-5,2026-08-26T02:00:15.978-0700,2026-08-26,,Clear
TRES-5260826090315.fits,observations\2026-08-26\TRES-5\session_01\TRES-5260826090315.fits,TRES-5,2026-08-26T02:03:15.330-0700,2026-08-26,,Clear
TRES-5260826090615.fits,observations\2026-08-26\TRES-5\session_01\TRES-5260826090615.fits,TRES-5,2026-08-26T02:06:15.712-0700,2026-08-26,,Clear
TRES-5260826090916.fits,observations\2026-08-26\TRES-5\session_01\TRES-5260826090916.fits,TRES-5,2026-08-26T02:09:16.026-0700,2026-08-26,,Clear
TRES-5260826091215.fits,observations\2026-08-26\TRES-5\session_01\TRES-5260826091215.fits,TRES-5,2026-08-26T02:12:15.469-0700,2026-08-26,,Clear
TRES-5260826091515.fits,observations\2026-08-26\TRES-5\session_01\TRES-5260826091515.fits,TRES-5,2026-08-26T02:15:15.843-0700,2026-08-26,,Clear
TRES-5260826091815.fits,observations\2026-08-26\TRES-5\session_01\TRES-5260826091815.fits,TRES-5,2026-08-26T02:18:15.335-0700,2026-08-26,,Clear
TRES-5260826092115.fits,observations\2026-08-26\TRES-5\session_01\TRES-5260826092115.fits,TRES-5,2026-08-26T02:21:15.647-0700,2026-08-26,,Clear
TRES-5260826092415.fits,observations\2026-08-26\TRES-5\session_01\TRES-5260826092415.fits,TRES-5,2026-08-26T02:24:15.181-0700,2026-08-26,,Clear
TRES-5260826092715.fits,observations\2026-08-26\TRES-5\session_01\TRES-5260826092715.fits,TRES-5,2026-08-26T02:27:15.488-0700,2026-08-26,,Clear
TRES-5260826093016.fits,observations\2026-08-26\TRES-5\session_01\TRES-5260826093016.fits,TRES-5,2026-08-26T02:30:16.947-0700,2026-08-26,,Clear
TRES-5260826093315.fits,observations\2026-08-26\TRES-5\session_01\TRES-5260826093315.fits,TRES-5,2026-08-26T02:33:15.303-0700,2026-08-26,,Clear
TRES-5260826093615.fits,observations\2026-08-26\TRES-5\session_01\TRES-5260826093615.fits,TRES-5,2026-08-26T02:36:15.700-0700,2026-08-26,,Clear
TRES-5260826093916.fits,observations\2026-08-26\TRES-5\session_01\TRES-5260826093916.fits,TRES-5,2026-08-26T02:39:16.030-0700,2026-08-26,,Clear
TRES-5260826094215.fits,observations\2026-08-26\TRES-5\session_01\TRES-5260826094215.fits,TRES-5,2026-08-26T02:42:15.461-0700,2026-08-26,,Clear
TRES-5260826094515.fits,observations\2026-08-26\TRES-5\session_01\TRES-5260826094515.fits,TRES-5,2026-08-26T02:45:15.817-0700,2026-08-26,,Clear
TRES-5260826094816.fits,observations\2026-08-26\TRES-5\session_01\TRES-5260826094816.fits,TRES-5,2026-08-26T02:48:16.183-0700,2026-08-26,,Clear
TRES-5260826095115.fits,observations\2026-08-26\TRES-5\session_01\TRES-5260826095115.fits,TRES-5,2026-08-26T02:51:15.537-0700,2026-08-26,,Clear
TRES-5260826095415.fits,observations\2026-08-26\TRES-5\session_01\TRES-5260826095415.fits,TRES-5,2026-08-26T02:54:15.968-0700,2026-08-26,,Clear
TRES-5260826095715.fits,observations\2026-08-26\TRES-5\session_01\TRES-5260826095715.fits,TRES-5,2026-08-26T02:57:15.334-0700,2026-08-26,,Clear
TRES-5260826100015.fits,observations\2026-08-26\TRES-5\session_01\TRES-5260826100015.fits,TRES-5,2026-08-26T03:00:15.755-0700,2026-08-26,,Clear
TRES-5260826100315.fits,observations\2026-08-26\TRES-5\session_01\TRES-5260826100315.fits,TRES-5,2026-08-26T03:03:15.142-0700,2026-08-26,,Clear
TRES-5260826100615.fits,observations\2026-08-26\TRES-5\session_01\TRES-5260826100615.fits,TRES-5,2026-08-26T03:06:15.497-0700,2026-08-26,,Clear
TRES-5260826100915.fits,observations\2026-08-26\TRES-5\session_01\TRES-5260826100915.fits,TRES-5,2026-08-26T03:09:15.880-0700,2026-08-26,,Clear
TRES-5260826101215.fits,observations\2026-08-26\TRES-5\session_01\TRES-5260826101215.fits,TRES-5,2026-08-26T03:12:15.321-0700,2026-08-26,,Clear
TRES-5260826101516.fits,observations\2026-08-26\TRES-5\session_01\TRES-5260826101516.fits,TRES-5,2026-08-26T03:15:16.712-0700,2026-08-26,,Clear
TRES-5260826101817.fits,observations\2026-08-26\TRES-5\session_01\TRES-5260826101817.fits,TRES-5,2026-08-26T03:18:17.153-0700,2026-08-26,,Clear
TRES-5260826102115.fits,observations\2026-08-26\TRES-5\session_01\TRES-5260826102115.fits,TRES-5,2026-08-26T03:21:15.525-0700,2026-08-26,,Clear
TRES-3260827053937.fits,observations\2026-08-27\TRES-3\session_01\TRES-3260827053937.fits,TRES-3,2026-08-26T22:39:37.519-0700,2026-08-26,,Clear
TRES-3260827054215.fits,observations\2026-08-27\TRES-3\session_01\TRES-3260827054215.fits,TRES-3,2026-08-26T22:42:15.162-0700,2026-08-26,,Clear
TRES-3260827054515.fits,observations\2026-08-27\TRES-3\session_01\TRES-3260827054515.fits,TRES-3,2026-08-26T22:45:15.673-0700,2026-08-26,,Clear
TRES-3260827054816.fits,observations\2026-08-27\TRES-3\session_01\TRES-3260827054816.fits,TRES-3,2026-08-26T22:48:16.323-0700,2026-08-26,,Clear
TRES-3260827055115.fits,observations\2026-08-27\TRES-3\session_01\TRES-3260827055115.fits,TRES-3,2026-08-26T22:51:15.888-0700,2026-08-26,,Clear
TRES-3260827055415.fits,observations\2026-08-27\TRES-3\session_01\TRES-3260827055415.fits,TRES-3,2026-08-26T22:54:15.483-0700,2026-08-26,,Clear
TRES-3260827055716.fits,observations\2026-08-27\TRES-3\session_01\TRES-3260827055716.fits,TRES-3,2026-08-26T22:57:16.044-0700,2026-08-26,,Clear
TRES-3260827060015.fits,observations\2026-08-27\TRES-3\session_01\TRES-3260827060015.fits,TRES-3,2026-08-26T23:00:15.701-0700,2026-08-26,,Clear
TRES-3260827060315.fits,observations\2026-08-27\TRES-3\session_01\TRES-3260827060315.fits,TRES-3,2026-08-26T23:03:15.336-0700,2026-08-26,,Clear
TRES-3260827060616.fits,observations\2026-08-27\TRES-3\session_01\TRES-3260827060616.fits,TRES-3,2026-08-26T23:06:16.031-0700,2026-08-26,,Clear
TRES-3260827060915.fits,observations\2026-08-27\TRES-3\session_01\TRES-3260827060915.fits,TRES-3,2026-08-26T23:09:15.504-0700,2026-08-26,,Clear
TRES-3260827061215.fits,observations\2026-08-27\TRES-3\session_01\TRES-3260827061215.fits,TRES-3,2026-08-26T23:12:15.171-0700,2026-08-26,,Clear
TRES-3260827061515.fits,observations\2026-08-27\TRES-3\session_01\TRES-3260827061515.fits,TRES-3,2026-08-26T23:15:15.652-0700,2026-08-26,,Clear
TRES-3260827061815.fits,observations\2026-08-27\TRES-3\session_01\TRES-3260827061815.fits,TRES-3,2026-08-26T23:18:15.200-0700,2026-08-26,,Clear
TRES-3260827062115.fits,observations\2026-08-27\TRES-3\session_01\TRES-3260827062115.fits,TRES-3,2026-08-26T23:21:15.793-0700,2026-08-26,,Clear
TRES-3260827062415.fits,observations\2026-08-27\TRES-3\session_01\TRES-3260827062415.fits,TRES-3,2026-08-26T23:24:15.423-0700,2026-08-26,,Clear
TRES-3260827062716.fits,observations\2026-08-27\TRES-3\session_01\TRES-3260827062716.fits,TRES-3,2026-08-26T23:27:16.076-0700,2026-08-26,,Clear
TRES-3260827063015.fits,observations\2026-08-27\TRES-3\session_01\TRES-3260827063015.fits,TRES-3,2026-08-26T23:30:15.625-0700,2026-08-26,,Clear
TRES-3260827063315.fits,observations\2026-08-27\TRES-3\session_01\TRES-3260827063315.fits,TRES-3,2026-08-26T23:33:15.391-0700,2026-08-26,,Clear
TRES-3260827063615.fits,observations\2026-08-27\TRES-3\session_01\TRES-3260827063615.fits,TRES-3,2026-08-26T23:36:15.943-0700,2026-08-26,,Clear
TRES-3260827063915.fits,observations\2026-08-27\TRES-3\session_01\TRES-3260827063915.fits,TRES-3,2026-08-26T23:39:15.557-0700,2026-08-26,,Clear
TRES-3260827064215.fits,observations\2026-08-27\TRES-3\session_01\TRES-3260827064215.fits,TRES-3,2026-08-26T23:42:15.160-0700,2026-08-26,,Clear
TRES-3260827064515.fits,observations\2026-08-27\TRES-3\session_01\TRES-3260827064515.fits,TRES-3,2026-08-26T23:45:15.725-0700,2026-08-26,,Clear
TRES-3260827064815.fits,observations\2026-08-27\TRES-3\session_01\TRES-3260827064815.fits,TRES-3,2026-08-26T23:48:15.536-0700,2026-08-26,,Clear
TRES-3260827065116.fits,observations\2026-08-27\TRES-3\session_01\TRES-3260827065116.fits,TRES-3,2026-08-26T23:51:16.121-0700,2026-08-26,,Clear
TRES-3260827065416.fits,observations\2026-08-27\TRES-3\session_01\TRES-3260827065416.fits,TRES-3,2026-08-26T23:54:16.729-0700,2026-08-26,,Clear
TRES-3260827065715.fits,observations\2026-08-27\TRES-3\session_01\TRES-3260827065715.fits,TRES-3,2026-08-26T23:57:15.270-0700,2026-08-26,,Clear
TRES-3260827070015.fits,observations\2026-08-27\TRES-3\session_01\TRES-3260827070015.fits,TRES-3,2026-08-27T00:00:15.929-0700,2026-08-27,,Clear
TRES-3260827070315.fits,observations\2026-08-27\TRES-3\session_01\TRES-3260827070315.fits,TRES-3,2026-08-27T00:03:15.517-0700,2026-08-27,,Clear
TRES-3260827070615.fits,observations\2026-08-27\TRES-3\session_01\TRES-3260827070615.fits,TRES-3,2026-08-27T00:06:15.221-0700,2026-08-27,,Clear
TRES-3260827070916.fits,observations\2026-08-27\TRES-3\session_01\TRES-3260827070916.fits,TRES-3,2026-08-27T00:09:16.758-0700,2026-08-27,,Clear
TRES-3260827071215.fits,observations\2026-08-27\TRES-3\session_01\TRES-3260827071215.fits,TRES-3,2026-08-27T00:12:15.357-0700,2026-08-27,,Clear
TRES-3260827071516.fits,observations\2026-08-27\TRES-3\session_01\TRES-3260827071516.fits,TRES-3,2026-08-27T00:15:16.088-0700,2026-08-27,,Clear
TRES-3260827071816.fits,observations\2026-08-27\TRES-3\session_01\TRES-3260827071816.fits,TRES-3,2026-08-27T00:18:16.716-0700,2026-08-27,,Clear
TRES-3260827072115.fits,observations\2026-08-27\TRES-3\session_01\TRES-3260827072115.fits,TRES-3,2026-08-27T00:21:15.278-0700,2026-08-27,,Clear
TRES-3260827072416.fits,observations\2026-08-27\TRES-3\session_01\TRES-3260827072416.fits,TRES-3,2026-08-27T00:24:16.820-0700,2026-08-27,,Clear
TRES-3260827072715.fits,observations\2026-08-27\TRES-3\session_01\TRES-3260827072715.fits,TRES-3,2026-08-27T00:27:15.337-0700,2026-08-27,,Clear
TRES-3260827073015.fits,observations\2026-08-27\TRES-3\session_01\TRES-3260827073015.fits,TRES-3,2026-08-27T00:30:15.822-0700,2026-08-27,,Clear
TRES-3260827073315.fits,observations\2026-08-27\TRES-3\session_01\TRES-3260827073315.fits,TRES-3,2026-08-27T00:33:15.455-0700,2026-08-27,,Clear
TRES-3260827073616.fits,observations\2026-08-27\TRES-3\session_01\TRES-3260827073616.fits,TRES-3,2026-08-27T00:36:16.028-0700,2026-08-27,,Clear
TRES-3260827073916.fits,observations\2026-08-27\TRES-3\session_01\TRES-3260827073916.fits,TRES-3,2026-08-27T00:39:16.621-0700,2026-08-27,,Clear
TRES-3260827074215.fits,observations\2026-08-27\TRES-3\session_01\TRES-3260827074215.fits,TRES-3,2026-08-27T00:42:15.182-0700,2026-08-27,,Clear
TRES-3260827074516.fits,observations\2026-08-27\TRES-3\session_01\TRES-3260827074516.fits,TRES-3,2026-08-27T00:45:16.778-0700,2026-08-27,,Clear
TRES-3260827074816.fits,observations\2026-08-27\TRES-3\session_01\TRES-3260827074816.fits,TRES-3,2026-08-27T00:48:16.276-0700,2026-08-27,,Clear
TRES-3260827075115.fits,observations\2026-08-27\TRES-3\session_01\TRES-3260827075115.fits,TRES-3,2026-08-27T00:51:15.866-0700,2026-08-27,,Clear
TRES-3260827075415.fits,observations\2026-08-27\TRES-3\session_01\TRES-3260827075415.fits,TRES-3,2026-08-27T00:54:15.395-0700,2026-08-27,,Clear
TRES-3260827075716.fits,observations\2026-08-27\TRES-3\session_01\TRES-3260827075716.fits,TRES-3,2026-08-27T00:57:16.033-0700,2026-08-27,,Clear
TRES-3260827080016.fits,observations\2026-08-27\TRES-3\session_01\TRES-3260827080016.fits,TRES-3,2026-08-27T01:00:16.702-0700,2026-08-27,,Clear
TRES-3260827080316.fits,observations\2026-08-27\TRES-3\session_01\TRES-3260827080316.fits,TRES-3,2026-08-27T01:03:16.278-0700,2026-08-27,,Clear
TRES-3260827080615.fits,observations\2026-08-27\TRES-3\session_01\TRES-3260827080615.fits,TRES-3,2026-08-27T01:06:15.799-0700,2026-08-27,,Clear
TRES-3260827080915.fits,observations\2026-08-27\TRES-3\session_01\TRES-3260827080915.fits,TRES-3,2026-08-27T01:09:15.414-0700,2026-08-27,,Clear
TRES-3260827081216.fits,observations\2026-08-27\TRES-3\session_01\TRES-3260827081216.fits,TRES-3,2026-08-27T01:12:16.057-0700,2026-08-27,,Clear
TRES-3260827081515.fits,observations\2026-08-27\TRES-3\session_01\TRES-3260827081515.fits,TRES-3,2026-08-27T01:15:15.700-0700,2026-08-27,,Clear
TRES-3260827081815.fits,observations\2026-08-27\TRES-3\session_01\TRES-3260827081815.fits,TRES-3,2026-08-27T01:18:15.294-0700,2026-08-27,,Clear
TRES-3260827082115.fits,observations\2026-08-27\TRES-3\session_01\TRES-3260827082115.fits,TRES-3,2026-08-27T01:21:15.883-0700,2026-08-27,,Clear
TRES-3260827082415.fits,observations\2026-08-27\TRES-3\session_01\TRES-3260827082415.fits,TRES-3,2026-08-27T01:24:15.491-0700,2026-08-27,,Clear
TRES-3260827082716.fits,observations\2026-08-27\TRES-3\session_01\TRES-3260827082716.fits,TRES-3,2026-08-27T01:27:16.111-0700,2026-08-27,,Clear
TRES-3260827083015.fits,observations\2026-08-27\TRES-3\session_01\TRES-3260827083015.fits,TRES-3,2026-08-27T01:30:15.655-0700,2026-08-27,,Clear
TRES-3260827083315.fits,observations\2026-08-27\TRES-3\session_01\TRES-3260827083315.fits,TRES-3,2026-08-27T01:33:15.186-0700,2026-08-27,,Clear
TRES-3260827083616.fits,observations\2026-08-27\TRES-3\session_01\TRES-3260827083616.fits,TRES-3,2026-08-27T01:36:16.784-0700,2026-08-27,,Clear
TRES-3260827083915.fits,observations\2026-08-27\TRES-3\session_01\TRES-3260827083915.fits,TRES-3,2026-08-27T01:39:15.305-0700,2026-08-27,,Clear
TRES-3260827084215.fits,observations\2026-08-27\TRES-3\session_01\TRES-3260827084215.fits,TRES-3,2026-08-27T01:42:15.911-0700,2026-08-27,,Clear
TRES-3260827084515.fits,observations\2026-08-27\TRES-3\session_01\TRES-3260827084515.fits,TRES-3,2026-08-27T01:45:15.564-0700,2026-08-27,,Clear
TRES-3260827084816.fits,observations\2026-08-27\TRES-3\session_01\TRES-3260827084816.fits,TRES-3,2026-08-27T01:48:16.148-0700,2026-08-27,,Clear
TRES-3260827085115.fits,observations\2026-08-27\TRES-3\session_01\TRES-3260827085115.fits,TRES-3,2026-08-27T01:51:15.763-0700,2026-08-27,,Clear
TRES-3260827085415.fits,observations\2026-08-27\TRES-3\session_01\TRES-3260827085415.fits,TRES-3,2026-08-27T01:54:15.355-0700,2026-08-27,,Clear
TRES-3260827085715.fits,observations\2026-08-27\TRES-3\session_01\TRES-3260827085715.fits,TRES-3,2026-08-27T01:57:16.001-0700,2026-08-27,,Clear
TRES-3260827090015.fits,observations\2026-08-27\TRES-3\session_01\TRES-3260827090015.fits,TRES-3,2026-08-27T02:00:15.688-0700,2026-08-27,,Clear
TRES-3260827090316.fits,observations\2026-08-27\TRES-3\session_01\TRES-3260827090316.fits,TRES-3,2026-08-27T02:03:16.288-0700,2026-08-27,,Clear
TRES-3260827090617.fits,observations\2026-08-27\TRES-3\session_01\TRES-3260827090617.fits,TRES-3,2026-08-27T02:06:17.095-0700,2026-08-27,,Clear
Qatar-1260828070036.fits,observations\2026-08-28\Qatar-1\session_01\Qatar-1260828070036.fits,Qatar-1,2026-08-28T00:00:36.825-0700,2026-08-28,,Clear
Qatar-1260828070315.fits,observations\2026-08-28\Qatar-1\session_01\Qatar-1260828070315.fits,Qatar-1,2026-08-28T00:03:15.385-0700,2026-08-28,,Clear
Qatar-1260828070615.fits,observations\2026-08-28\Qatar-1\session_01\Qatar-1260828070615.fits,Qatar-1,2026-08-28T00:06:15.816-0700,2026-08-28,,Clear
Qatar-1260828070915.fits,observations\2026-08-28\Qatar-1\session_01\Qatar-1260828070915.fits,Qatar-1,2026-08-28T00:09:15.161-0700,2026-08-28,,Clear
Qatar-1260828071215.fits,observations\2026-08-28\Qatar-1\session_01\Qatar-1260828071215.fits,Qatar-1,2026-08-28T00:12:15.602-0700,2026-08-28,,Clear
Qatar-1260828071516.fits,observations\2026-08-28\Qatar-1\session_01\Qatar-1260828071516.fits,Qatar-1,2026-08-28T00:15:16.963-0700,2026-08-28,,Clear
Qatar-1260828071815.fits,observations\2026-08-28\Qatar-1\session_01\Qatar-1260828071815.fits,Qatar-1,2026-08-28T00:18:15.526-0700,2026-08-28,,Clear
Qatar-1260828072115.fits,observations\2026-08-28\Qatar-1\session_01\Qatar-1260828072115.fits,Qatar-1,2026-08-28T00:21:15.944-0700,2026-08-28,,Clear
Qatar-1260828072415.fits,observations\2026-08-28\Qatar-1\session_01\Qatar-1260828072415.fits,Qatar-1,2026-08-28T00:24:15.288-0700,2026-08-28,,Clear
Qatar-1260828072716.fits,observations\2026-08-28\Qatar-1\session_01\Qatar-1260828072716.fits,Qatar-1,2026-08-28T00:27:16.763-0700,2026-08-28,,Clear
Qatar-1260828073016.fits,observations\2026-08-28\Qatar-1\session_01\Qatar-1260828073016.fits,Qatar-1,2026-08-28T00:30:16.117-0700,2026-08-28,,Clear
Qatar-1260828073315.fits,observations\2026-08-28\Qatar-1\session_01\Qatar-1260828073315.fits,Qatar-1,2026-08-28T00:33:15.719-0700,2026-08-28,,Clear
Qatar-1260828073616.fits,observations\2026-08-28\Qatar-1\session_01\Qatar-1260828073616.fits,Qatar-1,2026-08-28T00:36:16.096-0700,2026-08-28,,Clear
Qatar-1260828073915.fits,observations\2026-08-28\Qatar-1\session_01\Qatar-1260828073915.fits,Qatar-1,2026-08-28T00:39:15.552-0700,2026-08-28,,Clear
Qatar-1260828074216.fits,observations\2026-08-28\Qatar-1\session_01\Qatar-1260828074216.fits,Qatar-1,2026-08-28T00:42:16.279-0700,2026-08-28,,Clear
Qatar-1260828074515.fits,observations\2026-08-28\Qatar-1\session_01\Qatar-1260828074515.fits,Qatar-1,2026-08-28T00:45:15.741-0700,2026-08-28,,Clear
Qatar-1260828074815.fits,observations\2026-08-28\Qatar-1\session_01\Qatar-1260828074815.fits,Qatar-1,2026-08-28T00:48:15.179-0700,2026-08-28,,Clear
Qatar-1260828075116.fits,observations\2026-08-28\Qatar-1\session_01\Qatar-1260828075116.fits,Qatar-1,2026-08-28T00:51:16.591-0700,2026-08-28,,Clear
Qatar-1260828075416.fits,observations\2026-08-28\Qatar-1\session_01\Qatar-1260828075416.fits,Qatar-1,2026-08-28T00:54:16.079-0700,2026-08-28,,Clear
Qatar-1260828075715.fits,observations\2026-08-28\Qatar-1\session_01\Qatar-1260828075715.fits,Qatar-1,2026-08-28T00:57:15.496-0700,2026-08-28,,Clear
Qatar-1260828080016.fits,observations\2026-08-28\Qatar-1\session_01\Qatar-1260828080016.fits,Qatar-1,2026-08-28T01:00:16.966-0700,2026-08-28,,Clear
Qatar-1260828080315.fits,observations\2026-08-28\Qatar-1\session_01\Qatar-1260828080315.fits,Qatar-1,2026-08-28T01:03:15.476-0700,2026-08-28,,Clear
Qatar-1260828080615.fits,observations\2026-08-28\Qatar-1\session_01\Qatar-1260828080615.fits,Qatar-1,2026-08-28T01:06:15.920-0700,2026-08-28,,Clear
Qatar-1260828080915.fits,observations\2026-08-28\Qatar-1\session_01\Qatar-1260828080915.fits,Qatar-1,2026-08-28T01:09:15.393-0700,2026-08-28,,Clear
Qatar-1260828081215.fits,observations\2026-08-28\Qatar-1\session_01\Qatar-1260828081215.fits,Qatar-1,2026-08-28T01:12:15.875-0700,2026-08-28,,Clear
Qatar-1260828081515.fits,observations\2026-08-28\Qatar-1\session_01\Qatar-1260828081515.fits,Qatar-1,2026-08-28T01:15:15.316-0700,2026-08-28,,Clear
Qatar-1260828081815.fits,observations\2026-08-28\Qatar-1\session_01\Qatar-1260828081815.fits,Qatar-1,2026-08-28T01:18:15.654-0700,2026-08-28,,Clear
Qatar-1260828082115.fits,observations\2026-08-28\Qatar-1\session_01\Qatar-1260828082115.fits,Qatar-1,2026-08-28T01:21:15.156-0700,2026-08-28,,Clear
Qatar-1260828082415.fits,observations\2026-08-28\Qatar-1\session_01\Qatar-1260828082415.fits,Qatar-1,2026-08-28T01:24:15.730-0700,2026-08-28,,Clear
Qatar-1260828082716.fits,observations\2026-08-28\Qatar-1\session_01\Qatar-1260828082716.fits,Qatar-1,2026-08-28T01:27:16.146-0700,2026-08-28,,Clear
Qatar-1260828083015.fits,observations\2026-08-28\Qatar-1\session_01\Qatar-1260828083015.fits,Qatar-1,2026-08-28T01:30:15.449-0700,2026-08-28,,Clear
Qatar-1260828083315.fits,observations\2026-08-28\Qatar-1\session_01\Qatar-1260828083315.fits,Qatar-1,2026-08-28T01:33:15.885-0700,2026-08-28,,Clear
Qatar-1260828083615.fits,observations\2026-08-28\Qatar-1\session_01\Qatar-1260828083615.fits,Qatar-1,2026-08-28T01:36:15.361-0700,2026-08-28,,Clear
Qatar-1260828083915.fits,observations\2026-08-28\Qatar-1\session_01\Qatar-1260828083915.fits,Qatar-1,2026-08-28T01:39:15.767-0700,2026-08-28,,Clear
Qatar-1260828084215.fits,observations\2026-08-28\Qatar-1\session_01\Qatar-1260828084215.fits,Qatar-1,2026-08-28T01:42:15.200-0700,2026-08-28,,Clear
Qatar-1260828084515.fits,observations\2026-08-28\Qatar-1\session_01\Qatar-1260828084515.fits,Qatar-1,2026-08-28T01:45:15.574-0700,2026-08-28,,Clear
Qatar-1260828084815.fits,observations\2026-08-28\Qatar-1\session_01\Qatar-1260828084815.fits,Qatar-1,2026-08-28T01:48:15.915-0700,2026-08-28,,Clear
Qatar-1260828085115.fits,observations\2026-08-28\Qatar-1\session_01\Qatar-1260828085115.fits,Qatar-1,2026-08-28T01:51:15.242-0700,2026-08-28,,Clear
Qatar-1260828085415.fits,observations\2026-08-28\Qatar-1\session_01\Qatar-1260828085415.fits,Qatar-1,2026-08-28T01:54:15.757-0700,2026-08-28,,Clear
Qatar-1260828085716.fits,observations\2026-08-28\Qatar-1\session_01\Qatar-1260828085716.fits,Qatar-1,2026-08-28T01:57:16.088-0700,2026-08-28,,Clear
Qatar-1260828090015.fits,observations\2026-08-28\Qatar-1\session_01\Qatar-1260828090015.fits,Qatar-1,2026-08-28T02:00:15.358-0700,2026-08-28,,Clear
Qatar-1260828090316.fits,observations\2026-08-28\Qatar-1\session_01\Qatar-1260828090316.fits,Qatar-1,2026-08-28T02:03:16.731-0700,2026-08-28,,Clear
Qatar-1260828090616.fits,observations\2026-08-28\Qatar-1\session_01\Qatar-1260828090616.fits,Qatar-1,2026-08-28T02:06:16.064-0700,2026-08-28,,Clear
Qatar-1260828090915.fits,observations\2026-08-28\Qatar-1\session_01\Qatar-1260828090915.fits,Qatar-1,2026-08-28T02:09:15.399-0700,2026-08-28,,Clear
Qatar-1260828091215.fits,observations\2026-08-28\Qatar-1\session_01\Qatar-1260828091215.fits,Qatar-1,2026-08-28T02:12:15.867-0700,2026-08-28,,Clear
Qatar-1260828091515.fits,observations\2026-08-28\Qatar-1\session_01\Qatar-1260828091515.fits,Qatar-1,2026-08-28T02:15:15.447-0700,2026-08-28,,Clear
Qatar-1260828091815.fits,observations\2026-08-28\Qatar-1\session_01\Qatar-1260828091815.fits,Qatar-1,2026-08-28T02:18:15.922-0700,2026-08-28,,Clear
Qatar-1260828092115.fits,observations\2026-08-28\Qatar-1\session_01\Qatar-1260828092115.fits,Qatar-1,2026-08-28T02:21:15.248-0700,2026-08-28,,Clear
Qatar-1260828092416.fits,observations\2026-08-28\Qatar-1\session_01\Qatar-1260828092416.fits,Qatar-1,2026-08-28T02:24:16.776-0700,2026-08-28,,Clear
Qatar-1260828092716.fits,observations\2026-08-28\Qatar-1\session_01\Qatar-1260828092716.fits,Qatar-1,2026-08-28T02:27:16.152-0700,2026-08-28,,Clear
Qatar-1260828093016.fits,observations\2026-08-28\Qatar-1\session_01\Qatar-1260828093016.fits,Qatar-1,2026-08-28T02:30:16.599-0700,2026-08-28,,Clear
Qatar-1260828093315.fits,observations\2026-08-28\Qatar-1\session_01\Qatar-1260828093315.fits,Qatar-1,2026-08-28T02:33:15.449-0700,2026-08-28,,Clear
Qatar-1260828093615.fits,observations\2026-08-28\Qatar-1\session_01\Qatar-1260828093615.fits,Qatar-1,2026-08-28T02:36:15.825-0700,2026-08-28,,Clear
Qatar-1260828093915.fits,observations\2026-08-28\Qatar-1\session_01\Qatar-1260828093915.fits,Qatar-1,2026-08-28T02:39:15.262-0700,2026-08-28,,Clear
Qatar-1260828094215.fits,observations\2026-08-28\Qatar-1\session_01\Qatar-1260828094215.fits,Qatar-1,2026-08-28T02:42:15.725-0700,2026-08-28,,Clear
Qatar-1260828094516.fits,observations\2026-08-28\Qatar-1\session_01\Qatar-1260828094516.fits,Qatar-1,2026-08-28T02:45:16.062-0700,2026-08-28,,Clear
Qatar-1260828094815.fits,observations\2026-08-28\Qatar-1\session_01\Qatar-1260828094815.fits,Qatar-1,2026-08-28T02:48:15.444-0700,2026-08-28,,Clear
Qatar-1260828095115.fits,observations\2026-08-28\Qatar-1\session_01\Qatar-1260828095115.fits,Qatar-1,2026-08-28T02:51:15.764-0700,2026-08-28,,Clear
Qatar-1260828095715.fits,observations\2026-08-28\Qatar-1\session_01\Qatar-1260828095715.fits,Qatar-1,2026-08-28T02:57:15.678-0700,2026-08-28,,Clear
Qatar-1260828100016.fits,observations\2026-08-28\Qatar-1\session_01\Qatar-1260828100016.fits,Qatar-1,2026-08-28T03:00:16.120-0700,2026-08-28,,Clear
Qatar-1260828100315.fits,observations\2026-08-28\Qatar-1\session_01\Qatar-1260828100315.fits,Qatar-1,2026-08-28T03:03:15.673-0700,2026-08-28,,Clear
Qatar-1260828100616.fits,observations\2026-08-28\Qatar-1\session_01\Qatar-1260828100616.fits,Qatar-1,2026-08-28T03:06:16.050-0700,2026-08-28,,Clear
Qatar-1260828100915.fits,observations\2026-08-28\Qatar-1\session_01\Qatar-1260828100915.fits,Qatar-1,2026-08-28T03:09:15.394-0700,2026-08-28,,Clear
Qatar-1260828101215.fits,observations\2026-08-28\Qatar-1\session_01\Qatar-1260828101215.fits,Qatar-1,2026-08-28T03:12:15.841-0700,2026-08-28,,Clear
Qatar-1260828101516.fits,observations\2026-08-28\Qatar-1\session_01\Qatar-1260828101516.fits,Qatar-1,2026-08-28T03:15:16.266-0700,2026-08-28,,Clear
Qatar-1260828101815.fits,observations\2026-08-28\Qatar-1\session_01\Qatar-1260828101815.fits,Qatar-1,2026-08-28T03:18:15.549-0700,2026-08-28,,Clear
Qatar-1260828102115.fits,observations\2026-08-28\Qatar-1\session_01\Qatar-1260828102115.fits,Qatar-1,2026-08-28T03:21:15.937-0700,2026-08-28,,Clear
Qatar-1260828102415.fits,observations\2026-08-28\Qatar-1\session_01\Qatar-1260828102415.fits,Qatar-1,2026-08-28T03:24:15.443-0700,2026-08-28,,Clear
Qatar-1260828102715.fits,observations\2026-08-28\Qatar-1\session_01\Qatar-1260828102715.fits,Qatar-1,2026-08-28T03:27:15.867-0700,2026-08-28,,Clear
Qatar-1260828103015.fits,observations\2026-08-28\Qatar-1\session_01\Qatar-1260828103015.fits,Qatar-1,2026-08-28T03:30:15.357-0700,2026-08-28,,Clear
Qatar-1260828103315.fits,observations\2026-08-28\Qatar-1\session_01\Qatar-1260828103315.fits,Qatar-1,2026-08-28T03:33:15.770-0700,2026-08-28,,Clear
Qatar-1260828103616.fits,observations\2026-08-28\Qatar-1\session_01\Qatar-1260828103616.fits,Qatar-1,2026-08-28T03:36:16.013-0700,2026-08-28,,Clear
Qatar-1260828103915.fits,observations\2026-08-28\Qatar-1\session_01\Qatar-1260828103915.fits,Qatar-1,2026-08-28T03:39:15.361-0700,2026-08-28,,Clear
TRES-5260829055250.fits,observations\2026-08-29\TRES-5\session_01\TRES-5260829055250.fits,TRES-5,2026-08-28T22:52:50.942-0700,2026-08-28,,Clear
TRES-5260829055721.fits,observations\2026-08-29\TRES-5\session_01\TRES-5260829055721.fits,TRES-5,2026-08-28T22:57:21.979-0700,2026-08-28,,Clear
TRES-5260829060207.fits,observations\2026-08-29\TRES-5\session_01\TRES-5260829060207.fits,TRES-5,2026-08-28T23:02:07.961-0700,2026-08-28,,Clear
TRES-5260829060706.fits,observations\2026-08-29\TRES-5\session_01\TRES-5260829060706.fits,TRES-5,2026-08-28T23:07:06.017-0700,2026-08-28,,Clear
TRES-5260829060851.fits,observations\2026-08-29\TRES-5\session_01\TRES-5260829060851.fits,TRES-5,2026-08-28T23:08:51.200-0700,2026-08-28,,Clear
TRES-5260829061035.fits,observations\2026-08-29\TRES-5\session_01\TRES-5260829061035.fits,TRES-5,2026-08-28T23:10:35.381-0700,2026-08-28,,Clear
TRES-5260829061219.fits,observations\2026-08-29\TRES-5\session_01\TRES-5260829061219.fits,TRES-5,2026-08-28T23:12:19.532-0700,2026-08-28,,Clear
TRES-5260829061402.fits,observations\2026-08-29\TRES-5\session_01\TRES-5260829061402.fits,TRES-5,2026-08-28T23:14:02.685-0700,2026-08-28,,Clear
TRES-5260829061546.fits,observations\2026-08-29\TRES-5\session_01\TRES-5260829061546.fits,TRES-5,2026-08-28T23:15:46.847-0700,2026-08-28,,Clear
TRES-5260829061815.fits,observations\2026-08-29\TRES-5\session_01\TRES-5260829061815.fits,TRES-5,2026-08-28T23:18:15.305-0700,2026-08-28,,Clear
TRES-5260829062115.fits,observations\2026-08-29\TRES-5\session_01\TRES-5260829062115.fits,TRES-5,2026-08-28T23:21:15.772-0700,2026-08-28,,Clear
TRES-5260829062415.fits,observations\2026-08-29\TRES-5\session_01\TRES-5260829062415.fits,TRES-5,2026-08-28T23:24:15.338-0700,2026-08-28,,Clear
TRES-5260829062715.fits,observations\2026-08-29\TRES-5\session_01\TRES-5260829062715.fits,TRES-5,2026-08-28T23:27:15.729-0700,2026-08-28,,Clear
TRES-5260829063015.fits,observations\2026-08-29\TRES-5\session_01\TRES-5260829063015.fits,TRES-5,2026-08-28T23:30:15.212-0700,2026-08-28,,Clear
TRES-5260829063315.fits,observations\2026-08-29\TRES-5\session_01\TRES-5260829063315.fits,TRES-5,2026-08-28T23:33:15.700-0700,2026-08-28,,Clear
TRES-5260829063616.fits,observations\2026-08-29\TRES-5\session_01\TRES-5260829063616.fits,TRES-5,2026-08-28T23:36:16.131-0700,2026-08-28,,Clear
TRES-5260829063915.fits,observations\2026-08-29\TRES-5\session_01\TRES-5260829063915.fits,TRES-5,2026-08-28T23:39:15.551-0700,2026-08-28,,Clear
TRES-5260829064216.fits,observations\2026-08-29\TRES-5\session_01\TRES-5260829064216.fits,TRES-5,2026-08-28T23:42:16.888-0700,2026-08-28,,Clear
TRES-5260829064515.fits,observations\2026-08-29\TRES-5\session_01\TRES-5260829064515.fits,TRES-5,2026-08-28T23:45:15.161-0700,2026-08-28,,Clear
TRES-5260829064815.fits,observations\2026-08-29\TRES-5\session_01\TRES-5260829064815.fits,TRES-5,2026-08-28T23:48:15.637-0700,2026-08-28,,Clear
TRES-5260829065115.fits,observations\2026-08-29\TRES-5\session_01\TRES-5260829065115.fits,TRES-5,2026-08-28T23:51:15.957-0700,2026-08-28,,Clear
TRES-5260829065415.fits,observations\2026-08-29\TRES-5\session_01\TRES-5260829065415.fits,TRES-5,2026-08-28T23:54:15.369-0700,2026-08-28,,Clear
TRES-5260829065715.fits,observations\2026-08-29\TRES-5\session_01\TRES-5260829065715.fits,TRES-5,2026-08-28T23:57:15.811-0700,2026-08-28,,Clear
TRES-5260829070015.fits,observations\2026-08-29\TRES-5\session_01\TRES-5260829070015.fits,TRES-5,2026-08-29T00:00:15.243-0700,2026-08-29,,Clear
TRES-5260829070315.fits,observations\2026-08-29\TRES-5\session_01\TRES-5260829070315.fits,TRES-5,2026-08-29T00:03:15.751-0700,2026-08-29,,Clear
TRES-5260829070615.fits,observations\2026-08-29\TRES-5\session_01\TRES-5260829070615.fits,TRES-5,2026-08-29T00:06:15.168-0700,2026-08-29,,Clear
TRES-5260829070915.fits,observations\2026-08-29\TRES-5\session_01\TRES-5260829070915.fits,TRES-5,2026-08-29T00:09:15.569-0700,2026-08-29,,Clear
TRES-5260829071215.fits,observations\2026-08-29\TRES-5\session_01\TRES-5260829071215.fits,TRES-5,2026-08-29T00:12:15.980-0700,2026-08-29,,Clear
TRES-5260829071516.fits,observations\2026-08-29\TRES-5\session_01\TRES-5260829071516.fits,TRES-5,2026-08-29T00:15:16.498-0700,2026-08-29,,Clear
TRES-5260829071815.fits,observations\2026-08-29\TRES-5\session_01\TRES-5260829071815.fits,TRES-5,2026-08-29T00:18:15.850-0700,2026-08-29,,Clear
TRES-5260829072115.fits,observations\2026-08-29\TRES-5\session_01\TRES-5260829072115.fits,TRES-5,2026-08-29T00:21:15.178-0700,2026-08-29,,Clear
TRES-5260829072415.fits,observations\2026-08-29\TRES-5\session_01\TRES-5260829072415.fits,TRES-5,2026-08-29T00:24:15.633-0700,2026-08-29,,Clear
TRES-5260829072716.fits,observations\2026-08-29\TRES-5\session_01\TRES-5260829072716.fits,TRES-5,2026-08-29T00:27:16.103-0700,2026-08-29,,Clear
TRES-5260829073016.fits,observations\2026-08-29\TRES-5\session_01\TRES-5260829073016.fits,TRES-5,2026-08-29T00:30:16.518-0700,2026-08-29,,Clear
TRES-5260829073315.fits,observations\2026-08-29\TRES-5\session_01\TRES-5260829073315.fits,TRES-5,2026-08-29T00:33:15.964-0700,2026-08-29,,Clear
TRES-5260829073615.fits,observations\2026-08-29\TRES-5\session_01\TRES-5260829073615.fits,TRES-5,2026-08-29T00:36:15.339-0700,2026-08-29,,Clear
TRES-5260829073915.fits,observations\2026-08-29\TRES-5\session_01\TRES-5260829073915.fits,TRES-5,2026-08-29T00:39:15.722-0700,2026-08-29,,Clear
TRES-5260829074217.fits,observations\2026-08-29\TRES-5\session_01\TRES-5260829074217.fits,TRES-5,2026-08-29T00:42:17.091-0700,2026-08-29,,Clear
TRES-5260829074515.fits,observations\2026-08-29\TRES-5\session_01\TRES-5260829074515.fits,TRES-5,2026-08-29T00:45:15.537-0700,2026-08-29,,Clear
TRES-5260829074815.fits,observations\2026-08-29\TRES-5\session_01\TRES-5260829074815.fits,TRES-5,2026-08-29T00:48:15.862-0700,2026-08-29,,Clear
TRES-5260829075115.fits,observations\2026-08-29\TRES-5\session_01\TRES-5260829075115.fits,TRES-5,2026-08-29T00:51:15.293-0700,2026-08-29,,Clear
TRES-5260829075415.fits,observations\2026-08-29\TRES-5\session_01\TRES-5260829075415.fits,TRES-5,2026-08-29T00:54:15.677-0700,2026-08-29,,Clear
TRES-5260829075716.fits,observations\2026-08-29\TRES-5\session_01\TRES-5260829075716.fits,TRES-5,2026-08-29T00:57:16.066-0700,2026-08-29,,Clear
TRES-5260829080015.fits,observations\2026-08-29\TRES-5\session_01\TRES-5260829080015.fits,TRES-5,2026-08-29T01:00:15.420-0700,2026-08-29,,Clear
TRES-5260829080315.fits,observations\2026-08-29\TRES-5\session_01\TRES-5260829080315.fits,TRES-5,2026-08-29T01:03:15.854-0700,2026-08-29,,Clear
TRES-5260829080615.fits,observations\2026-08-29\TRES-5\session_01\TRES-5260829080615.fits,TRES-5,2026-08-29T01:06:15.282-0700,2026-08-29,,Clear
TRES-5260829080915.fits,observations\2026-08-29\TRES-5\session_01\TRES-5260829080915.fits,TRES-5,2026-08-29T01:09:15.663-0700,2026-08-29,,Clear
TRES-5260829081216.fits,observations\2026-08-29\TRES-5\session_01\TRES-5260829081216.fits,TRES-5,2026-08-29T01:12:16.129-0700,2026-08-29,,Clear
TRES-5260829081515.fits,observations\2026-08-29\TRES-5\session_01\TRES-5260829081515.fits,TRES-5,2026-08-29T01:15:15.528-0700,2026-08-29,,Clear
TRES-5260829081815.fits,observations\2026-08-29\TRES-5\session_01\TRES-5260829081815.fits,TRES-5,2026-08-29T01:18:15.920-0700,2026-08-29,,Clear
TRES-5260829082115.fits,observations\2026-08-29\TRES-5\session_01\TRES-5260829082115.fits,TRES-5,2026-08-29T01:21:15.467-0700,2026-08-29,,Clear
TRES-5260829082415.fits,observations\2026-08-29\TRES-5\session_01\TRES-5260829082415.fits,TRES-5,2026-08-29T01:24:15.856-0700,2026-08-29,,Clear
TRES-5260829082715.fits,observations\2026-08-29\TRES-5\session_01\TRES-5260829082715.fits,TRES-5,2026-08-29T01:27:15.404-0700,2026-08-29,,Clear
TRES-5260829083016.fits,observations\2026-08-29\TRES-5\session_01\TRES-5260829083016.fits,TRES-5,2026-08-29T01:30:16.906-0700,2026-08-29,,Clear
TRES-5260829083315.fits,observations\2026-08-29\TRES-5\session_01\TRES-5260829083315.fits,TRES-5,2026-08-29T01:33:15.277-0700,2026-08-29,,Clear
TRES-5260829083615.fits,observations\2026-08-29\TRES-5\session_01\TRES-5260829083615.fits,TRES-5,2026-08-29T01:36:15.754-0700,2026-08-29,,Clear
TRES-5260829083915.fits,observations\2026-08-29\TRES-5\session_01\TRES-5260829083915.fits,TRES-5,2026-08-29T01:39:15.249-0700,2026-08-29,,Clear
TRES-5260829084215.fits,observations\2026-08-29\TRES-5\session_01\TRES-5260829084215.fits,TRES-5,2026-08-29T01:42:15.643-0700,2026-08-29,,Clear
TRES-5260829084516.fits,observations\2026-08-29\TRES-5\session_01\TRES-5260829084516.fits,TRES-5,2026-08-29T01:45:16.078-0700,2026-08-29,,Clear
TRES-5260829084815.fits,observations\2026-08-29\TRES-5\session_01\TRES-5260829084815.fits,TRES-5,2026-08-29T01:48:15.461-0700,2026-08-29,,Clear
TRES-5260829085115.fits,observations\2026-08-29\TRES-5\session_01\TRES-5260829085115.fits,TRES-5,2026-08-29T01:51:15.906-0700,2026-08-29,,Clear
TRES-5260829085415.fits,observations\2026-08-29\TRES-5\session_01\TRES-5260829085415.fits,TRES-5,2026-08-29T01:54:15.345-0700,2026-08-29,,Clear
TRES-5260829085715.fits,observations\2026-08-29\TRES-5\session_01\TRES-5260829085715.fits,TRES-5,2026-08-29T01:57:15.871-0700,2026-08-29,,Clear
TRES-5260829090015.fits,observations\2026-08-29\TRES-5\session_01\TRES-5260829090015.fits,TRES-5,2026-08-29T02:00:15.275-0700,2026-08-29,,Clear
TRES-5260829090315.fits,observations\2026-08-29\TRES-5\session_01\TRES-5260829090315.fits,TRES-5,2026-08-29T02:03:15.642-0700,2026-08-29,,Clear
TRES-5260829090617.fits,observations\2026-08-29\TRES-5\session_01\TRES-5260829090617.fits,TRES-5,2026-08-29T02:06:17.119-0700,2026-08-29,,Clear
TRES-5260829090915.fits,observations\2026-08-29\TRES-5\session_01\TRES-5260829090915.fits,TRES-5,2026-08-29T02:09:15.603-0700,2026-08-29,,Clear
TRES-5260829091216.fits,observations\2026-08-29\TRES-5\session_01\TRES-5260829091216.fits,TRES-5,2026-08-29T02:12:16.082-0700,2026-08-29,,Clear
TRES-5260829091516.fits,observations\2026-08-29\TRES-5\session_01\TRES-5260829091516.fits,TRES-5,2026-08-29T02:15:16.553-0700,2026-08-29,,Clear
TRES-5260829091817.fits,observations\2026-08-29\TRES-5\session_01\TRES-5260829091817.fits,TRES-5,2026-08-29T02:18:17.035-0700,2026-08-29,,Clear
TRES-5260829092115.fits,observations\2026-08-29\TRES-5\session_01\TRES-5260829092115.fits,TRES-5,2026-08-29T02:21:15.391-0700,2026-08-29,,Clear
TRES-5260829092415.fits,observations\2026-08-29\TRES-5\session_01\TRES-5260829092415.fits,TRES-5,2026-08-29T02:24:15.733-0700,2026-08-29,,Clear
TRES-5260829092716.fits,observations\2026-08-29\TRES-5\session_01\TRES-5260829092716.fits,TRES-5,2026-08-29T02:27:16.120-0700,2026-08-29,,Clear
TRES-5260829093015.fits,observations\2026-08-29\TRES-5\session_01\TRES-5260829093015.fits,TRES-5,2026-08-29T02:30:15.547-0700,2026-08-29,,Clear
CoRoT-2260830031836.fits,observations\2026-08-30\CoRoT-2\session_01\CoRoT-2260830031836.fits,CoRoT-2,2026-08-29T20:18:36.985-0700,2026-08-29,,Clear
CoRoT-2260830032115.fits,observations\2026-08-30\CoRoT-2\session_01\CoRoT-2260830032115.fits,CoRoT-2,2026-08-29T20:21:15.622-0700,2026-08-29,,Clear
CoRoT-2260830032417.fits,observations\2026-08-30\CoRoT-2\session_01\CoRoT-2260830032417.fits,CoRoT-2,2026-08-29T20:24:17.067-0700,2026-08-29,,Clear
CoRoT-2260830032716.fits,observations\2026-08-30\CoRoT-2\session_01\CoRoT-2260830032716.fits,CoRoT-2,2026-08-29T20:27:16.462-0700,2026-08-29,,Clear
CoRoT-2260830033015.fits,observations\2026-08-30\CoRoT-2\session_01\CoRoT-2260830033015.fits,CoRoT-2,2026-08-29T20:30:15.898-0700,2026-08-29,,Clear
CoRoT-2260830033315.fits,observations\2026-08-30\CoRoT-2\session_01\CoRoT-2260830033315.fits,CoRoT-2,2026-08-29T20:33:15.404-0700,2026-08-29,,Clear
CoRoT-2260830033616.fits,observations\2026-08-30\CoRoT-2\session_01\CoRoT-2260830033616.fits,CoRoT-2,2026-08-29T20:36:16.805-0700,2026-08-29,,Clear
CoRoT-2260830033916.fits,observations\2026-08-30\CoRoT-2\session_01\CoRoT-2260830033916.fits,CoRoT-2,2026-08-29T20:39:16.321-0700,2026-08-29,,Clear
CoRoT-2260830034215.fits,observations\2026-08-30\CoRoT-2\session_01\CoRoT-2260830034215.fits,CoRoT-2,2026-08-29T20:42:15.761-0700,2026-08-29,,Clear
CoRoT-2260830034515.fits,observations\2026-08-30\CoRoT-2\session_01\CoRoT-2260830034515.fits,CoRoT-2,2026-08-29T20:45:15.139-0700,2026-08-29,,Clear
CoRoT-2260830034816.fits,observations\2026-08-30\CoRoT-2\session_01\CoRoT-2260830034816.fits,CoRoT-2,2026-08-29T20:48:16.590-0700,2026-08-29,,Clear
CoRoT-2260830035116.fits,observations\2026-08-30\CoRoT-2\session_01\CoRoT-2260830035116.fits,CoRoT-2,2026-08-29T20:51:16.173-0700,2026-08-29,,Clear
CoRoT-2260830035415.fits,observations\2026-08-30\CoRoT-2\session_01\CoRoT-2260830035415.fits,CoRoT-2,2026-08-29T20:54:15.552-0700,2026-08-29,,Clear
CoRoT-2260830035716.fits,observations\2026-08-30\CoRoT-2\session_01\CoRoT-2260830035716.fits,CoRoT-2,2026-08-29T20:57:16.158-0700,2026-08-29,,Clear
CoRoT-2260830040015.fits,observations\2026-08-30\CoRoT-2\session_01\CoRoT-2260830040015.fits,CoRoT-2,2026-08-29T21:00:15.706-0700,2026-08-29,,Clear
CoRoT-2260830040316.fits,observations\2026-08-30\CoRoT-2\session_01\CoRoT-2260830040316.fits,CoRoT-2,2026-08-29T21:03:16.188-0700,2026-08-29,,Clear
CoRoT-2260830040615.fits,observations\2026-08-30\CoRoT-2\session_01\CoRoT-2260830040615.fits,CoRoT-2,2026-08-29T21:06:15.717-0700,2026-08-29,,Clear
CoRoT-2260830040916.fits,observations\2026-08-30\CoRoT-2\session_01\CoRoT-2260830040916.fits,CoRoT-2,2026-08-29T21:09:16.244-0700,2026-08-29,,Clear
CoRoT-2260830041215.fits,observations\2026-08-30\CoRoT-2\session_01\CoRoT-2260830041215.fits,CoRoT-2,2026-08-29T21:12:15.764-0700,2026-08-29,,Clear
CoRoT-2260830041515.fits,observations\2026-08-30\CoRoT-2\session_01\CoRoT-2260830041515.fits,CoRoT-2,2026-08-29T21:15:15.280-0700,2026-08-29,,Clear
CoRoT-2260830041816.fits,observations\2026-08-30\CoRoT-2\session_01\CoRoT-2260830041816.fits,CoRoT-2,2026-08-29T21:18:16.584-0700,2026-08-29,,Clear
CoRoT-2260830042116.fits,observations\2026-08-30\CoRoT-2\session_01\CoRoT-2260830042116.fits,CoRoT-2,2026-08-29T21:21:16.025-0700,2026-08-29,,Clear
CoRoT-2260830042415.fits,observations\2026-08-30\CoRoT-2\session_01\CoRoT-2260830042415.fits,CoRoT-2,2026-08-29T21:24:15.466-0700,2026-08-29,,Clear
CoRoT-2260830042715.fits,observations\2026-08-30\CoRoT-2\session_01\CoRoT-2260830042715.fits,CoRoT-2,2026-08-29T21:27:15.806-0700,2026-08-29,,Clear
CoRoT-2260830043015.fits,observations\2026-08-30\CoRoT-2\session_01\CoRoT-2260830043015.fits,CoRoT-2,2026-08-29T21:30:15.285-0700,2026-08-29,,Clear
CoRoT-2260830043316.fits,observations\2026-08-30\CoRoT-2\session_01\CoRoT-2260830043316.fits,CoRoT-2,2026-08-29T21:33:16.662-0700,2026-08-29,,Clear
CoRoT-2260830043616.fits,observations\2026-08-30\CoRoT-2\session_01\CoRoT-2260830043616.fits,CoRoT-2,2026-08-29T21:36:16.130-0700,2026-08-29,,Clear
CoRoT-2260830043916.fits,observations\2026-08-30\CoRoT-2\session_01\CoRoT-2260830043916.fits,CoRoT-2,2026-08-29T21:39:16.588-0700,2026-08-29,,Clear
CoRoT-2260830044216.fits,observations\2026-08-30\CoRoT-2\session_01\CoRoT-2260830044216.fits,CoRoT-2,2026-08-29T21:42:16.043-0700,2026-08-29,,Clear
CoRoT-2260830044515.fits,observations\2026-08-30\CoRoT-2\session_01\CoRoT-2260830044515.fits,CoRoT-2,2026-08-29T21:45:15.396-0700,2026-08-29,,Clear
CoRoT-2260830044815.fits,observations\2026-08-30\CoRoT-2\session_01\CoRoT-2260830044815.fits,CoRoT-2,2026-08-29T21:48:15.835-0700,2026-08-29,,Clear
CoRoT-2260830045115.fits,observations\2026-08-30\CoRoT-2\session_01\CoRoT-2260830045115.fits,CoRoT-2,2026-08-29T21:51:15.168-0700,2026-08-29,,Clear
CoRoT-2260830045415.fits,observations\2026-08-30\CoRoT-2\session_01\CoRoT-2260830045415.fits,CoRoT-2,2026-08-29T21:54:15.581-0700,2026-08-29,,Clear
CoRoT-2260830045716.fits,observations\2026-08-30\CoRoT-2\session_01\CoRoT-2260830045716.fits,CoRoT-2,2026-08-29T21:57:16.045-0700,2026-08-29,,Clear
CoRoT-2260830050015.fits,observations\2026-08-30\CoRoT-2\session_01\CoRoT-2260830050015.fits,CoRoT-2,2026-08-29T22:00:15.458-0700,2026-08-29,,Clear
CoRoT-2260830050315.fits,observations\2026-08-30\CoRoT-2\session_01\CoRoT-2260830050315.fits,CoRoT-2,2026-08-29T22:03:15.941-0700,2026-08-29,,Clear
CoRoT-2260830050615.fits,observations\2026-08-30\CoRoT-2\session_01\CoRoT-2260830050615.fits,CoRoT-2,2026-08-29T22:06:15.552-0700,2026-08-29,,Clear
CoRoT-2260830050915.fits,observations\2026-08-30\CoRoT-2\session_01\CoRoT-2260830050915.fits,CoRoT-2,2026-08-29T22:09:15.990-0700,2026-08-29,,Clear
CoRoT-2260830051216.fits,observations\2026-08-30\CoRoT-2\session_01\CoRoT-2260830051216.fits,CoRoT-2,2026-08-29T22:12:16.403-0700,2026-08-29,,Clear
CoRoT-2260830051515.fits,observations\2026-08-30\CoRoT-2\session_01\CoRoT-2260830051515.fits,CoRoT-2,2026-08-29T22:15:15.707-0700,2026-08-29,,Clear
CoRoT-2260830051815.fits,observations\2026-08-30\CoRoT-2\session_01\CoRoT-2260830051815.fits,CoRoT-2,2026-08-29T22:18:15.171-0700,2026-08-29,,Clear
CoRoT-2260830052115.fits,observations\2026-08-30\CoRoT-2\session_01\CoRoT-2260830052115.fits,CoRoT-2,2026-08-29T22:21:15.636-0700,2026-08-29,,Clear
CoRoT-2260830052416.fits,observations\2026-08-30\CoRoT-2\session_01\CoRoT-2260830052416.fits,CoRoT-2,2026-08-29T22:24:16.144-0700,2026-08-29,,Clear
CoRoT-2260830052715.fits,observations\2026-08-30\CoRoT-2\session_01\CoRoT-2260830052715.fits,CoRoT-2,2026-08-29T22:27:15.577-0700,2026-08-29,,Clear
CoRoT-2260830053015.fits,observations\2026-08-30\CoRoT-2\session_01\CoRoT-2260830053015.fits,CoRoT-2,2026-08-29T22:30:15.935-0700,2026-08-29,,Clear
CoRoT-2260830053315.fits,observations\2026-08-30\CoRoT-2\session_01\CoRoT-2260830053315.fits,CoRoT-2,2026-08-29T22:33:15.423-0700,2026-08-29,,Clear
CoRoT-2260830053615.fits,observations\2026-08-30\CoRoT-2\session_01\CoRoT-2260830053615.fits,CoRoT-2,2026-08-29T22:36:15.917-0700,2026-08-29,,Clear
CoRoT-2260830053916.fits,observations\2026-08-30\CoRoT-2\session_01\CoRoT-2260830053916.fits,CoRoT-2,2026-08-29T22:39:16.312-0700,2026-08-29,,Clear
CoRoT-2260830054215.fits,observations\2026-08-30\CoRoT-2\session_01\CoRoT-2260830054215.fits,CoRoT-2,2026-08-29T22:42:15.764-0700,2026-08-29,,Clear
CoRoT-2260830054517.fits,observations\2026-08-30\CoRoT-2\session_01\CoRoT-2260830054517.fits,CoRoT-2,2026-08-29T22:45:17.026-0700,2026-08-29,,Clear
CoRoT-2260830054816.fits,observations\2026-08-30\CoRoT-2\session_01\CoRoT-2260830054816.fits,CoRoT-2,2026-08-29T22:48:16.444-0700,2026-08-29,,Clear
CoRoT-2260830055116.fits,observations\2026-08-30\CoRoT-2\session_01\CoRoT-2260830055116.fits,CoRoT-2,2026-08-29T22:51:16.829-0700,2026-08-29,,Clear
CoRoT-2260830055415.fits,observations\2026-08-30\CoRoT-2\session_01\CoRoT-2260830055415.fits,CoRoT-2,2026-08-29T22:54:15.274-0700,2026-08-29,,Clear
CoRoT-2260830055715.fits,observations\2026-08-30\CoRoT-2\session_01\CoRoT-2260830055715.fits,CoRoT-2,2026-08-29T22:57:15.694-0700,2026-08-29,,Clear
CoRoT-2260830060015.fits,observations\2026-08-30\CoRoT-2\session_01\CoRoT-2260830060015.fits,CoRoT-2,2026-08-29T23:00:15.152-0700,2026-08-29,,Clear
CoRoT-2260830060315.fits,observations\2026-08-30\CoRoT-2\session_01\CoRoT-2260830060315.fits,CoRoT-2,2026-08-29T23:03:15.625-0700,2026-08-29,,Clear
CoRoT-2260830060616.fits,observations\2026-08-30\CoRoT-2\session_01\CoRoT-2260830060616.fits,CoRoT-2,2026-08-29T23:06:16.047-0700,2026-08-29,,Clear
CoRoT-2260830060916.fits,observations\2026-08-30\CoRoT-2\session_01\CoRoT-2260830060916.fits,CoRoT-2,2026-08-29T23:09:16.488-0700,2026-08-29,,Clear
CoRoT-2260830061215.fits,observations\2026-08-30\CoRoT-2\session_01\CoRoT-2260830061215.fits,CoRoT-2,2026-08-29T23:12:15.933-0700,2026-08-29,,Clear
CoRoT-2260830061516.fits,observations\2026-08-30\CoRoT-2\session_01\CoRoT-2260830061516.fits,CoRoT-2,2026-08-29T23:15:16.314-0700,2026-08-29,,Clear
CoRoT-2260830061815.fits,observations\2026-08-30\CoRoT-2\session_01\CoRoT-2260830061815.fits,CoRoT-2,2026-08-29T23:18:15.885-0700,2026-08-29,,Clear
CoRoT-2260830062115.fits,observations\2026-08-30\CoRoT-2\session_01\CoRoT-2260830062115.fits,CoRoT-2,2026-08-29T23:21:15.278-0700,2026-08-29,,Clear
CoRoT-2260830062415.fits,observations\2026-08-30\CoRoT-2\session_01\CoRoT-2260830062415.fits,CoRoT-2,2026-08-29T23:24:15.748-0700,2026-08-29,,Clear
CoRoT-2260830062716.fits,observations\2026-08-30\CoRoT-2\session_01\CoRoT-2260830062716.fits,CoRoT-2,2026-08-29T23:27:16.159-0700,2026-08-29,,Clear
CoRoT-2260830063015.fits,observations\2026-08-30\CoRoT-2\session_01\CoRoT-2260830063015.fits,CoRoT-2,2026-08-29T23:30:15.481-0700,2026-08-29,,Clear
CoRoT-2260830063315.fits,observations\2026-08-30\CoRoT-2\session_01\CoRoT-2260830063315.fits,CoRoT-2,2026-08-29T23:33:15.944-0700,2026-08-29,,Clear
CoRoT-2260830063615.fits,observations\2026-08-30\CoRoT-2\session_01\CoRoT-2260830063615.fits,CoRoT-2,2026-08-29T23:36:15.342-0700,2026-08-29,,Clear
CoRoT-2260830063915.fits,observations\2026-08-30\CoRoT-2\session_01\CoRoT-2260830063915.fits,CoRoT-2,2026-08-29T23:39:15.783-0700,2026-08-29,,Clear
CoRoT-2260830064217.fits,observations\2026-08-30\CoRoT-2\session_01\CoRoT-2260830064217.fits,CoRoT-2,2026-08-29T23:42:17.149-0700,2026-08-29,,Clear
CoRoT-2260830064515.fits,observations\2026-08-30\CoRoT-2\session_01\CoRoT-2260830064515.fits,CoRoT-2,2026-08-29T23:45:15.619-0700,2026-08-29,,Clear
CoRoT-2260830064816.fits,observations\2026-08-30\CoRoT-2\session_01\CoRoT-2260830064816.fits,CoRoT-2,2026-08-29T23:48:16.017-0700,2026-08-29,,Clear
CoRoT-2260830065115.fits,observations\2026-08-30\CoRoT-2\session_01\CoRoT-2260830065115.fits,CoRoT-2,2026-08-29T23:51:15.541-0700,2026-08-29,,Clear
CoRoT-2260830065417.fits,observations\2026-08-30\CoRoT-2\session_01\CoRoT-2260830065417.fits,CoRoT-2,2026-08-29T23:54:17.032-0700,2026-08-29,,Clear
CoRoT-2260830065715.fits,observations\2026-08-30\CoRoT-2\session_01\CoRoT-2260830065715.fits,CoRoT-2,2026-08-29T23:57:15.526-0700,2026-08-29,,Clear
CoRoT-2260830070016.fits,observations\2026-08-30\CoRoT-2\session_01\CoRoT-2260830070016.fits,CoRoT-2,2026-08-30T00:00:16.085-0700,2026-08-30,,Clear
CoRoT-2260830070316.fits,observations\2026-08-30\CoRoT-2\session_01\CoRoT-2260830070316.fits,CoRoT-2,2026-08-30T00:03:16.619-0700,2026-08-30,,Clear
CoRoT-2260830070616.fits,observations\2026-08-30\CoRoT-2\session_01\CoRoT-2260830070616.fits,CoRoT-2,2026-08-30T00:06:16.057-0700,2026-08-30,,Clear
CoRoT-2260830070915.fits,observations\2026-08-30\CoRoT-2\session_01\CoRoT-2260830070915.fits,CoRoT-2,2026-08-30T00:09:15.495-0700,2026-08-30,,Clear
CoRoT-2260830071522.fits,observations\2026-08-30\CoRoT-2\session_01\CoRoT-2260830071522.fits,CoRoT-2,2026-08-30T00:15:22.839-0700,2026-08-30,,Clear
CoRoT-2260830072013.fits,observations\2026-08-30\CoRoT-2\session_01\CoRoT-2260830072013.fits,CoRoT-2,2026-08-30T00:20:13.959-0700,2026-08-30,,Clear
CoRoT-2260830072504.fits,observations\2026-08-30\CoRoT-2\session_01\CoRoT-2260830072504.fits,CoRoT-2,2026-08-30T00:25:04.028-0700,2026-08-30,,Clear
CoRoT-2260830072648.fits,observations\2026-08-30\CoRoT-2\session_01\CoRoT-2260830072648.fits,CoRoT-2,2026-08-30T00:26:48.134-0700,2026-08-30,,Clear
CoRoT-2260830073321.fits,observations\2026-08-30\CoRoT-2\session_01\CoRoT-2260830073321.fits,CoRoT-2,2026-08-30T00:33:21.527-0700,2026-08-30,,Clear
CoRoT-2260830073506.fits,observations\2026-08-30\CoRoT-2\session_01\CoRoT-2260830073506.fits,CoRoT-2,2026-08-30T00:35:06.686-0700,2026-08-30,,Clear
CoRoT-2260830074141.fits,observations\2026-08-30\CoRoT-2\session_01\CoRoT-2260830074141.fits,CoRoT-2,2026-08-30T00:41:41.037-0700,2026-08-30,,Clear
CoRoT-2260830074325.fits,observations\2026-08-30\CoRoT-2\session_01\CoRoT-2260830074325.fits,CoRoT-2,2026-08-30T00:43:25.229-0700,2026-08-30,,Clear
CoRoT-2260830074813.fits,observations\2026-08-30\CoRoT-2\session_01\CoRoT-2260830074813.fits,CoRoT-2,2026-08-30T00:48:13.286-0700,2026-08-30,,Clear
TRES-3260831034710.fits,observations\2026-08-31\TRES-3\session_01\TRES-3260831034710.fits,TRES-3,2026-08-30T20:47:10.252-0700,2026-08-30,,Clear
TRES-3260831034855.fits,observations\2026-08-31\TRES-3\session_01\TRES-3260831034855.fits,TRES-3,2026-08-30T20:48:55.498-0700,2026-08-30,,Clear
TRES-3260831035040.fits,observations\2026-08-31\TRES-3\session_01\TRES-3260831035040.fits,TRES-3,2026-08-30T20:50:40.690-0700,2026-08-30,,Clear
TRES-3260831035224.fits,observations\2026-08-31\TRES-3\session_01\TRES-3260831035224.fits,TRES-3,2026-08-30T20:52:24.056-0700,2026-08-30,,Clear
TRES-3260831035416.fits,observations\2026-08-31\TRES-3\session_01\TRES-3260831035416.fits,TRES-3,2026-08-30T20:54:16.367-0700,2026-08-30,,Clear
TRES-3260831035715.fits,observations\2026-08-31\TRES-3\session_01\TRES-3260831035715.fits,TRES-3,2026-08-30T20:57:15.802-0700,2026-08-30,,Clear
TRES-3260831040015.fits,observations\2026-08-31\TRES-3\session_01\TRES-3260831040015.fits,TRES-3,2026-08-30T21:00:15.337-0700,2026-08-30,,Clear
TRES-3260831040315.fits,observations\2026-08-31\TRES-3\session_01\TRES-3260831040315.fits,TRES-3,2026-08-30T21:03:15.811-0700,2026-08-30,,Clear
TRES-3260831040615.fits,observations\2026-08-31\TRES-3\session_01\TRES-3260831040615.fits,TRES-3,2026-08-30T21:06:15.261-0700,2026-08-30,,Clear
TRES-3260831040916.fits,observations\2026-08-31\TRES-3\session_01\TRES-3260831040916.fits,TRES-3,2026-08-30T21:09:16.729-0700,2026-08-30,,Clear
TRES-3260831041215.fits,observations\2026-08-31\TRES-3\session_01\TRES-3260831041215.fits,TRES-3,2026-08-30T21:12:15.178-0700,2026-08-30,,Clear
TRES-3260831041515.fits,observations\2026-08-31\TRES-3\session_01\TRES-3260831041515.fits,TRES-3,2026-08-30T21:15:15.622-0700,2026-08-30,,Clear
TRES-3260831041816.fits,observations\2026-08-31\TRES-3\session_01\TRES-3260831041816.fits,TRES-3,2026-08-30T21:18:16.052-0700,2026-08-30,,Clear
TRES-3260831042115.fits,observations\2026-08-31\TRES-3\session_01\TRES-3260831042115.fits,TRES-3,2026-08-30T21:21:15.484-0700,2026-08-30,,Clear
TRES-3260831042415.fits,observations\2026-08-31\TRES-3\session_01\TRES-3260831042415.fits,TRES-3,2026-08-30T21:24:15.870-0700,2026-08-30,,Clear
TRES-3260831042715.fits,observations\2026-08-31\TRES-3\session_01\TRES-3260831042715.fits,TRES-3,2026-08-30T21:27:15.319-0700,2026-08-30,,Clear
TRES-3260831043015.fits,observations\2026-08-31\TRES-3\session_01\TRES-3260831043015.fits,TRES-3,2026-08-30T21:30:15.736-0700,2026-08-30,,Clear
TRES-3260831043315.fits,observations\2026-08-31\TRES-3\session_01\TRES-3260831043315.fits,TRES-3,2026-08-30T21:33:15.152-0700,2026-08-30,,Clear
TRES-3260831043616.fits,observations\2026-08-31\TRES-3\session_01\TRES-3260831043616.fits,TRES-3,2026-08-30T21:36:16.638-0700,2026-08-30,,Clear
TRES-3260831043917.fits,observations\2026-08-31\TRES-3\session_01\TRES-3260831043917.fits,TRES-3,2026-08-30T21:39:17.030-0700,2026-08-30,,Clear
TRES-3260831044215.fits,observations\2026-08-31\TRES-3\session_01\TRES-3260831044215.fits,TRES-3,2026-08-30T21:42:15.335-0700,2026-08-30,,Clear
TRES-3260831044516.fits,observations\2026-08-31\TRES-3\session_01\TRES-3260831044516.fits,TRES-3,2026-08-30T21:45:16.722-0700,2026-08-30,,Clear
TRES-3260831044816.fits,observations\2026-08-31\TRES-3\session_01\TRES-3260831044816.fits,TRES-3,2026-08-30T21:48:16.133-0700,2026-08-30,,Clear
TRES-3260831045115.fits,observations\2026-08-31\TRES-3\session_01\TRES-3260831045115.fits,TRES-3,2026-08-30T21:51:15.464-0700,2026-08-30,,Clear
TRES-3260831045415.fits,observations\2026-08-31\TRES-3\session_01\TRES-3260831045415.fits,TRES-3,2026-08-30T21:54:15.990-0700,2026-08-30,,Clear
TRES-3260831045716.fits,observations\2026-08-31\TRES-3\session_01\TRES-3260831045716.fits,TRES-3,2026-08-30T21:57:16.489-0700,2026-08-30,,Clear
TRES-3260831050016.fits,observations\2026-08-31\TRES-3\session_01\TRES-3260831050016.fits,TRES-3,2026-08-30T22:00:16.959-0700,2026-08-30,,Clear
TRES-3260831050315.fits,observations\2026-08-31\TRES-3\session_01\TRES-3260831050315.fits,TRES-3,2026-08-30T22:03:15.463-0700,2026-08-30,,Clear
TRES-3260831050615.fits,observations\2026-08-31\TRES-3\session_01\TRES-3260831050615.fits,TRES-3,2026-08-30T22:06:15.997-0700,2026-08-30,,Clear
TRES-3260831050915.fits,observations\2026-08-31\TRES-3\session_01\TRES-3260831050915.fits,TRES-3,2026-08-30T22:09:15.477-0700,2026-08-30,,Clear
TRES-3260831051216.fits,observations\2026-08-31\TRES-3\session_01\TRES-3260831051216.fits,TRES-3,2026-08-30T22:12:16.148-0700,2026-08-30,,Clear
TRES-3260831051515.fits,observations\2026-08-31\TRES-3\session_01\TRES-3260831051515.fits,TRES-3,2026-08-30T22:15:15.559-0700,2026-08-30,,Clear
TRES-3260831051816.fits,observations\2026-08-31\TRES-3\session_01\TRES-3260831051816.fits,TRES-3,2026-08-30T22:18:16.014-0700,2026-08-30,,Clear
TRES-3260831052116.fits,observations\2026-08-31\TRES-3\session_01\TRES-3260831052116.fits,TRES-3,2026-08-30T22:21:16.461-0700,2026-08-30,,Clear
TRES-3260831052416.fits,observations\2026-08-31\TRES-3\session_01\TRES-3260831052416.fits,TRES-3,2026-08-30T22:24:16.882-0700,2026-08-30,,Clear
TRES-3260831052715.fits,observations\2026-08-31\TRES-3\session_01\TRES-3260831052715.fits,TRES-3,2026-08-30T22:27:15.396-0700,2026-08-30,,Clear
TRES-3260831053016.fits,observations\2026-08-31\TRES-3\session_01\TRES-3260831053016.fits,TRES-3,2026-08-30T22:30:16.960-0700,2026-08-30,,Clear
TRES-3260831053316.fits,observations\2026-08-31\TRES-3\session_01\TRES-3260831053316.fits,TRES-3,2026-08-30T22:33:16.350-0700,2026-08-30,,Clear
TRES-3260831053616.fits,observations\2026-08-31\TRES-3\session_01\TRES-3260831053616.fits,TRES-3,2026-08-30T22:36:16.718-0700,2026-08-30,,Clear
TRES-3260831053915.fits,observations\2026-08-31\TRES-3\session_01\TRES-3260831053915.fits,TRES-3,2026-08-30T22:39:15.145-0700,2026-08-30,,Clear
TRES-3260831054215.fits,observations\2026-08-31\TRES-3\session_01\TRES-3260831054215.fits,TRES-3,2026-08-30T22:42:15.497-0700,2026-08-30,,Clear
TRES-3260831054516.fits,observations\2026-08-31\TRES-3\session_01\TRES-3260831054516.fits,TRES-3,2026-08-30T22:45:16.038-0700,2026-08-30,,Clear
TRES-3260831054815.fits,observations\2026-08-31\TRES-3\session_01\TRES-3260831054815.fits,TRES-3,2026-08-30T22:48:15.509-0700,2026-08-30,,Clear
TRES-3260831055116.fits,observations\2026-08-31\TRES-3\session_01\TRES-3260831055116.fits,TRES-3,2026-08-30T22:51:16.062-0700,2026-08-30,,Clear
TRES-3260831055415.fits,observations\2026-08-31\TRES-3\session_01\TRES-3260831055415.fits,TRES-3,2026-08-30T22:54:15.471-0700,2026-08-30,,Clear
TRES-3260831055715.fits,observations\2026-08-31\TRES-3\session_01\TRES-3260831055715.fits,TRES-3,2026-08-30T22:57:15.940-0700,2026-08-30,,Clear
TRES-3260831060015.fits,observations\2026-08-31\TRES-3\session_01\TRES-3260831060015.fits,TRES-3,2026-08-30T23:00:15.350-0700,2026-08-30,,Clear
TRES-3260831060315.fits,observations\2026-08-31\TRES-3\session_01\TRES-3260831060315.fits,TRES-3,2026-08-30T23:03:15.761-0700,2026-08-30,,Clear
TRES-3260831060616.fits,observations\2026-08-31\TRES-3\session_01\TRES-3260831060616.fits,TRES-3,2026-08-30T23:06:16.314-0700,2026-08-30,,Clear
TRES-3260831060916.fits,observations\2026-08-31\TRES-3\session_01\TRES-3260831060916.fits,TRES-3,2026-08-30T23:09:16.737-0700,2026-08-30,,Clear
TRES-3260831061215.fits,observations\2026-08-31\TRES-3\session_01\TRES-3260831061215.fits,TRES-3,2026-08-30T23:12:15.238-0700,2026-08-30,,Clear
TRES-3260831061515.fits,observations\2026-08-31\TRES-3\session_01\TRES-3260831061515.fits,TRES-3,2026-08-30T23:15:15.681-0700,2026-08-30,,Clear
TRES-3260831061815.fits,observations\2026-08-31\TRES-3\session_01\TRES-3260831061815.fits,TRES-3,2026-08-30T23:18:15.175-0700,2026-08-30,,Clear
TRES-3260831062115.fits,observations\2026-08-31\TRES-3\session_01\TRES-3260831062115.fits,TRES-3,2026-08-30T23:21:15.626-0700,2026-08-30,,Clear
TRES-3260831062415.fits,observations\2026-08-31\TRES-3\session_01\TRES-3260831062415.fits,TRES-3,2026-08-30T23:24:15.191-0700,2026-08-30,,Clear
TRES-3260831062715.fits,observations\2026-08-31\TRES-3\session_01\TRES-3260831062715.fits,TRES-3,2026-08-30T23:27:15.594-0700,2026-08-30,,Clear
TRES-3260831063016.fits,observations\2026-08-31\TRES-3\session_01\TRES-3260831063016.fits,TRES-3,2026-08-30T23:30:16.942-0700,2026-08-30,,Clear
TRES-3260831063315.fits,observations\2026-08-31\TRES-3\session_01\TRES-3260831063315.fits,TRES-3,2026-08-30T23:33:15.418-0700,2026-08-30,,Clear
TRES-3260831063615.fits,observations\2026-08-31\TRES-3\session_01\TRES-3260831063615.fits,TRES-3,2026-08-30T23:36:15.848-0700,2026-08-30,,Clear
TRES-3260831063915.fits,observations\2026-08-31\TRES-3\session_01\TRES-3260831063915.fits,TRES-3,2026-08-30T23:39:15.368-0700,2026-08-30,,Clear
TRES-3260831064215.fits,observations\2026-08-31\TRES-3\session_01\TRES-3260831064215.fits,TRES-3,2026-08-30T23:42:15.812-0700,2026-08-30,,Clear
TRES-3260831064515.fits,observations\2026-08-31\TRES-3\session_01\TRES-3260831064515.fits,TRES-3,2026-08-30T23:45:15.260-0700,2026-08-30,,Clear
TRES-3260831064815.fits,observations\2026-08-31\TRES-3\session_01\TRES-3260831064815.fits,TRES-3,2026-08-30T23:48:15.712-0700,2026-08-30,,Clear
TRES-3260831065115.fits,observations\2026-08-31\TRES-3\session_01\TRES-3260831065115.fits,TRES-3,2026-08-30T23:51:15.179-0700,2026-08-30,,Clear
TRES-3260831065415.fits,observations\2026-08-31\TRES-3\session_01\TRES-3260831065415.fits,TRES-3,2026-08-30T23:54:15.590-0700,2026-08-30,,Clear
TRES-3260831065716.fits,observations\2026-08-31\TRES-3\session_01\TRES-3260831065716.fits,TRES-3,2026-08-30T23:57:16.940-0700,2026-08-30,,Clear
TRES-3260831070015.fits,observations\2026-08-31\TRES-3\session_01\TRES-3260831070015.fits,TRES-3,2026-08-31T00:00:15.403-0700,2026-08-31,,Clear
TRES-3260831070315.fits,observations\2026-08-31\TRES-3\session_01\TRES-3260831070315.fits,TRES-3,2026-08-31T00:03:15.979-0700,2026-08-31,,Clear
TRES-3260831070615.fits,observations\2026-08-31\TRES-3\session_01\TRES-3260831070615.fits,TRES-3,2026-08-31T00:06:15.432-0700,2026-08-31,,Clear
TRES-3260831070915.fits,observations\2026-08-31\TRES-3\session_01\TRES-3260831070915.fits,TRES-3,2026-08-31T00:09:15.183-0700,2026-08-31,,Clear
TRES-5260901050038.fits,observations\2026-09-01\TRES-5\session_01\TRES-5260901050038.fits,TRES-5,2026-08-31T22:00:38.463-0700,2026-08-31,,Clear
TRES-5260901050316.fits,observations\2026-09-01\TRES-5\session_01\TRES-5260901050316.fits,TRES-5,2026-08-31T22:03:16.101-0700,2026-08-31,,Clear
TRES-5260901050615.fits,observations\2026-09-01\TRES-5\session_01\TRES-5260901050615.fits,TRES-5,2026-08-31T22:06:15.402-0700,2026-08-31,,Clear
TRES-5260901050915.fits,observations\2026-09-01\TRES-5\session_01\TRES-5260901050915.fits,TRES-5,2026-08-31T22:09:15.809-0700,2026-08-31,,Clear
TRES-5260901051215.fits,observations\2026-09-01\TRES-5\session_01\TRES-5260901051215.fits,TRES-5,2026-08-31T22:12:15.242-0700,2026-08-31,,Clear
TRES-5260901051515.fits,observations\2026-09-01\TRES-5\session_01\TRES-5260901051515.fits,TRES-5,2026-08-31T22:15:15.609-0700,2026-08-31,,Clear
TRES-5260901051816.fits,observations\2026-09-01\TRES-5\session_01\TRES-5260901051816.fits,TRES-5,2026-08-31T22:18:16.067-0700,2026-08-31,,Clear
TRES-5260901052115.fits,observations\2026-09-01\TRES-5\session_01\TRES-5260901052115.fits,TRES-5,2026-08-31T22:21:15.437-0700,2026-08-31,,Clear
TRES-5260901052415.fits,observations\2026-09-01\TRES-5\session_01\TRES-5260901052415.fits,TRES-5,2026-08-31T22:24:15.888-0700,2026-08-31,,Clear
TRES-5260901052716.fits,observations\2026-09-01\TRES-5\session_01\TRES-5260901052716.fits,TRES-5,2026-08-31T22:27:16.284-0700,2026-08-31,,Clear
TRES-5260901053015.fits,observations\2026-09-01\TRES-5\session_01\TRES-5260901053015.fits,TRES-5,2026-08-31T22:30:15.759-0700,2026-08-31,,Clear
TRES-5260901053316.fits,observations\2026-09-01\TRES-5\session_01\TRES-5260901053316.fits,TRES-5,2026-08-31T22:33:16.046-0700,2026-08-31,,Clear
TRES-5260901053615.fits,observations\2026-09-01\TRES-5\session_01\TRES-5260901053615.fits,TRES-5,2026-08-31T22:36:15.477-0700,2026-08-31,,Clear
TRES-5260901053916.fits,observations\2026-09-01\TRES-5\session_01\TRES-5260901053916.fits,TRES-5,2026-08-31T22:39:16.007-0700,2026-08-31,,Clear
TRES-5260901054215.fits,observations\2026-09-01\TRES-5\session_01\TRES-5260901054215.fits,TRES-5,2026-08-31T22:42:15.410-0700,2026-08-31,,Clear
TRES-5260901054516.fits,observations\2026-09-01\TRES-5\session_01\TRES-5260901054516.fits,TRES-5,2026-08-31T22:45:16.706-0700,2026-08-31,,Clear
TRES-5260901054817.fits,observations\2026-09-01\TRES-5\session_01\TRES-5260901054817.fits,TRES-5,2026-08-31T22:48:17.082-0700,2026-08-31,,Clear
TRES-5260901055115.fits,observations\2026-09-01\TRES-5\session_01\TRES-5260901055115.fits,TRES-5,2026-08-31T22:51:15.516-0700,2026-08-31,,Clear
TRES-5260901055415.fits,observations\2026-09-01\TRES-5\session_01\TRES-5260901055415.fits,TRES-5,2026-08-31T22:54:15.828-0700,2026-08-31,,Clear
TRES-5260901055716.fits,observations\2026-09-01\TRES-5\session_01\TRES-5260901055716.fits,TRES-5,2026-08-31T22:57:16.309-0700,2026-08-31,,Clear
TRES-5260901060015.fits,observations\2026-09-01\TRES-5\session_01\TRES-5260901060015.fits,TRES-5,2026-08-31T23:00:15.818-0700,2026-08-31,,Clear
TRES-5260901060315.fits,observations\2026-09-01\TRES-5\session_01\TRES-5260901060315.fits,TRES-5,2026-08-31T23:03:15.197-0700,2026-08-31,,Clear
TRES-5260901060615.fits,observations\2026-09-01\TRES-5\session_01\TRES-5260901060615.fits,TRES-5,2026-08-31T23:06:15.643-0700,2026-08-31,,Clear
TRES-5260901060916.fits,observations\2026-09-01\TRES-5\session_01\TRES-5260901060916.fits,TRES-5,2026-08-31T23:09:16.056-0700,2026-08-31,,Clear
TRES-5260901061215.fits,observations\2026-09-01\TRES-5\session_01\TRES-5260901061215.fits,TRES-5,2026-08-31T23:12:15.444-0700,2026-08-31,,Clear
TRES-5260901061515.fits,observations\2026-09-01\TRES-5\session_01\TRES-5260901061515.fits,TRES-5,2026-08-31T23:15:15.835-0700,2026-08-31,,Clear
TRES-5260901061815.fits,observations\2026-09-01\TRES-5\session_01\TRES-5260901061815.fits,TRES-5,2026-08-31T23:18:15.219-0700,2026-08-31,,Clear
TRES-5260901062115.fits,observations\2026-09-01\TRES-5\session_01\TRES-5260901062115.fits,TRES-5,2026-08-31T23:21:15.654-0700,2026-08-31,,Clear
TRES-5260901062416.fits,observations\2026-09-01\TRES-5\session_01\TRES-5260901062416.fits,TRES-5,2026-08-31T23:24:16.078-0700,2026-08-31,,Clear
TRES-5260901062715.fits,observations\2026-09-01\TRES-5\session_01\TRES-5260901062715.fits,TRES-5,2026-08-31T23:27:15.489-0700,2026-08-31,,Clear
TRES-5260901063015.fits,observations\2026-09-01\TRES-5\session_01\TRES-5260901063015.fits,TRES-5,2026-08-31T23:30:15.919-0700,2026-08-31,,Clear
TRES-5260901063315.fits,observations\2026-09-01\TRES-5\session_01\TRES-5260901063315.fits,TRES-5,2026-08-31T23:33:15.289-0700,2026-08-31,,Clear
TRES-5260901063615.fits,observations\2026-09-01\TRES-5\session_01\TRES-5260901063615.fits,TRES-5,2026-08-31T23:36:15.686-0700,2026-08-31,,Clear
TRES-5260901063916.fits,observations\2026-09-01\TRES-5\session_01\TRES-5260901063916.fits,TRES-5,2026-08-31T23:39:16.065-0700,2026-08-31,,Clear
TRES-5260901064215.fits,observations\2026-09-01\TRES-5\session_01\TRES-5260901064215.fits,TRES-5,2026-08-31T23:42:15.426-0700,2026-08-31,,Clear
TRES-5260901064516.fits,observations\2026-09-01\TRES-5\session_01\TRES-5260901064516.fits,TRES-5,2026-08-31T23:45:16.939-0700,2026-08-31,,Clear
TRES-5260901064815.fits,observations\2026-09-01\TRES-5\session_01\TRES-5260901064815.fits,TRES-5,2026-08-31T23:48:15.440-0700,2026-08-31,,Clear
TRES-5260901065116.fits,observations\2026-09-01\TRES-5\session_01\TRES-5260901065116.fits,TRES-5,2026-08-31T23:51:16.998-0700,2026-08-31,,Clear
TRES-5260901065416.fits,observations\2026-09-01\TRES-5\session_01\TRES-5260901065416.fits,TRES-5,2026-08-31T23:54:16.579-0700,2026-08-31,,Clear
TRES-5260901065716.fits,observations\2026-09-01\TRES-5\session_01\TRES-5260901065716.fits,TRES-5,2026-08-31T23:57:16.013-0700,2026-08-31,,Clear
TRES-5260901070016.fits,observations\2026-09-01\TRES-5\session_01\TRES-5260901070016.fits,TRES-5,2026-09-01T00:00:16.416-0700,2026-09-01,,Clear
TRES-5260901070315.fits,observations\2026-09-01\TRES-5\session_01\TRES-5260901070315.fits,TRES-5,2026-09-01T00:03:15.860-0700,2026-09-01,,Clear
TRES-5260901070615.fits,observations\2026-09-01\TRES-5\session_01\TRES-5260901070615.fits,TRES-5,2026-09-01T00:06:15.288-0700,2026-09-01,,Clear
TRES-5260901070915.fits,observations\2026-09-01\TRES-5\session_01\TRES-5260901070915.fits,TRES-5,2026-09-01T00:09:15.655-0700,2026-09-01,,Clear
TRES-5260901071215.fits,observations\2026-09-01\TRES-5\session_01\TRES-5260901071215.fits,TRES-5,2026-09-01T00:12:15.223-0700,2026-09-01,,Clear
TRES-5260901071515.fits,observations\2026-09-01\TRES-5\session_01\TRES-5260901071515.fits,TRES-5,2026-09-01T00:15:15.634-0700,2026-09-01,,Clear
TRES-5260901071817.fits,observations\2026-09-01\TRES-5\session_01\TRES-5260901071817.fits,TRES-5,2026-09-01T00:18:17.004-0700,2026-09-01,,Clear
TRES-5260901072115.fits,observations\2026-09-01\TRES-5\session_01\TRES-5260901072115.fits,TRES-5,2026-09-01T00:21:15.502-0700,2026-09-01,,Clear
TRES-5260901072416.fits,observations\2026-09-01\TRES-5\session_01\TRES-5260901072416.fits,TRES-5,2026-09-01T00:24:16.035-0700,2026-09-01,,Clear
TRES-5260901072715.fits,observations\2026-09-01\TRES-5\session_01\TRES-5260901072715.fits,TRES-5,2026-09-01T00:27:15.413-0700,2026-09-01,,Clear
TRES-5260901073015.fits,observations\2026-09-01\TRES-5\session_01\TRES-5260901073015.fits,TRES-5,2026-09-01T00:30:15.790-0700,2026-09-01,,Clear
TRES-5260901073315.fits,observations\2026-09-01\TRES-5\session_01\TRES-5260901073315.fits,TRES-5,2026-09-01T00:33:15.372-0700,2026-09-01,,Clear
TRES-5260901073616.fits,observations\2026-09-01\TRES-5\session_01\TRES-5260901073616.fits,TRES-5,2026-09-01T00:36:16.756-0700,2026-09-01,,Clear
TRES-5260901073915.fits,observations\2026-09-01\TRES-5\session_01\TRES-5260901073915.fits,TRES-5,2026-09-01T00:39:15.234-0700,2026-09-01,,Clear
TRES-5260901074215.fits,observations\2026-09-01\TRES-5\session_01\TRES-5260901074215.fits,TRES-5,2026-09-01T00:42:15.613-0700,2026-09-01,,Clear
TRES-5260901074516.fits,observations\2026-09-01\TRES-5\session_01\TRES-5260901074516.fits,TRES-5,2026-09-01T00:45:16.047-0700,2026-09-01,,Clear
TRES-5260901074815.fits,observations\2026-09-01\TRES-5\session_01\TRES-5260901074815.fits,TRES-5,2026-09-01T00:48:15.566-0700,2026-09-01,,Clear
TRES-5260901075115.fits,observations\2026-09-01\TRES-5\session_01\TRES-5260901075115.fits,TRES-5,2026-09-01T00:51:15.969-0700,2026-09-01,,Clear
TRES-5260901075415.fits,observations\2026-09-01\TRES-5\session_01\TRES-5260901075415.fits,TRES-5,2026-09-01T00:54:15.373-0700,2026-09-01,,Clear
TRES-5260901075715.fits,observations\2026-09-01\TRES-5\session_01\TRES-5260901075715.fits,TRES-5,2026-09-01T00:57:15.770-0700,2026-09-01,,Clear
TRES-5260901080015.fits,observations\2026-09-01\TRES-5\session_01\TRES-5260901080015.fits,TRES-5,2026-09-01T01:00:15.175-0700,2026-09-01,,Clear
TRES-5260901080315.fits,observations\2026-09-01\TRES-5\session_01\TRES-5260901080315.fits,TRES-5,2026-09-01T01:03:15.604-0700,2026-09-01,,Clear
TRES-5260901080616.fits,observations\2026-09-01\TRES-5\session_01\TRES-5260901080616.fits,TRES-5,2026-09-01T01:06:16.015-0700,2026-09-01,,Clear
TRES-5260901080916.fits,observations\2026-09-01\TRES-5\session_01\TRES-5260901080916.fits,TRES-5,2026-09-01T01:09:16.386-0700,2026-09-01,,Clear
TRES-5260901081215.fits,observations\2026-09-01\TRES-5\session_01\TRES-5260901081215.fits,TRES-5,2026-09-01T01:12:15.774-0700,2026-09-01,,Clear
TRES-5260901081515.fits,observations\2026-09-01\TRES-5\session_01\TRES-5260901081515.fits,TRES-5,2026-09-01T01:15:15.201-0700,2026-09-01,,Clear
TRES-5260901081815.fits,observations\2026-09-01\TRES-5\session_01\TRES-5260901081815.fits,TRES-5,2026-09-01T01:18:15.653-0700,2026-09-01,,Clear
TRES-5260901082116.fits,observations\2026-09-01\TRES-5\session_01\TRES-5260901082116.fits,TRES-5,2026-09-01T01:21:16.147-0700,2026-09-01,,Clear
TRES-5260901082415.fits,observations\2026-09-01\TRES-5\session_01\TRES-5260901082415.fits,TRES-5,2026-09-01T01:24:15.598-0700,2026-09-01,,Clear
TRES-5260901082715.fits,observations\2026-09-01\TRES-5\session_01\TRES-5260901082715.fits,TRES-5,2026-09-01T01:27:15.858-0700,2026-09-01,,Clear
TRES-5260901083015.fits,observations\2026-09-01\TRES-5\session_01\TRES-5260901083015.fits,TRES-5,2026-09-01T01:30:15.361-0700,2026-09-01,,Clear
TRES-5260901083315.fits,observations\2026-09-01\TRES-5\session_01\TRES-5260901083315.fits,TRES-5,2026-09-01T01:33:15.782-0700,2026-09-01,,Clear
TRES-5260901083616.fits,observations\2026-09-01\TRES-5\session_01\TRES-5260901083616.fits,TRES-5,2026-09-01T01:36:16.076-0700,2026-09-01,,Clear
TRES-5260901083915.fits,observations\2026-09-01\TRES-5\session_01\TRES-5260901083915.fits,TRES-5,2026-09-01T01:39:15.461-0700,2026-09-01,,Clear
TRES-5260904041043.fits,observations\2026-09-04\TRES-5\session_01\TRES-5260904041043.fits,TRES-5,2026-09-03T21:10:43.762-0700,2026-09-03,,Clear
TRES-5260904041229.fits,observations\2026-09-04\TRES-5\session_01\TRES-5260904041229.fits,TRES-5,2026-09-03T21:12:29.912-0700,2026-09-03,,Clear
TRES-5260904041515.fits,observations\2026-09-04\TRES-5\session_01\TRES-5260904041515.fits,TRES-5,2026-09-03T21:15:15.673-0700,2026-09-03,,Clear
TRES-5260904041817.fits,observations\2026-09-04\TRES-5\session_01\TRES-5260904041817.fits,TRES-5,2026-09-03T21:18:17.080-0700,2026-09-03,,Clear
TRES-5260904042115.fits,observations\2026-09-04\TRES-5\session_01\TRES-5260904042115.fits,TRES-5,2026-09-03T21:21:15.406-0700,2026-09-03,,Clear
TRES-5260904042415.fits,observations\2026-09-04\TRES-5\session_01\TRES-5260904042415.fits,TRES-5,2026-09-03T21:24:15.892-0700,2026-09-03,,Clear
TRES-5260904042715.fits,observations\2026-09-04\TRES-5\session_01\TRES-5260904042715.fits,TRES-5,2026-09-03T21:27:15.222-0700,2026-09-03,,Clear
TRES-5260904043015.fits,observations\2026-09-04\TRES-5\session_01\TRES-5260904043015.fits,TRES-5,2026-09-03T21:30:15.587-0700,2026-09-03,,Clear
TRES-5260904043316.fits,observations\2026-09-04\TRES-5\session_01\TRES-5260904043316.fits,TRES-5,2026-09-03T21:33:16.921-0700,2026-09-03,,Clear
TRES-5260904043615.fits,observations\2026-09-04\TRES-5\session_01\TRES-5260904043615.fits,TRES-5,2026-09-03T21:36:15.325-0700,2026-09-03,,Clear
TRES-5260904043915.fits,observations\2026-09-04\TRES-5\session_01\TRES-5260904043915.fits,TRES-5,2026-09-03T21:39:15.736-0700,2026-09-03,,Clear
TRES-5260904044215.fits,observations\2026-09-04\TRES-5\session_01\TRES-5260904044215.fits,TRES-5,2026-09-03T21:42:15.163-0700,2026-09-03,,Clear
TRES-5260904044516.fits,observations\2026-09-04\TRES-5\session_01\TRES-5260904044516.fits,TRES-5,2026-09-03T21:45:16.540-0700,2026-09-03,,Clear
TRES-5260904044816.fits,observations\2026-09-04\TRES-5\session_01\TRES-5260904044816.fits,TRES-5,2026-09-03T21:48:16.926-0700,2026-09-03,,Clear
TRES-5260904045115.fits,observations\2026-09-04\TRES-5\session_01\TRES-5260904045115.fits,TRES-5,2026-09-03T21:51:15.330-0700,2026-09-03,,Clear
TRES-5260904045415.fits,observations\2026-09-04\TRES-5\session_01\TRES-5260904045415.fits,TRES-5,2026-09-03T21:54:15.642-0700,2026-09-03,,Clear
TRES-5260904045717.fits,observations\2026-09-04\TRES-5\session_01\TRES-5260904045717.fits,TRES-5,2026-09-03T21:57:17.017-0700,2026-09-03,,Clear
TRES-5260904050015.fits,observations\2026-09-04\TRES-5\session_01\TRES-5260904050015.fits,TRES-5,2026-09-03T22:00:15.285-0700,2026-09-03,,Clear
TRES-5260904050315.fits,observations\2026-09-04\TRES-5\session_01\TRES-5260904050315.fits,TRES-5,2026-09-03T22:03:15.718-0700,2026-09-03,,Clear
TRES-5260904050616.fits,observations\2026-09-04\TRES-5\session_01\TRES-5260904050616.fits,TRES-5,2026-09-03T22:06:16.077-0700,2026-09-03,,Clear
TRES-5260904050915.fits,observations\2026-09-04\TRES-5\session_01\TRES-5260904050915.fits,TRES-5,2026-09-03T22:09:15.465-0700,2026-09-03,,Clear
TRES-5260904051216.fits,observations\2026-09-04\TRES-5\session_01\TRES-5260904051216.fits,TRES-5,2026-09-03T22:12:16.750-0700,2026-09-03,,Clear
TRES-5260904051516.fits,observations\2026-09-04\TRES-5\session_01\TRES-5260904051516.fits,TRES-5,2026-09-03T22:15:16.155-0700,2026-09-03,,Clear
TRES-5260904051816.fits,observations\2026-09-04\TRES-5\session_01\TRES-5260904051816.fits,TRES-5,2026-09-03T22:18:16.504-0700,2026-09-03,,Clear
TRES-5260904052115.fits,observations\2026-09-04\TRES-5\session_01\TRES-5260904052115.fits,TRES-5,2026-09-03T22:21:15.936-0700,2026-09-03,,Clear
TRES-5260904052415.fits,observations\2026-09-04\TRES-5\session_01\TRES-5260904052415.fits,TRES-5,2026-09-03T22:24:15.287-0700,2026-09-03,,Clear
TRES-5260904052715.fits,observations\2026-09-04\TRES-5\session_01\TRES-5260904052715.fits,TRES-5,2026-09-03T22:27:15.861-0700,2026-09-03,,Clear
TRES-5260904053016.fits,observations\2026-09-04\TRES-5\session_01\TRES-5260904053016.fits,TRES-5,2026-09-03T22:30:16.202-0700,2026-09-03,,Clear
TRES-5260904053315.fits,observations\2026-09-04\TRES-5\session_01\TRES-5260904053315.fits,TRES-5,2026-09-03T22:33:15.515-0700,2026-09-03,,Clear
TRES-5260904053615.fits,observations\2026-09-04\TRES-5\session_01\TRES-5260904053615.fits,TRES-5,2026-09-03T22:36:15.772-0700,2026-09-03,,Clear
TRES-5260904053916.fits,observations\2026-09-04\TRES-5\session_01\TRES-5260904053916.fits,TRES-5,2026-09-03T22:39:16.211-0700,2026-09-03,,Clear
TRES-5260904054215.fits,observations\2026-09-04\TRES-5\session_01\TRES-5260904054215.fits,TRES-5,2026-09-03T22:42:15.602-0700,2026-09-03,,Clear
TRES-5260904054515.fits,observations\2026-09-04\TRES-5\session_01\TRES-5260904054515.fits,TRES-5,2026-09-03T22:45:15.930-0700,2026-09-03,,Clear
TRES-5260904054815.fits,observations\2026-09-04\TRES-5\session_01\TRES-5260904054815.fits,TRES-5,2026-09-03T22:48:15.180-0700,2026-09-03,,Clear
TRES-5260904055116.fits,observations\2026-09-04\TRES-5\session_01\TRES-5260904055116.fits,TRES-5,2026-09-03T22:51:16.491-0700,2026-09-03,,Clear
TRES-5260904055415.fits,observations\2026-09-04\TRES-5\session_01\TRES-5260904055415.fits,TRES-5,2026-09-03T22:54:15.969-0700,2026-09-03,,Clear
TRES-5260904055715.fits,observations\2026-09-04\TRES-5\session_01\TRES-5260904055715.fits,TRES-5,2026-09-03T22:57:15.288-0700,2026-09-03,,Clear
TRES-5260904060015.fits,observations\2026-09-04\TRES-5\session_01\TRES-5260904060015.fits,TRES-5,2026-09-03T23:00:15.773-0700,2026-09-03,,Clear
TRES-5260904060317.fits,observations\2026-09-04\TRES-5\session_01\TRES-5260904060317.fits,TRES-5,2026-09-03T23:03:17.117-0700,2026-09-03,,Clear
TRES-5260904060615.fits,observations\2026-09-04\TRES-5\session_01\TRES-5260904060615.fits,TRES-5,2026-09-03T23:06:15.451-0700,2026-09-03,,Clear
TRES-5260904060916.fits,observations\2026-09-04\TRES-5\session_01\TRES-5260904060916.fits,TRES-5,2026-09-03T23:09:16.814-0700,2026-09-03,,Clear
TRES-5260904061215.fits,observations\2026-09-04\TRES-5\session_01\TRES-5260904061215.fits,TRES-5,2026-09-03T23:12:15.168-0700,2026-09-03,,Clear
TRES-5260904061515.fits,observations\2026-09-04\TRES-5\session_01\TRES-5260904061515.fits,TRES-5,2026-09-03T23:15:15.642-0700,2026-09-03,,Clear
TRES-5260904061816.fits,observations\2026-09-04\TRES-5\session_01\TRES-5260904061816.fits,TRES-5,2026-09-03T23:18:16.992-0700,2026-09-03,,Clear
TRES-5260904062115.fits,observations\2026-09-04\TRES-5\session_01\TRES-5260904062115.fits,TRES-5,2026-09-03T23:21:15.308-0700,2026-09-03,,Clear
TRES-5260904062415.fits,observations\2026-09-04\TRES-5\session_01\TRES-5260904062415.fits,TRES-5,2026-09-03T23:24:15.809-0700,2026-09-03,,Clear
TRES-5260904062715.fits,observations\2026-09-04\TRES-5\session_01\TRES-5260904062715.fits,TRES-5,2026-09-03T23:27:15.201-0700,2026-09-03,,Clear
TRES-5260904063015.fits,observations\2026-09-04\TRES-5\session_01\TRES-5260904063015.fits,TRES-5,2026-09-03T23:30:15.668-0700,2026-09-03,,Clear
TRES-5260904063315.fits,observations\2026-09-04\TRES-5\session_01\TRES-5260904063315.fits,TRES-5,2026-09-03T23:33:15.190-0700,2026-09-03,,Clear
TRES-5260904063615.fits,observations\2026-09-04\TRES-5\session_01\TRES-5260904063615.fits,TRES-5,2026-09-03T23:36:15.663-0700,2026-09-03,,Clear
TRES-5260904063917.fits,observations\2026-09-04\TRES-5\session_01\TRES-5260904063917.fits,TRES-5,2026-09-03T23:39:17.022-0700,2026-09-03,,Clear
TRES-5260904064215.fits,observations\2026-09-04\TRES-5\session_01\TRES-5260904064215.fits,TRES-5,2026-09-03T23:42:15.504-0700,2026-09-03,,Clear
TRES-5260904064515.fits,observations\2026-09-04\TRES-5\session_01\TRES-5260904064515.fits,TRES-5,2026-09-03T23:45:15.812-0700,2026-09-03,,Clear
TRES-5260904064816.fits,observations\2026-09-04\TRES-5\session_01\TRES-5260904064816.fits,TRES-5,2026-09-03T23:48:16.272-0700,2026-09-03,,Clear
TRES-5260904065116.fits,observations\2026-09-04\TRES-5\session_01\TRES-5260904065116.fits,TRES-5,2026-09-03T23:51:16.529-0700,2026-09-03,,Clear
TRES-5260904065416.fits,observations\2026-09-04\TRES-5\session_01\TRES-5260904065416.fits,TRES-5,2026-09-03T23:54:16.926-0700,2026-09-03,,Clear
TRES-5260904065715.fits,observations\2026-09-04\TRES-5\session_01\TRES-5260904065715.fits,TRES-5,2026-09-03T23:57:15.220-0700,2026-09-03,,Clear
HATP-10260905074224.fits,observations\2026-09-05\HATP-10\session_01\HATP-10260905074224.fits,HATP-10,2026-09-05T00:42:24.011-0700,2026-09-05,,Clear
HATP-10260905074835.fits,observations\2026-09-05\HATP-10\session_01\HATP-10260905074835.fits,HATP-10,2026-09-05T00:48:35.877-0700,2026-09-05,,Clear
HATP-10260905075020.fits,observations\2026-09-05\HATP-10\session_01\HATP-10260905075020.fits,HATP-10,2026-09-05T00:50:20.102-0700,2026-09-05,,Clear
HATP-10260905075816.fits,observations\2026-09-05\HATP-10\session_01\HATP-10260905075816.fits,HATP-10,2026-09-05T00:58:16.201-0700,2026-09-05,,Clear
HATP-10260905080000.fits,observations\2026-09-05\HATP-10\session_01\HATP-10260905080000.fits,HATP-10,2026-09-05T01:00:00.367-0700,2026-09-05,,Clear
HATP-10260905080614.fits,observations\2026-09-05\HATP-10\session_01\HATP-10260905080614.fits,HATP-10,2026-09-05T01:06:14.128-0700,2026-09-05,,Clear
HATP-10260905081225.fits,observations\2026-09-05\HATP-10\session_01\HATP-10260905081225.fits,HATP-10,2026-09-05T01:12:25.844-0700,2026-09-05,,Clear
HATP-10260905082023.fits,observations\2026-09-05\HATP-10\session_01\HATP-10260905082023.fits,HATP-10,2026-09-05T01:20:23.877-0700,2026-09-05,,Clear
HATP-10260905082206.fits,observations\2026-09-05\HATP-10\session_01\HATP-10260905082206.fits,HATP-10,2026-09-05T01:22:06.993-0700,2026-09-05,,Clear
HATP-10260905083001.fits,observations\2026-09-05\HATP-10\session_01\HATP-10260905083001.fits,HATP-10,2026-09-05T01:30:01.954-0700,2026-09-05,,Clear
HATP-10260905083613.fits,observations\2026-09-05\HATP-10\session_01\HATP-10260905083613.fits,HATP-10,2026-09-05T01:36:13.691-0700,2026-09-05,,Clear
HATP-10260905083756.fits,observations\2026-09-05\HATP-10\session_01\HATP-10260905083756.fits,HATP-10,2026-09-05T01:37:56.833-0700,2026-09-05,,Clear
HATP-10260905084411.fits,observations\2026-09-05\HATP-10\session_01\HATP-10260905084411.fits,HATP-10,2026-09-05T01:44:11.610-0700,2026-09-05,,Clear
HATP-10260905085025.fits,observations\2026-09-05\HATP-10\session_01\HATP-10260905085025.fits,HATP-10,2026-09-05T01:50:25.469-0700,2026-09-05,,Clear
HATP-10260905085638.fits,observations\2026-09-05\HATP-10\session_01\HATP-10260905085638.fits,HATP-10,2026-09-05T01:56:38.366-0700,2026-09-05,,Clear
HATP-10260905090251.fits,observations\2026-09-05\HATP-10\session_01\HATP-10260905090251.fits,HATP-10,2026-09-05T02:02:51.346-0700,2026-09-05,,Clear
HATP-10260905090903.fits,observations\2026-09-05\HATP-10\session_01\HATP-10260905090903.fits,HATP-10,2026-09-05T02:09:03.281-0700,2026-09-05,,Clear
HATP-10260905091516.fits,observations\2026-09-05\HATP-10\session_01\HATP-10260905091516.fits,HATP-10,2026-09-05T02:15:16.040-0700,2026-09-05,,Clear
HATP-10260905092127.fits,observations\2026-09-05\HATP-10\session_01\HATP-10260905092127.fits,HATP-10,2026-09-05T02:21:27.901-0700,2026-09-05,,Clear
HATP-10260905092925.fits,observations\2026-09-05\HATP-10\session_01\HATP-10260905092925.fits,HATP-10,2026-09-05T02:29:25.822-0700,2026-09-05,,Clear
HATP-10260905093109.fits,observations\2026-09-05\HATP-10\session_01\HATP-10260905093109.fits,HATP-10,2026-09-05T02:31:09.027-0700,2026-09-05,,Clear
HATP-10260905093253.fits,observations\2026-09-05\HATP-10\session_01\HATP-10260905093253.fits,HATP-10,2026-09-05T02:32:53.212-0700,2026-09-05,,Clear
HATP-10260905093436.fits,observations\2026-09-05\HATP-10\session_01\HATP-10260905093436.fits,HATP-10,2026-09-05T02:34:36.356-0700,2026-09-05,,Clear
HATP-10260905093620.fits,observations\2026-09-05\HATP-10\session_01\HATP-10260905093620.fits,HATP-10,2026-09-05T02:36:20.532-0700,2026-09-05,,Clear
HATP-10260905093803.fits,observations\2026-09-05\HATP-10\session_01\HATP-10260905093803.fits,HATP-10,2026-09-05T02:38:03.688-0700,2026-09-05,,Clear
HATP-10260905093948.fits,observations\2026-09-05\HATP-10\session_01\HATP-10260905093948.fits,HATP-10,2026-09-05T02:39:48.858-0700,2026-09-05,,Clear
HATP-10260905094132.fits,observations\2026-09-05\HATP-10\session_01\HATP-10260905094132.fits,HATP-10,2026-09-05T02:41:32.055-0700,2026-09-05,,Clear
HATP-10260905094316.fits,observations\2026-09-05\HATP-10\session_01\HATP-10260905094316.fits,HATP-10,2026-09-05T02:43:16.256-0700,2026-09-05,,Clear
HATP-10260905094501.fits,observations\2026-09-05\HATP-10\session_01\HATP-10260905094501.fits,HATP-10,2026-09-05T02:45:01.405-0700,2026-09-05,,Clear
HATP-10260905094645.fits,observations\2026-09-05\HATP-10\session_01\HATP-10260905094645.fits,HATP-10,2026-09-05T02:46:45.550-0700,2026-09-05,,Clear
HATP-10260905094830.fits,observations\2026-09-05\HATP-10\session_01\HATP-10260905094830.fits,HATP-10,2026-09-05T02:48:30.733-0700,2026-09-05,,Clear
HATP-10260905095013.fits,observations\2026-09-05\HATP-10\session_01\HATP-10260905095013.fits,HATP-10,2026-09-05T02:50:13.866-0700,2026-09-05,,Clear
HATP-10260905095157.fits,observations\2026-09-05\HATP-10\session_01\HATP-10260905095157.fits,HATP-10,2026-09-05T02:51:57.095-0700,2026-09-05,,Clear
HATP-10260905095340.fits,observations\2026-09-05\HATP-10\session_01\HATP-10260905095340.fits,HATP-10,2026-09-05T02:53:40.291-0700,2026-09-05,,Clear
HATP-10260905095523.fits,observations\2026-09-05\HATP-10\session_01\HATP-10260905095523.fits,HATP-10,2026-09-05T02:55:23.491-0700,2026-09-05,,Clear
HATP-10260905095706.fits,observations\2026-09-05\HATP-10\session_01\HATP-10260905095706.fits,HATP-10,2026-09-05T02:57:06.622-0700,2026-09-05,,Clear
HATP-10260905095849.fits,observations\2026-09-05\HATP-10\session_01\HATP-10260905095849.fits,HATP-10,2026-09-05T02:58:49.839-0700,2026-09-05,,Clear
HATP-10260905100034.fits,observations\2026-09-05\HATP-10\session_01\HATP-10260905100034.fits,HATP-10,2026-09-05T03:00:34.034-0700,2026-09-05,,Clear
HATP-10260905100217.fits,observations\2026-09-05\HATP-10\session_01\HATP-10260905100217.fits,HATP-10,2026-09-05T03:02:17.190-0700,2026-09-05,,Clear
HATP-10260905100401.fits,observations\2026-09-05\HATP-10\session_01\HATP-10260905100401.fits,HATP-10,2026-09-05T03:04:01.407-0700,2026-09-05,,Clear
HATP-10260905100546.fits,observations\2026-09-05\HATP-10\session_01\HATP-10260905100546.fits,HATP-10,2026-09-05T03:05:46.609-0700,2026-09-05,,Clear
HATP-10260905100731.fits,observations\2026-09-05\HATP-10\session_01\HATP-10260905100731.fits,HATP-10,2026-09-05T03:07:31.838-0700,2026-09-05,,Clear
HATP-10260905100915.fits,observations\2026-09-05\HATP-10\session_01\HATP-10260905100915.fits,HATP-10,2026-09-05T03:09:15.036-0700,2026-09-05,,Clear
HATP-10260905101058.fits,observations\2026-09-05\HATP-10\session_01\HATP-10260905101058.fits,HATP-10,2026-09-05T03:10:58.240-0700,2026-09-05,,Clear
HATP-10260905101241.fits,observations\2026-09-05\HATP-10\session_01\HATP-10260905101241.fits,HATP-10,2026-09-05T03:12:41.354-0700,2026-09-05,,Clear
HATP-10260905101424.fits,observations\2026-09-05\HATP-10\session_01\HATP-10260905101424.fits,HATP-10,2026-09-05T03:14:24.489-0700,2026-09-05,,Clear
HATP-10260905101608.fits,observations\2026-09-05\HATP-10\session_01\HATP-10260905101608.fits,HATP-10,2026-09-05T03:16:08.718-0700,2026-09-05,,Clear
HATP-10260905101752.fits,observations\2026-09-05\HATP-10\session_01\HATP-10260905101752.fits,HATP-10,2026-09-05T03:17:52.863-0700,2026-09-05,,Clear
HATP-10260905101937.fits,observations\2026-09-05\HATP-10\session_01\HATP-10260905101937.fits,HATP-10,2026-09-05T03:19:37.066-0700,2026-09-05,,Clear
HATP-10260905102121.fits,observations\2026-09-05\HATP-10\session_01\HATP-10260905102121.fits,HATP-10,2026-09-05T03:21:21.312-0700,2026-09-05,,Clear
HATP-10260905102304.fits,observations\2026-09-05\HATP-10\session_01\HATP-10260905102304.fits,HATP-10,2026-09-05T03:23:04.458-0700,2026-09-05,,Clear
HATP-10260905102448.fits,observations\2026-09-05\HATP-10\session_01\HATP-10260905102448.fits,HATP-10,2026-09-05T03:24:48.674-0700,2026-09-05,,Clear
HATP-10260905102632.fits,observations\2026-09-05\HATP-10\session_01\HATP-10260905102632.fits,HATP-10,2026-09-05T03:26:32.821-0700,2026-09-05,,Clear
HATP-10260905102817.fits,observations\2026-09-05\HATP-10\session_01\HATP-10260905102817.fits,HATP-10,2026-09-05T03:28:17.977-0700,2026-09-05,,Clear
HATP-10260905103001.fits,observations\2026-09-05\HATP-10\session_01\HATP-10260905103001.fits,HATP-10,2026-09-05T03:30:01.166-0700,2026-09-05,,Clear
HATP-10260905103146.fits,observations\2026-09-05\HATP-10\session_01\HATP-10260905103146.fits,HATP-10,2026-09-05T03:31:46.337-0700,2026-09-05,,Clear
HATP-10260905103329.fits,observations\2026-09-05\HATP-10\session_01\HATP-10260905103329.fits,HATP-10,2026-09-05T03:33:29.529-0700,2026-09-05,,Clear
HATP-10260905103513.fits,observations\2026-09-05\HATP-10\session_01\HATP-10260905103513.fits,HATP-10,2026-09-05T03:35:13.704-0700,2026-09-05,,Clear
HATP-10260905103656.fits,observations\2026-09-05\HATP-10\session_01\HATP-10260905103656.fits,HATP-10,2026-09-05T03:36:56.892-0700,2026-09-05,,Clear
HATP-10260905103840.fits,observations\2026-09-05\HATP-10\session_01\HATP-10260905103840.fits,HATP-10,2026-09-05T03:38:40.024-0700,2026-09-05,,Clear
HATP-10260905104026.fits,observations\2026-09-05\HATP-10\session_01\HATP-10260905104026.fits,HATP-10,2026-09-05T03:40:26.200-0700,2026-09-05,,Clear
HATP-10260905104215.fits,observations\2026-09-05\HATP-10\session_01\HATP-10260905104215.fits,HATP-10,2026-09-05T03:42:15.484-0700,2026-09-05,,Clear
HATP-10260905104515.fits,observations\2026-09-05\HATP-10\session_01\HATP-10260905104515.fits,HATP-10,2026-09-05T03:45:15.931-0700,2026-09-05,,Clear
HATP-10260905104815.fits,observations\2026-09-05\HATP-10\session_01\HATP-10260905104815.fits,HATP-10,2026-09-05T03:48:15.330-0700,2026-09-05,,Clear
HATP-10260905105115.fits,observations\2026-09-05\HATP-10\session_01\HATP-10260905105115.fits,HATP-10,2026-09-05T03:51:15.676-0700,2026-09-05,,Clear
HATP-10260905105416.fits,observations\2026-09-05\HATP-10\session_01\HATP-10260905105416.fits,HATP-10,2026-09-05T03:54:16.054-0700,2026-09-05,,Clear
HATP-10260905105715.fits,observations\2026-09-05\HATP-10\session_01\HATP-10260905105715.fits,HATP-10,2026-09-05T03:57:15.385-0700,2026-09-05,,Clear
HATP-10260905110015.fits,observations\2026-09-05\HATP-10\session_01\HATP-10260905110015.fits,HATP-10,2026-09-05T04:00:15.720-0700,2026-09-05,,Clear
HATP-10260905110315.fits,observations\2026-09-05\HATP-10\session_01\HATP-10260905110315.fits,HATP-10,2026-09-05T04:03:15.256-0700,2026-09-05,,Clear
HATP-10260905110616.fits,observations\2026-09-05\HATP-10\session_01\HATP-10260905110616.fits,HATP-10,2026-09-05T04:06:16.688-0700,2026-09-05,,Clear
HATP-10260905110916.fits,observations\2026-09-05\HATP-10\session_01\HATP-10260905110916.fits,HATP-10,2026-09-05T04:09:16.116-0700,2026-09-05,,Clear
HATP-10260905111215.fits,observations\2026-09-05\HATP-10\session_01\HATP-10260905111215.fits,HATP-10,2026-09-05T04:12:15.503-0700,2026-09-05,,Clear
HATP-10260905111515.fits,observations\2026-09-05\HATP-10\session_01\HATP-10260905111515.fits,HATP-10,2026-09-05T04:15:15.881-0700,2026-09-05,,Clear
HATP-10260905111815.fits,observations\2026-09-05\HATP-10\session_01\HATP-10260905111815.fits,HATP-10,2026-09-05T04:18:15.251-0700,2026-09-05,,Clear
HATP-10260905112115.fits,observations\2026-09-05\HATP-10\session_01\HATP-10260905112115.fits,HATP-10,2026-09-05T04:21:15.616-0700,2026-09-05,,Clear
HATP-10260905112415.fits,observations\2026-09-05\HATP-10\session_01\HATP-10260905112415.fits,HATP-10,2026-09-05T04:24:16.001-0700,2026-09-05,,Clear
HATP-10260905112716.fits,observations\2026-09-05\HATP-10\session_01\HATP-10260905112716.fits,HATP-10,2026-09-05T04:27:16.416-0700,2026-09-05,,Clear
HATP-10260905113015.fits,observations\2026-09-05\HATP-10\session_01\HATP-10260905113015.fits,HATP-10,2026-09-05T04:30:15.787-0700,2026-09-05,,Clear
HATP-10260905113316.fits,observations\2026-09-05\HATP-10\session_01\HATP-10260905113316.fits,HATP-10,2026-09-05T04:33:16.169-0700,2026-09-05,,Clear
HATP-10260905113615.fits,observations\2026-09-05\HATP-10\session_01\HATP-10260905113615.fits,HATP-10,2026-09-05T04:36:15.523-0700,2026-09-05,,Clear
HATP-10260905113916.fits,observations\2026-09-05\HATP-10\session_01\HATP-10260905113916.fits,HATP-10,2026-09-05T04:39:16.927-0700,2026-09-05,,Clear
HATP-10260905114216.fits,observations\2026-09-05\HATP-10\session_01\HATP-10260905114216.fits,HATP-10,2026-09-05T04:42:16.224-0700,2026-09-05,,Clear
HATP-10260905114516.fits,observations\2026-09-05\HATP-10\session_01\HATP-10260905114516.fits,HATP-10,2026-09-05T04:45:16.572-0700,2026-09-05,,Clear
HATP-10260905114815.fits,observations\2026-09-05\HATP-10\session_01\HATP-10260905114815.fits,HATP-10,2026-09-05T04:48:15.956-0700,2026-09-05,,Clear
HATP-10260905115115.fits,observations\2026-09-05\HATP-10\session_01\HATP-10260905115115.fits,HATP-10,2026-09-05T04:51:15.353-0700,2026-09-05,,Clear
HATP-10260905115415.fits,observations\2026-09-05\HATP-10\session_01\HATP-10260905115415.fits,HATP-10,2026-09-05T04:54:15.686-0700,2026-09-05,,Clear
HATP-10260905115715.fits,observations\2026-09-05\HATP-10\session_01\HATP-10260905115715.fits,HATP-10,2026-09-05T04:57:15.981-0700,2026-09-05,,Clear
HATP-10260905120015.fits,observations\2026-09-05\HATP-10\session_01\HATP-10260905120015.fits,HATP-10,2026-09-05T05:00:15.235-0700,2026-09-05,,Clear
HATP-10260905120315.fits,observations\2026-09-05\HATP-10\session_01\HATP-10260905120315.fits,HATP-10,2026-09-05T05:03:15.529-0700,2026-09-05,,Clear
HATP-10260905120615.fits,observations\2026-09-05\HATP-10\session_01\HATP-10260905120615.fits,HATP-10,2026-09-05T05:06:15.972-0700,2026-09-05,,Clear
HATP-10260905120915.fits,observations\2026-09-05\HATP-10\session_01\HATP-10260905120915.fits,HATP-10,2026-09-05T05:09:15.358-0700,2026-09-05,,Clear
HATP-10260905121518.fits,observations\2026-09-05\HATP-10\session_01\HATP-10260905121518.fits,HATP-10,2026-09-05T05:15:18.792-0700,2026-09-05,,Clear
HATP-10260905122123.fits,observations\2026-09-05\HATP-10\session_01\HATP-10260905122123.fits,HATP-10,2026-09-05T05:21:23.244-0700,2026-09-05,,Clear
